<gpx xmlns:ns3="http://www.garmin.com/xmlschemas/TrackPointExtension/v1" xmlns="http://www.topografix.com/GPX/1/1" xmlns:xsi="http://www.w3.org/2001/XMLSchema-instance" xmlns:ns2="http://www.garmin.com/xmlschemas/GpxExtensions/v3" creator="Garmin Connect" version="1.1" xsi:schemaLocation="http://www.topografix.com/GPX/1/1 http://www.topografix.com/GPX/11.xsd">
  <extensions>
<distance>4878.83</distance>
<average_hr>161.0</average_hr>
<average_speed>2.7709999084472656</average_speed>
<start_time>2026-08-31T23:10:10+00:00</start_time>
<end_time>2026-08-31T23:39:30.597000+00:00</end_time>
<moving_time>1751.661</moving_time>
<elapsed_time>1785.041</elapsed_time>
</extensions>
<metadata>
    <link href="connect.garmin.com">
      <text>Garmin Connect</text>
    </link>
    <time>2026-08-31T23:10:10.000Z</time>
  </metadata>
  <trk>
    <name>杭州市 - 基础训练</name>
    <type>running</type>
    <trkseg>
      <trkpt lat="30.20796001888811588287353515625" lon="120.26326046325266361236572265625">
        <ele>8</ele>
        <time>2026-08-31T23:10:18.000Z</time>
        <extensions>
          <ns3:TrackPointExtension>
            <ns3:atemp>31.0</ns3:atemp>
            <ns3:hr>100</ns3:hr>
            <ns3:cad>86</ns3:cad>
          </ns3:TrackPointExtension>
        </extensions>
      </trkpt>
      <trkpt lat="30.20797334611415863037109375" lon="120.26330388151109218597412109375">
        <ele>8</ele>
        <time>2026-08-31T23:10:19.000Z</time>
        <extensions>
          <ns3:TrackPointExtension>
            <ns3:atemp>31.0</ns3:atemp>
            <ns3:hr>102</ns3:hr>
            <ns3:cad>87</ns3:cad>
          </ns3:TrackPointExtension>
        </extensions>
      </trkpt>
      <trkpt lat="30.207947194576263427734375" lon="120.26333254761993885040283203125">
        <ele>7.80000019073486328125</ele>
        <time>2026-08-31T23:10:20.000Z</time>
        <extensions>
          <ns3:TrackPointExtension>
            <ns3:atemp>31.0</ns3:atemp>
            <ns3:hr>104</ns3:hr>
            <ns3:cad>87</ns3:cad>
          </ns3:TrackPointExtension>
        </extensions>
      </trkpt>
      <trkpt lat="30.2079458534717559814453125" lon="120.2633849345147609710693359375">
        <ele>7.80000019073486328125</ele>
        <time>2026-08-31T23:10:21.000Z</time>
        <extensions>
          <ns3:TrackPointExtension>
            <ns3:atemp>31.0</ns3:atemp>
            <ns3:hr>105</ns3:hr>
            <ns3:cad>88</ns3:cad>
          </ns3:TrackPointExtension>
        </extensions>
      </trkpt>
      <trkpt lat="30.20792967639863491058349609375" lon="120.263413600623607635498046875">
        <ele>7.80000019073486328125</ele>
        <time>2026-08-31T23:10:22.000Z</time>
        <extensions>
          <ns3:TrackPointExtension>
            <ns3:atemp>31.0</ns3:atemp>
            <ns3:hr>106</ns3:hr>
            <ns3:cad>88</ns3:cad>
          </ns3:TrackPointExtension>
        </extensions>
      </trkpt>
      <trkpt lat="30.2079326100647449493408203125" lon="120.2634446136653423309326171875">
        <ele>7.599999904632568359375</ele>
        <time>2026-08-31T23:10:23.000Z</time>
        <extensions>
          <ns3:TrackPointExtension>
            <ns3:atemp>31.0</ns3:atemp>
            <ns3:hr>108</ns3:hr>
            <ns3:cad>88</ns3:cad>
          </ns3:TrackPointExtension>
        </extensions>
      </trkpt>
      <trkpt lat="30.207922048866748809814453125" lon="120.2634741179645061492919921875">
        <ele>7.599999904632568359375</ele>
        <time>2026-08-31T23:10:24.000Z</time>
        <extensions>
          <ns3:TrackPointExtension>
            <ns3:atemp>31.0</ns3:atemp>
            <ns3:hr>109</ns3:hr>
            <ns3:cad>89</ns3:cad>
          </ns3:TrackPointExtension>
        </extensions>
      </trkpt>
      <trkpt lat="30.20791693590581417083740234375" lon="120.26351175270974636077880859375">
        <ele>7.599999904632568359375</ele>
        <time>2026-08-31T23:10:25.000Z</time>
        <extensions>
          <ns3:TrackPointExtension>
            <ns3:atemp>31.0</ns3:atemp>
            <ns3:hr>111</ns3:hr>
            <ns3:cad>89</ns3:cad>
          </ns3:TrackPointExtension>
        </extensions>
      </trkpt>
      <trkpt lat="30.207907967269420623779296875" lon="120.26354896835982799530029296875">
        <ele>7.599999904632568359375</ele>
        <time>2026-08-31T23:10:26.000Z</time>
        <extensions>
          <ns3:TrackPointExtension>
            <ns3:atemp>31.0</ns3:atemp>
            <ns3:hr>113</ns3:hr>
            <ns3:cad>89</ns3:cad>
          </ns3:TrackPointExtension>
        </extensions>
      </trkpt>
      <trkpt lat="30.20789547823369503021240234375" lon="120.26358626782894134521484375">
        <ele>7.599999904632568359375</ele>
        <time>2026-08-31T23:10:27.000Z</time>
        <extensions>
          <ns3:TrackPointExtension>
            <ns3:atemp>31.0</ns3:atemp>
            <ns3:hr>114</ns3:hr>
            <ns3:cad>89</ns3:cad>
          </ns3:TrackPointExtension>
        </extensions>
      </trkpt>
      <trkpt lat="30.20788349211215972900390625" lon="120.26361602358520030975341796875">
        <ele>7.400000095367431640625</ele>
        <time>2026-08-31T23:10:28.000Z</time>
        <extensions>
          <ns3:TrackPointExtension>
            <ns3:atemp>31.0</ns3:atemp>
            <ns3:hr>115</ns3:hr>
            <ns3:cad>89</ns3:cad>
          </ns3:TrackPointExtension>
        </extensions>
      </trkpt>
      <trkpt lat="30.2078880183398723602294921875" lon="120.26364183984696865081787109375">
        <ele>7.400000095367431640625</ele>
        <time>2026-08-31T23:10:29.000Z</time>
        <extensions>
          <ns3:TrackPointExtension>
            <ns3:atemp>31.0</ns3:atemp>
            <ns3:hr>117</ns3:hr>
            <ns3:cad>88</ns3:cad>
          </ns3:TrackPointExtension>
        </extensions>
      </trkpt>
      <trkpt lat="30.20790553651750087738037109375" lon="120.26365323923528194427490234375">
        <ele>7.400000095367431640625</ele>
        <time>2026-08-31T23:10:30.000Z</time>
        <extensions>
          <ns3:TrackPointExtension>
            <ns3:atemp>31.0</ns3:atemp>
            <ns3:hr>118</ns3:hr>
            <ns3:cad>87</ns3:cad>
          </ns3:TrackPointExtension>
        </extensions>
      </trkpt>
      <trkpt lat="30.2079342864453792572021484375" lon="120.26366346515715122222900390625">
        <ele>7.400000095367431640625</ele>
        <time>2026-08-31T23:10:31.000Z</time>
        <extensions>
          <ns3:TrackPointExtension>
            <ns3:atemp>31.0</ns3:atemp>
            <ns3:hr>118</ns3:hr>
            <ns3:cad>87</ns3:cad>
          </ns3:TrackPointExtension>
        </extensions>
      </trkpt>
      <trkpt lat="30.2079691551625728607177734375" lon="120.26367419399321079254150390625">
        <ele>7.400000095367431640625</ele>
        <time>2026-08-31T23:10:32.000Z</time>
        <extensions>
          <ns3:TrackPointExtension>
            <ns3:atemp>31.0</ns3:atemp>
            <ns3:hr>119</ns3:hr>
            <ns3:cad>87</ns3:cad>
          </ns3:TrackPointExtension>
        </extensions>
      </trkpt>
      <trkpt lat="30.20799471996724605560302734375" lon="120.2636759541928768157958984375">
        <ele>7.19999980926513671875</ele>
        <time>2026-08-31T23:10:33.000Z</time>
        <extensions>
          <ns3:TrackPointExtension>
            <ns3:atemp>31.0</ns3:atemp>
            <ns3:hr>120</ns3:hr>
            <ns3:cad>86</ns3:cad>
          </ns3:TrackPointExtension>
        </extensions>
      </trkpt>
      <trkpt lat="30.20803042687475681304931640625" lon="120.26368089951574802398681640625">
        <ele>7.19999980926513671875</ele>
        <time>2026-08-31T23:10:34.000Z</time>
        <extensions>
          <ns3:TrackPointExtension>
            <ns3:atemp>31.0</ns3:atemp>
            <ns3:hr>121</ns3:hr>
            <ns3:cad>86</ns3:cad>
          </ns3:TrackPointExtension>
        </extensions>
      </trkpt>
      <trkpt lat="30.20805205218493938446044921875" lon="120.2636816538870334625244140625">
        <ele>7.19999980926513671875</ele>
        <time>2026-08-31T23:10:35.000Z</time>
        <extensions>
          <ns3:TrackPointExtension>
            <ns3:atemp>31.0</ns3:atemp>
            <ns3:hr>122</ns3:hr>
            <ns3:cad>86</ns3:cad>
          </ns3:TrackPointExtension>
        </extensions>
      </trkpt>
      <trkpt lat="30.208082981407642364501953125" lon="120.26368844322860240936279296875">
        <ele>7.19999980926513671875</ele>
        <time>2026-08-31T23:10:36.000Z</time>
        <extensions>
          <ns3:TrackPointExtension>
            <ns3:atemp>31.0</ns3:atemp>
            <ns3:hr>122</ns3:hr>
            <ns3:cad>86</ns3:cad>
          </ns3:TrackPointExtension>
        </extensions>
      </trkpt>
      <trkpt lat="30.2081106416881084442138671875" lon="120.26369623839855194091796875">
        <ele>7.19999980926513671875</ele>
        <time>2026-08-31T23:10:37.000Z</time>
        <extensions>
          <ns3:TrackPointExtension>
            <ns3:atemp>31.0</ns3:atemp>
            <ns3:hr>123</ns3:hr>
            <ns3:cad>86</ns3:cad>
          </ns3:TrackPointExtension>
        </extensions>
      </trkpt>
      <trkpt lat="30.2081377990543842315673828125" lon="120.26370420120656490325927734375">
        <ele>7.19999980926513671875</ele>
        <time>2026-08-31T23:10:38.000Z</time>
        <extensions>
          <ns3:TrackPointExtension>
            <ns3:atemp>31.0</ns3:atemp>
            <ns3:hr>124</ns3:hr>
            <ns3:cad>87</ns3:cad>
          </ns3:TrackPointExtension>
        </extensions>
      </trkpt>
      <trkpt lat="30.20815934054553508758544921875" lon="120.2637131698429584503173828125">
        <ele>7.19999980926513671875</ele>
        <time>2026-08-31T23:10:39.000Z</time>
        <extensions>
          <ns3:TrackPointExtension>
            <ns3:atemp>31.0</ns3:atemp>
            <ns3:hr>125</ns3:hr>
            <ns3:cad>88</ns3:cad>
          </ns3:TrackPointExtension>
        </extensions>
      </trkpt>
      <trkpt lat="30.20818264223635196685791015625" lon="120.263716690242290496826171875">
        <ele>7.19999980926513671875</ele>
        <time>2026-08-31T23:10:40.000Z</time>
        <extensions>
          <ns3:TrackPointExtension>
            <ns3:atemp>31.0</ns3:atemp>
            <ns3:hr>126</ns3:hr>
            <ns3:cad>89</ns3:cad>
          </ns3:TrackPointExtension>
        </extensions>
      </trkpt>
      <trkpt lat="30.20820594392716884613037109375" lon="120.26371710933744907379150390625">
        <ele>7.19999980926513671875</ele>
        <time>2026-08-31T23:10:41.000Z</time>
        <extensions>
          <ns3:TrackPointExtension>
            <ns3:atemp>31.0</ns3:atemp>
            <ns3:hr>127</ns3:hr>
            <ns3:cad>89</ns3:cad>
          </ns3:TrackPointExtension>
        </extensions>
      </trkpt>
      <trkpt lat="30.20821851678192615509033203125" lon="120.26371233165264129638671875">
        <ele>7.19999980926513671875</ele>
        <time>2026-08-31T23:10:42.000Z</time>
        <extensions>
          <ns3:TrackPointExtension>
            <ns3:atemp>31.0</ns3:atemp>
            <ns3:hr>128</ns3:hr>
            <ns3:cad>88</ns3:cad>
          </ns3:TrackPointExtension>
        </extensions>
      </trkpt>
      <trkpt lat="30.20824098028242588043212890625" lon="120.26371241547167301177978515625">
        <ele>7.19999980926513671875</ele>
        <time>2026-08-31T23:10:43.000Z</time>
        <extensions>
          <ns3:TrackPointExtension>
            <ns3:atemp>31.0</ns3:atemp>
            <ns3:hr>128</ns3:hr>
            <ns3:cad>87</ns3:cad>
          </ns3:TrackPointExtension>
        </extensions>
      </trkpt>
      <trkpt lat="30.208261013031005859375" lon="120.26371325366199016571044921875">
        <ele>7</ele>
        <time>2026-08-31T23:10:44.000Z</time>
        <extensions>
          <ns3:TrackPointExtension>
            <ns3:atemp>31.0</ns3:atemp>
            <ns3:hr>129</ns3:hr>
            <ns3:cad>87</ns3:cad>
          </ns3:TrackPointExtension>
        </extensions>
      </trkpt>
      <trkpt lat="30.208290852606296539306640625" lon="120.26371912099421024322509765625">
        <ele>7</ele>
        <time>2026-08-31T23:10:45.000Z</time>
        <extensions>
          <ns3:TrackPointExtension>
            <ns3:atemp>31.0</ns3:atemp>
            <ns3:hr>130</ns3:hr>
            <ns3:cad>88</ns3:cad>
          </ns3:TrackPointExtension>
        </extensions>
      </trkpt>
      <trkpt lat="30.20831666886806488037109375" lon="120.26372079737484455108642578125">
        <ele>7</ele>
        <time>2026-08-31T23:10:46.000Z</time>
        <extensions>
          <ns3:TrackPointExtension>
            <ns3:atemp>31.0</ns3:atemp>
            <ns3:hr>130</ns3:hr>
            <ns3:cad>88</ns3:cad>
          </ns3:TrackPointExtension>
        </extensions>
      </trkpt>
      <trkpt lat="30.208348520100116729736328125" lon="120.26372482068836688995361328125">
        <ele>7</ele>
        <time>2026-08-31T23:10:47.000Z</time>
        <extensions>
          <ns3:TrackPointExtension>
            <ns3:atemp>31.0</ns3:atemp>
            <ns3:hr>130</ns3:hr>
            <ns3:cad>88</ns3:cad>
          </ns3:TrackPointExtension>
        </extensions>
      </trkpt>
      <trkpt lat="30.208376012742519378662109375" lon="120.263728760182857513427734375">
        <ele>6.80000019073486328125</ele>
        <time>2026-08-31T23:10:48.000Z</time>
        <extensions>
          <ns3:TrackPointExtension>
            <ns3:atemp>31.0</ns3:atemp>
            <ns3:hr>131</ns3:hr>
            <ns3:cad>88</ns3:cad>
          </ns3:TrackPointExtension>
        </extensions>
      </trkpt>
      <trkpt lat="30.2084073610603809356689453125" lon="120.26373135857284069061279296875">
        <ele>6.80000019073486328125</ele>
        <time>2026-08-31T23:10:49.000Z</time>
        <extensions>
          <ns3:TrackPointExtension>
            <ns3:atemp>31.0</ns3:atemp>
            <ns3:hr>131</ns3:hr>
            <ns3:cad>88</ns3:cad>
          </ns3:TrackPointExtension>
        </extensions>
      </trkpt>
      <trkpt lat="30.20842957310378551483154296875" lon="120.26373622007668018341064453125">
        <ele>6.80000019073486328125</ele>
        <time>2026-08-31T23:10:50.000Z</time>
        <extensions>
          <ns3:TrackPointExtension>
            <ns3:atemp>31.0</ns3:atemp>
            <ns3:hr>131</ns3:hr>
            <ns3:cad>89</ns3:cad>
          </ns3:TrackPointExtension>
        </extensions>
      </trkpt>
      <trkpt lat="30.20845924504101276397705078125" lon="120.26374393142759799957275390625">
        <ele>6.80000019073486328125</ele>
        <time>2026-08-31T23:10:51.000Z</time>
        <extensions>
          <ns3:TrackPointExtension>
            <ns3:atemp>31.0</ns3:atemp>
            <ns3:hr>131</ns3:hr>
            <ns3:cad>89</ns3:cad>
          </ns3:TrackPointExtension>
        </extensions>
      </trkpt>
      <trkpt lat="30.2084849774837493896484375" lon="120.26374829001724720001220703125">
        <ele>6.80000019073486328125</ele>
        <time>2026-08-31T23:10:52.000Z</time>
        <extensions>
          <ns3:TrackPointExtension>
            <ns3:atemp>31.0</ns3:atemp>
            <ns3:hr>132</ns3:hr>
            <ns3:cad>89</ns3:cad>
          </ns3:TrackPointExtension>
        </extensions>
      </trkpt>
      <trkpt lat="30.208512134850025177001953125" lon="120.2637507207691669464111328125">
        <ele>6.80000019073486328125</ele>
        <time>2026-08-31T23:10:53.000Z</time>
        <extensions>
          <ns3:TrackPointExtension>
            <ns3:atemp>31.0</ns3:atemp>
            <ns3:hr>133</ns3:hr>
            <ns3:cad>89</ns3:cad>
          </ns3:TrackPointExtension>
        </extensions>
      </trkpt>
      <trkpt lat="30.2085320837795734405517578125" lon="120.26374493725597858428955078125">
        <ele>7</ele>
        <time>2026-08-31T23:10:54.000Z</time>
        <extensions>
          <ns3:TrackPointExtension>
            <ns3:atemp>31.0</ns3:atemp>
            <ns3:hr>133</ns3:hr>
            <ns3:cad>89</ns3:cad>
          </ns3:TrackPointExtension>
        </extensions>
      </trkpt>
      <trkpt lat="30.20855672657489776611328125" lon="120.263737477362155914306640625">
        <ele>7</ele>
        <time>2026-08-31T23:10:55.000Z</time>
        <extensions>
          <ns3:TrackPointExtension>
            <ns3:atemp>31.0</ns3:atemp>
            <ns3:hr>133</ns3:hr>
            <ns3:cad>89</ns3:cad>
          </ns3:TrackPointExtension>
        </extensions>
      </trkpt>
      <trkpt lat="30.2085766755044460296630859375" lon="120.263722725212574005126953125">
        <ele>7</ele>
        <time>2026-08-31T23:10:56.000Z</time>
        <extensions>
          <ns3:TrackPointExtension>
            <ns3:atemp>31.0</ns3:atemp>
            <ns3:hr>133</ns3:hr>
            <ns3:cad>89</ns3:cad>
          </ns3:TrackPointExtension>
        </extensions>
      </trkpt>
      <trkpt lat="30.2085857279598712921142578125" lon="120.2637034468352794647216796875">
        <ele>7</ele>
        <time>2026-08-31T23:10:57.000Z</time>
        <extensions>
          <ns3:TrackPointExtension>
            <ns3:atemp>31.0</ns3:atemp>
            <ns3:hr>134</ns3:hr>
            <ns3:cad>89</ns3:cad>
          </ns3:TrackPointExtension>
        </extensions>
      </trkpt>
      <trkpt lat="30.20859553478658199310302734375" lon="120.2636712603271007537841796875">
        <ele>7</ele>
        <time>2026-08-31T23:10:58.000Z</time>
        <extensions>
          <ns3:TrackPointExtension>
            <ns3:atemp>31.0</ns3:atemp>
            <ns3:hr>133</ns3:hr>
            <ns3:cad>88</ns3:cad>
          </ns3:TrackPointExtension>
        </extensions>
      </trkpt>
      <trkpt lat="30.208599306643009185791015625" lon="120.263638235628604888916015625">
        <ele>7</ele>
        <time>2026-08-31T23:10:59.000Z</time>
        <extensions>
          <ns3:TrackPointExtension>
            <ns3:atemp>31.0</ns3:atemp>
            <ns3:hr>133</ns3:hr>
            <ns3:cad>88</ns3:cad>
          </ns3:TrackPointExtension>
        </extensions>
      </trkpt>
      <trkpt lat="30.20860902965068817138671875" lon="120.26360210962593555450439453125">
        <ele>7</ele>
        <time>2026-08-31T23:11:00.000Z</time>
        <extensions>
          <ns3:TrackPointExtension>
            <ns3:atemp>31.0</ns3:atemp>
            <ns3:hr>133</ns3:hr>
            <ns3:cad>88</ns3:cad>
          </ns3:TrackPointExtension>
        </extensions>
      </trkpt>
      <trkpt lat="30.2086212672293186187744140625" lon="120.26355919428169727325439453125">
        <ele>7</ele>
        <time>2026-08-31T23:11:01.000Z</time>
        <extensions>
          <ns3:TrackPointExtension>
            <ns3:atemp>31.0</ns3:atemp>
            <ns3:hr>132</ns3:hr>
            <ns3:cad>88</ns3:cad>
          </ns3:TrackPointExtension>
        </extensions>
      </trkpt>
      <trkpt lat="30.2086298167705535888671875" lon="120.2635291032493114471435546875">
        <ele>7</ele>
        <time>2026-08-31T23:11:02.000Z</time>
        <extensions>
          <ns3:TrackPointExtension>
            <ns3:atemp>31.0</ns3:atemp>
            <ns3:hr>133</ns3:hr>
            <ns3:cad>88</ns3:cad>
          </ns3:TrackPointExtension>
        </extensions>
      </trkpt>
      <trkpt lat="30.20863560028374195098876953125" lon="120.26349213905632495880126953125">
        <ele>6.80000019073486328125</ele>
        <time>2026-08-31T23:11:03.000Z</time>
        <extensions>
          <ns3:TrackPointExtension>
            <ns3:atemp>31.0</ns3:atemp>
            <ns3:hr>133</ns3:hr>
            <ns3:cad>88</ns3:cad>
          </ns3:TrackPointExtension>
        </extensions>
      </trkpt>
      <trkpt lat="30.20863928832113742828369140625" lon="120.26345911435782909393310546875">
        <ele>6.80000019073486328125</ele>
        <time>2026-08-31T23:11:04.000Z</time>
        <extensions>
          <ns3:TrackPointExtension>
            <ns3:atemp>31.0</ns3:atemp>
            <ns3:hr>133</ns3:hr>
            <ns3:cad>88</ns3:cad>
          </ns3:TrackPointExtension>
        </extensions>
      </trkpt>
      <trkpt lat="30.208640880882740020751953125" lon="120.26342608965933322906494140625">
        <ele>6.80000019073486328125</ele>
        <time>2026-08-31T23:11:05.000Z</time>
        <extensions>
          <ns3:TrackPointExtension>
            <ns3:atemp>31.0</ns3:atemp>
            <ns3:hr>133</ns3:hr>
            <ns3:cad>87</ns3:cad>
          </ns3:TrackPointExtension>
        </extensions>
      </trkpt>
      <trkpt lat="30.2086487598717212677001953125" lon="120.2633897960186004638671875">
        <ele>6.80000019073486328125</ele>
        <time>2026-08-31T23:11:06.000Z</time>
        <extensions>
          <ns3:TrackPointExtension>
            <ns3:atemp>31.0</ns3:atemp>
            <ns3:hr>133</ns3:hr>
            <ns3:cad>87</ns3:cad>
          </ns3:TrackPointExtension>
        </extensions>
      </trkpt>
      <trkpt lat="30.20865035243332386016845703125" lon="120.2633591182529926300048828125">
        <ele>6.80000019073486328125</ele>
        <time>2026-08-31T23:11:07.000Z</time>
        <extensions>
          <ns3:TrackPointExtension>
            <ns3:atemp>31.0</ns3:atemp>
            <ns3:hr>134</ns3:hr>
            <ns3:cad>87</ns3:cad>
          </ns3:TrackPointExtension>
        </extensions>
      </trkpt>
      <trkpt lat="30.2086527831852436065673828125" lon="120.26332207024097442626953125">
        <ele>6.80000019073486328125</ele>
        <time>2026-08-31T23:11:08.000Z</time>
        <extensions>
          <ns3:TrackPointExtension>
            <ns3:atemp>31.0</ns3:atemp>
            <ns3:hr>134</ns3:hr>
            <ns3:cad>87</ns3:cad>
          </ns3:TrackPointExtension>
        </extensions>
      </trkpt>
      <trkpt lat="30.208653621375560760498046875" lon="120.26329432614147663116455078125">
        <ele>6.80000019073486328125</ele>
        <time>2026-08-31T23:11:09.000Z</time>
        <extensions>
          <ns3:TrackPointExtension>
            <ns3:atemp>31.0</ns3:atemp>
            <ns3:hr>134</ns3:hr>
            <ns3:cad>87</ns3:cad>
          </ns3:TrackPointExtension>
        </extensions>
      </trkpt>
      <trkpt lat="30.20865672267973423004150390625" lon="120.263260044157505035400390625">
        <ele>7</ele>
        <time>2026-08-31T23:11:10.000Z</time>
        <extensions>
          <ns3:TrackPointExtension>
            <ns3:atemp>31.0</ns3:atemp>
            <ns3:hr>134</ns3:hr>
            <ns3:cad>87</ns3:cad>
          </ns3:TrackPointExtension>
        </extensions>
      </trkpt>
      <trkpt lat="30.2086541242897510528564453125" lon="120.26323162950575351715087890625">
        <ele>7</ele>
        <time>2026-08-31T23:11:11.000Z</time>
        <extensions>
          <ns3:TrackPointExtension>
            <ns3:atemp>31.0</ns3:atemp>
            <ns3:hr>134</ns3:hr>
            <ns3:cad>87</ns3:cad>
          </ns3:TrackPointExtension>
        </extensions>
      </trkpt>
      <trkpt lat="30.2086494304239749908447265625" lon="120.263194330036640167236328125">
        <ele>7</ele>
        <time>2026-08-31T23:11:12.000Z</time>
        <extensions>
          <ns3:TrackPointExtension>
            <ns3:atemp>31.0</ns3:atemp>
            <ns3:hr>134</ns3:hr>
            <ns3:cad>88</ns3:cad>
          </ns3:TrackPointExtension>
        </extensions>
      </trkpt>
      <trkpt lat="30.20864850841462612152099609375" lon="120.26316583156585693359375">
        <ele>6.80000019073486328125</ele>
        <time>2026-08-31T23:11:13.000Z</time>
        <extensions>
          <ns3:TrackPointExtension>
            <ns3:atemp>31.0</ns3:atemp>
            <ns3:hr>135</ns3:hr>
            <ns3:cad>88</ns3:cad>
          </ns3:TrackPointExtension>
        </extensions>
      </trkpt>
      <trkpt lat="30.20863987505435943603515625" lon="120.26313423179090023040771484375">
        <ele>6.80000019073486328125</ele>
        <time>2026-08-31T23:11:14.000Z</time>
        <extensions>
          <ns3:TrackPointExtension>
            <ns3:atemp>31.0</ns3:atemp>
            <ns3:hr>137</ns3:hr>
            <ns3:cad>88</ns3:cad>
          </ns3:TrackPointExtension>
        </extensions>
      </trkpt>
      <trkpt lat="30.2086405456066131591796875" lon="120.2631056495010852813720703125">
        <ele>7</ele>
        <time>2026-08-31T23:11:15.000Z</time>
        <extensions>
          <ns3:TrackPointExtension>
            <ns3:atemp>31.0</ns3:atemp>
            <ns3:hr>138</ns3:hr>
            <ns3:cad>89</ns3:cad>
          </ns3:TrackPointExtension>
        </extensions>
      </trkpt>
      <trkpt lat="30.20863928832113742828369140625" lon="120.26307119987905025482177734375">
        <ele>7</ele>
        <time>2026-08-31T23:11:16.000Z</time>
        <extensions>
          <ns3:TrackPointExtension>
            <ns3:atemp>31.0</ns3:atemp>
            <ns3:hr>139</ns3:hr>
            <ns3:cad>89</ns3:cad>
          </ns3:TrackPointExtension>
        </extensions>
      </trkpt>
      <trkpt lat="30.2086433954536914825439453125" lon="120.2630384266376495361328125">
        <ele>7</ele>
        <time>2026-08-31T23:11:17.000Z</time>
        <extensions>
          <ns3:TrackPointExtension>
            <ns3:atemp>31.0</ns3:atemp>
            <ns3:hr>140</ns3:hr>
            <ns3:cad>89</ns3:cad>
          </ns3:TrackPointExtension>
        </extensions>
      </trkpt>
      <trkpt lat="30.20864792168140411376953125" lon="120.2630064077675342559814453125">
        <ele>7</ele>
        <time>2026-08-31T23:11:18.000Z</time>
        <extensions>
          <ns3:TrackPointExtension>
            <ns3:atemp>31.0</ns3:atemp>
            <ns3:hr>140</ns3:hr>
            <ns3:cad>88</ns3:cad>
          </ns3:TrackPointExtension>
        </extensions>
      </trkpt>
      <trkpt lat="30.2086566388607025146484375" lon="120.26297346688807010650634765625">
        <ele>7</ele>
        <time>2026-08-31T23:11:19.000Z</time>
        <extensions>
          <ns3:TrackPointExtension>
            <ns3:atemp>31.0</ns3:atemp>
            <ns3:hr>140</ns3:hr>
            <ns3:cad>88</ns3:cad>
          </ns3:TrackPointExtension>
        </extensions>
      </trkpt>
      <trkpt lat="30.20866141654551029205322265625" lon="120.26294144801795482635498046875">
        <ele>7</ele>
        <time>2026-08-31T23:11:20.000Z</time>
        <extensions>
          <ns3:TrackPointExtension>
            <ns3:atemp>31.0</ns3:atemp>
            <ns3:hr>140</ns3:hr>
            <ns3:cad>88</ns3:cad>
          </ns3:TrackPointExtension>
        </extensions>
      </trkpt>
      <trkpt lat="30.20866678096354007720947265625" lon="120.2629058249294757843017578125">
        <ele>7</ele>
        <time>2026-08-31T23:11:21.000Z</time>
        <extensions>
          <ns3:TrackPointExtension>
            <ns3:atemp>31.0</ns3:atemp>
            <ns3:hr>140</ns3:hr>
            <ns3:cad>88</ns3:cad>
          </ns3:TrackPointExtension>
        </extensions>
      </trkpt>
      <trkpt lat="30.2086749114096164703369140625" lon="120.26287657208740711212158203125">
        <ele>7</ele>
        <time>2026-08-31T23:11:22.000Z</time>
        <extensions>
          <ns3:TrackPointExtension>
            <ns3:atemp>31.0</ns3:atemp>
            <ns3:hr>141</ns3:hr>
            <ns3:cad>88</ns3:cad>
          </ns3:TrackPointExtension>
        </extensions>
      </trkpt>
      <trkpt lat="30.20867767743766307830810546875" lon="120.26283466257154941558837890625">
        <ele>7</ele>
        <time>2026-08-31T23:11:23.000Z</time>
        <extensions>
          <ns3:TrackPointExtension>
            <ns3:atemp>31.0</ns3:atemp>
            <ns3:hr>141</ns3:hr>
            <ns3:cad>87</ns3:cad>
          </ns3:TrackPointExtension>
        </extensions>
      </trkpt>
      <trkpt lat="30.20867952145636081695556640625" lon="120.2628096006810665130615234375">
        <ele>7</ele>
        <time>2026-08-31T23:11:24.000Z</time>
        <extensions>
          <ns3:TrackPointExtension>
            <ns3:atemp>31.0</ns3:atemp>
            <ns3:hr>141</ns3:hr>
            <ns3:cad>87</ns3:cad>
          </ns3:TrackPointExtension>
        </extensions>
      </trkpt>
      <trkpt lat="30.20868019200861454010009765625" lon="120.262766182422637939453125">
        <ele>7</ele>
        <time>2026-08-31T23:11:25.000Z</time>
        <extensions>
          <ns3:TrackPointExtension>
            <ns3:atemp>31.0</ns3:atemp>
            <ns3:hr>142</ns3:hr>
            <ns3:cad>87</ns3:cad>
          </ns3:TrackPointExtension>
        </extensions>
      </trkpt>
      <trkpt lat="30.20868572406470775604248046875" lon="120.26273944415152072906494140625">
        <ele>7</ele>
        <time>2026-08-31T23:11:26.000Z</time>
        <extensions>
          <ns3:TrackPointExtension>
            <ns3:atemp>31.0</ns3:atemp>
            <ns3:hr>142</ns3:hr>
            <ns3:cad>87</ns3:cad>
          </ns3:TrackPointExtension>
        </extensions>
      </trkpt>
      <trkpt lat="30.2086861431598663330078125" lon="120.26270340196788311004638671875">
        <ele>7</ele>
        <time>2026-08-31T23:11:27.000Z</time>
        <extensions>
          <ns3:TrackPointExtension>
            <ns3:atemp>31.0</ns3:atemp>
            <ns3:hr>143</ns3:hr>
            <ns3:cad>87</ns3:cad>
          </ns3:TrackPointExtension>
        </extensions>
      </trkpt>
      <trkpt lat="30.2086910046637058258056640625" lon="120.26267775334417819976806640625">
        <ele>7</ele>
        <time>2026-08-31T23:11:28.000Z</time>
        <extensions>
          <ns3:TrackPointExtension>
            <ns3:atemp>31.0</ns3:atemp>
            <ns3:hr>143</ns3:hr>
            <ns3:cad>87</ns3:cad>
          </ns3:TrackPointExtension>
        </extensions>
      </trkpt>
      <trkpt lat="30.20869192667305469512939453125" lon="120.2626479975879192352294921875">
        <ele>7</ele>
        <time>2026-08-31T23:11:29.000Z</time>
        <extensions>
          <ns3:TrackPointExtension>
            <ns3:atemp>31.0</ns3:atemp>
            <ns3:hr>144</ns3:hr>
            <ns3:cad>88</ns3:cad>
          </ns3:TrackPointExtension>
        </extensions>
      </trkpt>
      <trkpt lat="30.20869351923465728759765625" lon="120.2626218460500240325927734375">
        <ele>7</ele>
        <time>2026-08-31T23:11:30.000Z</time>
        <extensions>
          <ns3:TrackPointExtension>
            <ns3:atemp>31.0</ns3:atemp>
            <ns3:hr>144</ns3:hr>
            <ns3:cad>88</ns3:cad>
          </ns3:TrackPointExtension>
        </extensions>
      </trkpt>
      <trkpt lat="30.2086950279772281646728515625" lon="120.2625863067805767059326171875">
        <ele>7</ele>
        <time>2026-08-31T23:11:31.000Z</time>
        <extensions>
          <ns3:TrackPointExtension>
            <ns3:atemp>31.0</ns3:atemp>
            <ns3:hr>145</ns3:hr>
            <ns3:cad>88</ns3:cad>
          </ns3:TrackPointExtension>
        </extensions>
      </trkpt>
      <trkpt lat="30.20869611762464046478271484375" lon="120.26255604811012744903564453125">
        <ele>7</ele>
        <time>2026-08-31T23:11:32.000Z</time>
        <extensions>
          <ns3:TrackPointExtension>
            <ns3:atemp>31.0</ns3:atemp>
            <ns3:hr>145</ns3:hr>
            <ns3:cad>88</ns3:cad>
          </ns3:TrackPointExtension>
        </extensions>
      </trkpt>
      <trkpt lat="30.2086980454623699188232421875" lon="120.26251648552715778350830078125">
        <ele>7</ele>
        <time>2026-08-31T23:11:33.000Z</time>
        <extensions>
          <ns3:TrackPointExtension>
            <ns3:atemp>31.0</ns3:atemp>
            <ns3:hr>146</ns3:hr>
            <ns3:cad>88</ns3:cad>
          </ns3:TrackPointExtension>
        </extensions>
      </trkpt>
      <trkpt lat="30.20871497690677642822265625" lon="120.2624827064573764801025390625">
        <ele>7</ele>
        <time>2026-08-31T23:11:34.000Z</time>
        <extensions>
          <ns3:TrackPointExtension>
            <ns3:atemp>31.0</ns3:atemp>
            <ns3:hr>146</ns3:hr>
            <ns3:cad>88</ns3:cad>
          </ns3:TrackPointExtension>
        </extensions>
      </trkpt>
      <trkpt lat="30.20872109569609165191650390625" lon="120.26245797984302043914794921875">
        <ele>7</ele>
        <time>2026-08-31T23:11:35.000Z</time>
        <extensions>
          <ns3:TrackPointExtension>
            <ns3:atemp>31.0</ns3:atemp>
            <ns3:hr>147</ns3:hr>
            <ns3:cad>88</ns3:cad>
          </ns3:TrackPointExtension>
        </extensions>
      </trkpt>
      <trkpt lat="30.20872444845736026763916015625" lon="120.2624243684113025665283203125">
        <ele>7.19999980926513671875</ele>
        <time>2026-08-31T23:11:36.000Z</time>
        <extensions>
          <ns3:TrackPointExtension>
            <ns3:atemp>31.0</ns3:atemp>
            <ns3:hr>147</ns3:hr>
            <ns3:cad>89</ns3:cad>
          </ns3:TrackPointExtension>
        </extensions>
      </trkpt>
      <trkpt lat="30.2087278850376605987548828125" lon="120.2624012343585491180419921875">
        <ele>7</ele>
        <time>2026-08-31T23:11:37.000Z</time>
        <extensions>
          <ns3:TrackPointExtension>
            <ns3:atemp>31.0</ns3:atemp>
            <ns3:hr>147</ns3:hr>
            <ns3:cad>89</ns3:cad>
          </ns3:TrackPointExtension>
        </extensions>
      </trkpt>
      <trkpt lat="30.2087322436273097991943359375" lon="120.26236058212816715240478515625">
        <ele>7</ele>
        <time>2026-08-31T23:11:38.000Z</time>
        <extensions>
          <ns3:TrackPointExtension>
            <ns3:atemp>31.0</ns3:atemp>
            <ns3:hr>147</ns3:hr>
            <ns3:cad>87</ns3:cad>
          </ns3:TrackPointExtension>
        </extensions>
      </trkpt>
      <trkpt lat="30.208743475377559661865234375" lon="120.262336693704128265380859375">
        <ele>7.19999980926513671875</ele>
        <time>2026-08-31T23:11:39.000Z</time>
        <extensions>
          <ns3:TrackPointExtension>
            <ns3:atemp>31.0</ns3:atemp>
            <ns3:hr>147</ns3:hr>
            <ns3:cad>87</ns3:cad>
          </ns3:TrackPointExtension>
        </extensions>
      </trkpt>
      <trkpt lat="30.2087505161762237548828125" lon="120.26229855604469776153564453125">
        <ele>7.19999980926513671875</ele>
        <time>2026-08-31T23:11:40.000Z</time>
        <extensions>
          <ns3:TrackPointExtension>
            <ns3:atemp>31.0</ns3:atemp>
            <ns3:hr>147</ns3:hr>
            <ns3:cad>86</ns3:cad>
          </ns3:TrackPointExtension>
        </extensions>
      </trkpt>
      <trkpt lat="30.208760239183902740478515625" lon="120.2622605860233306884765625">
        <ele>7.19999980926513671875</ele>
        <time>2026-08-31T23:11:41.000Z</time>
        <extensions>
          <ns3:TrackPointExtension>
            <ns3:atemp>31.0</ns3:atemp>
            <ns3:hr>147</ns3:hr>
            <ns3:cad>86</ns3:cad>
          </ns3:TrackPointExtension>
        </extensions>
      </trkpt>
      <trkpt lat="30.20876283757388591766357421875" lon="120.26222772896289825439453125">
        <ele>7</ele>
        <time>2026-08-31T23:11:42.000Z</time>
        <extensions>
          <ns3:TrackPointExtension>
            <ns3:atemp>31.0</ns3:atemp>
            <ns3:hr>146</ns3:hr>
            <ns3:cad>86</ns3:cad>
          </ns3:TrackPointExtension>
        </extensions>
      </trkpt>
      <trkpt lat="30.20876753143966197967529296875" lon="120.26218892075121402740478515625">
        <ele>7.19999980926513671875</ele>
        <time>2026-08-31T23:11:43.000Z</time>
        <extensions>
          <ns3:TrackPointExtension>
            <ns3:atemp>31.0</ns3:atemp>
            <ns3:hr>147</ns3:hr>
            <ns3:cad>86</ns3:cad>
          </ns3:TrackPointExtension>
        </extensions>
      </trkpt>
      <trkpt lat="30.208765603601932525634765625" lon="120.26216360740363597869873046875">
        <ele>7</ele>
        <time>2026-08-31T23:11:44.000Z</time>
        <extensions>
          <ns3:TrackPointExtension>
            <ns3:atemp>31.0</ns3:atemp>
            <ns3:hr>147</ns3:hr>
            <ns3:cad>86</ns3:cad>
          </ns3:TrackPointExtension>
        </extensions>
      </trkpt>
      <trkpt lat="30.20876736380159854888916015625" lon="120.2621242962777614593505859375">
        <ele>7</ele>
        <time>2026-08-31T23:11:45.000Z</time>
        <extensions>
          <ns3:TrackPointExtension>
            <ns3:atemp>31.0</ns3:atemp>
            <ns3:hr>146</ns3:hr>
            <ns3:cad>86</ns3:cad>
          </ns3:TrackPointExtension>
        </extensions>
      </trkpt>
      <trkpt lat="30.20876937545835971832275390625" lon="120.26209739036858081817626953125">
        <ele>7</ele>
        <time>2026-08-31T23:11:46.000Z</time>
        <extensions>
          <ns3:TrackPointExtension>
            <ns3:atemp>31.0</ns3:atemp>
            <ns3:hr>146</ns3:hr>
            <ns3:cad>86</ns3:cad>
          </ns3:TrackPointExtension>
        </extensions>
      </trkpt>
      <trkpt lat="30.20877004601061344146728515625" lon="120.2620605938136577606201171875">
        <ele>7</ele>
        <time>2026-08-31T23:11:47.000Z</time>
        <extensions>
          <ns3:TrackPointExtension>
            <ns3:atemp>31.0</ns3:atemp>
            <ns3:hr>146</ns3:hr>
            <ns3:cad>86</ns3:cad>
          </ns3:TrackPointExtension>
        </extensions>
      </trkpt>
      <trkpt lat="30.20877038128674030303955078125" lon="120.26203284971415996551513671875">
        <ele>7</ele>
        <time>2026-08-31T23:11:48.000Z</time>
        <extensions>
          <ns3:TrackPointExtension>
            <ns3:atemp>31.0</ns3:atemp>
            <ns3:hr>147</ns3:hr>
            <ns3:cad>86</ns3:cad>
          </ns3:TrackPointExtension>
        </extensions>
      </trkpt>
      <trkpt lat="30.20877155475318431854248046875" lon="120.2620019204914569854736328125">
        <ele>7</ele>
        <time>2026-08-31T23:11:49.000Z</time>
        <extensions>
          <ns3:TrackPointExtension>
            <ns3:atemp>31.0</ns3:atemp>
            <ns3:hr>146</ns3:hr>
            <ns3:cad>87</ns3:cad>
          </ns3:TrackPointExtension>
        </extensions>
      </trkpt>
      <trkpt lat="30.208768956363201141357421875" lon="120.261973254382610321044921875">
        <ele>7</ele>
        <time>2026-08-31T23:11:50.000Z</time>
        <extensions>
          <ns3:TrackPointExtension>
            <ns3:atemp>31.0</ns3:atemp>
            <ns3:hr>146</ns3:hr>
            <ns3:cad>87</ns3:cad>
          </ns3:TrackPointExtension>
        </extensions>
      </trkpt>
      <trkpt lat="30.2087681181728839874267578125" lon="120.26194618083536624908447265625">
        <ele>7</ele>
        <time>2026-08-31T23:11:51.000Z</time>
        <extensions>
          <ns3:TrackPointExtension>
            <ns3:atemp>31.0</ns3:atemp>
            <ns3:hr>147</ns3:hr>
            <ns3:cad>87</ns3:cad>
          </ns3:TrackPointExtension>
        </extensions>
      </trkpt>
      <trkpt lat="30.20876786671578884124755859375" lon="120.261918604373931884765625">
        <ele>7</ele>
        <time>2026-08-31T23:11:52.000Z</time>
        <extensions>
          <ns3:TrackPointExtension>
            <ns3:atemp>31.0</ns3:atemp>
            <ns3:hr>146</ns3:hr>
            <ns3:cad>87</ns3:cad>
          </ns3:TrackPointExtension>
        </extensions>
      </trkpt>
      <trkpt lat="30.208764933049678802490234375" lon="120.261889435350894927978515625">
        <ele>7</ele>
        <time>2026-08-31T23:11:53.000Z</time>
        <extensions>
          <ns3:TrackPointExtension>
            <ns3:atemp>31.0</ns3:atemp>
            <ns3:hr>146</ns3:hr>
            <ns3:cad>87</ns3:cad>
          </ns3:TrackPointExtension>
        </extensions>
      </trkpt>
      <trkpt lat="30.20876820199191570281982421875" lon="120.26185113005340099334716796875">
        <ele>6.80000019073486328125</ele>
        <time>2026-08-31T23:11:54.000Z</time>
        <extensions>
          <ns3:TrackPointExtension>
            <ns3:atemp>31.0</ns3:atemp>
            <ns3:hr>146</ns3:hr>
            <ns3:cad>87</ns3:cad>
          </ns3:TrackPointExtension>
        </extensions>
      </trkpt>
      <trkpt lat="30.208767615258693695068359375" lon="120.2618195302784442901611328125">
        <ele>6.80000019073486328125</ele>
        <time>2026-08-31T23:11:55.000Z</time>
        <extensions>
          <ns3:TrackPointExtension>
            <ns3:atemp>31.0</ns3:atemp>
            <ns3:hr>147</ns3:hr>
            <ns3:cad>87</ns3:cad>
          </ns3:TrackPointExtension>
        </extensions>
      </trkpt>
      <trkpt lat="30.20876820199191570281982421875" lon="120.26178357191383838653564453125">
        <ele>6.80000019073486328125</ele>
        <time>2026-08-31T23:11:56.000Z</time>
        <extensions>
          <ns3:TrackPointExtension>
            <ns3:atemp>31.0</ns3:atemp>
            <ns3:hr>147</ns3:hr>
            <ns3:cad>87</ns3:cad>
          </ns3:TrackPointExtension>
        </extensions>
      </trkpt>
      <trkpt lat="30.20876551978290081024169921875" lon="120.2617554925382137298583984375">
        <ele>6.80000019073486328125</ele>
        <time>2026-08-31T23:11:57.000Z</time>
        <extensions>
          <ns3:TrackPointExtension>
            <ns3:atemp>31.0</ns3:atemp>
            <ns3:hr>147</ns3:hr>
            <ns3:cad>87</ns3:cad>
          </ns3:TrackPointExtension>
        </extensions>
      </trkpt>
      <trkpt lat="30.20876769907772541046142578125" lon="120.2617142535746097564697265625">
        <ele>6.80000019073486328125</ele>
        <time>2026-08-31T23:11:58.000Z</time>
        <extensions>
          <ns3:TrackPointExtension>
            <ns3:atemp>31.0</ns3:atemp>
            <ns3:hr>147</ns3:hr>
            <ns3:cad>87</ns3:cad>
          </ns3:TrackPointExtension>
        </extensions>
      </trkpt>
      <trkpt lat="30.20876870490610599517822265625" lon="120.261683575809001922607421875">
        <ele>6.80000019073486328125</ele>
        <time>2026-08-31T23:11:59.000Z</time>
        <extensions>
          <ns3:TrackPointExtension>
            <ns3:atemp>31.0</ns3:atemp>
            <ns3:hr>148</ns3:hr>
            <ns3:cad>87</ns3:cad>
          </ns3:TrackPointExtension>
        </extensions>
      </trkpt>
      <trkpt lat="30.2087657712399959564208984375" lon="120.26164694689214229583740234375">
        <ele>6.80000019073486328125</ele>
        <time>2026-08-31T23:12:00.000Z</time>
        <extensions>
          <ns3:TrackPointExtension>
            <ns3:atemp>31.0</ns3:atemp>
            <ns3:hr>149</ns3:hr>
            <ns3:cad>87</ns3:cad>
          </ns3:TrackPointExtension>
        </extensions>
      </trkpt>
      <trkpt lat="30.20876551978290081024169921875" lon="120.26161476038396358489990234375">
        <ele>6.80000019073486328125</ele>
        <time>2026-08-31T23:12:01.000Z</time>
        <extensions>
          <ns3:TrackPointExtension>
            <ns3:atemp>31.0</ns3:atemp>
            <ns3:hr>149</ns3:hr>
            <ns3:cad>87</ns3:cad>
          </ns3:TrackPointExtension>
        </extensions>
      </trkpt>
      <trkpt lat="30.2087667770683765411376953125" lon="120.2615834958851337432861328125">
        <ele>6.80000019073486328125</ele>
        <time>2026-08-31T23:12:02.000Z</time>
        <extensions>
          <ns3:TrackPointExtension>
            <ns3:atemp>31.0</ns3:atemp>
            <ns3:hr>149</ns3:hr>
            <ns3:cad>87</ns3:cad>
          </ns3:TrackPointExtension>
        </extensions>
      </trkpt>
      <trkpt lat="30.20876862108707427978515625" lon="120.2615476213395595550537109375">
        <ele>6.80000019073486328125</ele>
        <time>2026-08-31T23:12:03.000Z</time>
        <extensions>
          <ns3:TrackPointExtension>
            <ns3:atemp>31.0</ns3:atemp>
            <ns3:hr>149</ns3:hr>
            <ns3:cad>88</ns3:cad>
          </ns3:TrackPointExtension>
        </extensions>
      </trkpt>
      <trkpt lat="30.20876870490610599517822265625" lon="120.26151585392653942108154296875">
        <ele>6.80000019073486328125</ele>
        <time>2026-08-31T23:12:04.000Z</time>
        <extensions>
          <ns3:TrackPointExtension>
            <ns3:atemp>31.0</ns3:atemp>
            <ns3:hr>149</ns3:hr>
            <ns3:cad>88</ns3:cad>
          </ns3:TrackPointExtension>
        </extensions>
      </trkpt>
      <trkpt lat="30.2087652683258056640625" lon="120.2614854276180267333984375">
        <ele>6.80000019073486328125</ele>
        <time>2026-08-31T23:12:05.000Z</time>
        <extensions>
          <ns3:TrackPointExtension>
            <ns3:atemp>31.0</ns3:atemp>
            <ns3:hr>150</ns3:hr>
            <ns3:cad>87</ns3:cad>
          </ns3:TrackPointExtension>
        </extensions>
      </trkpt>
      <trkpt lat="30.20876149646937847137451171875" lon="120.2614560909569263458251953125">
        <ele>6.80000019073486328125</ele>
        <time>2026-08-31T23:12:06.000Z</time>
        <extensions>
          <ns3:TrackPointExtension>
            <ns3:atemp>31.0</ns3:atemp>
            <ns3:hr>150</ns3:hr>
            <ns3:cad>87</ns3:cad>
          </ns3:TrackPointExtension>
        </extensions>
      </trkpt>
      <trkpt lat="30.20875898189842700958251953125" lon="120.2614249102771282196044921875">
        <ele>6.80000019073486328125</ele>
        <time>2026-08-31T23:12:07.000Z</time>
        <extensions>
          <ns3:TrackPointExtension>
            <ns3:atemp>31.0</ns3:atemp>
            <ns3:hr>150</ns3:hr>
            <ns3:cad>87</ns3:cad>
          </ns3:TrackPointExtension>
        </extensions>
      </trkpt>
      <trkpt lat="30.20875881426036357879638671875" lon="120.2613969147205352783203125">
        <ele>6.80000019073486328125</ele>
        <time>2026-08-31T23:12:08.000Z</time>
        <extensions>
          <ns3:TrackPointExtension>
            <ns3:atemp>31.0</ns3:atemp>
            <ns3:hr>150</ns3:hr>
            <ns3:cad>87</ns3:cad>
          </ns3:TrackPointExtension>
        </extensions>
      </trkpt>
      <trkpt lat="30.20876166410744190216064453125" lon="120.26135894469916820526123046875">
        <ele>6.80000019073486328125</ele>
        <time>2026-08-31T23:12:09.000Z</time>
        <extensions>
          <ns3:TrackPointExtension>
            <ns3:atemp>31.0</ns3:atemp>
            <ns3:hr>150</ns3:hr>
            <ns3:cad>87</ns3:cad>
          </ns3:TrackPointExtension>
        </extensions>
      </trkpt>
      <trkpt lat="30.20876669324934482574462890625" lon="120.2613263390958309173583984375">
        <ele>6.80000019073486328125</ele>
        <time>2026-08-31T23:12:10.000Z</time>
        <extensions>
          <ns3:TrackPointExtension>
            <ns3:atemp>31.0</ns3:atemp>
            <ns3:hr>150</ns3:hr>
            <ns3:cad>87</ns3:cad>
          </ns3:TrackPointExtension>
        </extensions>
      </trkpt>
      <trkpt lat="30.2087687887251377105712890625" lon="120.26128828525543212890625">
        <ele>6.80000019073486328125</ele>
        <time>2026-08-31T23:12:11.000Z</time>
        <extensions>
          <ns3:TrackPointExtension>
            <ns3:atemp>31.0</ns3:atemp>
            <ns3:hr>151</ns3:hr>
            <ns3:cad>87</ns3:cad>
          </ns3:TrackPointExtension>
        </extensions>
      </trkpt>
      <trkpt lat="30.2087666094303131103515625" lon="120.2612559311091899871826171875">
        <ele>6.80000019073486328125</ele>
        <time>2026-08-31T23:12:12.000Z</time>
        <extensions>
          <ns3:TrackPointExtension>
            <ns3:atemp>31.0</ns3:atemp>
            <ns3:hr>151</ns3:hr>
            <ns3:cad>87</ns3:cad>
          </ns3:TrackPointExtension>
        </extensions>
      </trkpt>
      <trkpt lat="30.20876057446002960205078125" lon="120.2612230740487575531005859375">
        <ele>6.80000019073486328125</ele>
        <time>2026-08-31T23:12:13.000Z</time>
        <extensions>
          <ns3:TrackPointExtension>
            <ns3:atemp>31.0</ns3:atemp>
            <ns3:hr>151</ns3:hr>
            <ns3:cad>87</ns3:cad>
          </ns3:TrackPointExtension>
        </extensions>
      </trkpt>
      <trkpt lat="30.2087573893368244171142578125" lon="120.261189378798007965087890625">
        <ele>6.80000019073486328125</ele>
        <time>2026-08-31T23:12:14.000Z</time>
        <extensions>
          <ns3:TrackPointExtension>
            <ns3:atemp>31.0</ns3:atemp>
            <ns3:hr>151</ns3:hr>
            <ns3:cad>87</ns3:cad>
          </ns3:TrackPointExtension>
        </extensions>
      </trkpt>
      <trkpt lat="30.20875328220427036285400390625" lon="120.261161886155605316162109375">
        <ele>6.80000019073486328125</ele>
        <time>2026-08-31T23:12:15.000Z</time>
        <extensions>
          <ns3:TrackPointExtension>
            <ns3:atemp>31.0</ns3:atemp>
            <ns3:hr>151</ns3:hr>
            <ns3:cad>87</ns3:cad>
          </ns3:TrackPointExtension>
        </extensions>
      </trkpt>
      <trkpt lat="30.20875160582363605499267578125" lon="120.26112592779099941253662109375">
        <ele>7</ele>
        <time>2026-08-31T23:12:16.000Z</time>
        <extensions>
          <ns3:TrackPointExtension>
            <ns3:atemp>31.0</ns3:atemp>
            <ns3:hr>151</ns3:hr>
            <ns3:cad>87</ns3:cad>
          </ns3:TrackPointExtension>
        </extensions>
      </trkpt>
      <trkpt lat="30.20874724723398685455322265625" lon="120.26110212318599224090576171875">
        <ele>7</ele>
        <time>2026-08-31T23:12:17.000Z</time>
        <extensions>
          <ns3:TrackPointExtension>
            <ns3:atemp>31.0</ns3:atemp>
            <ns3:hr>152</ns3:hr>
            <ns3:cad>87</ns3:cad>
          </ns3:TrackPointExtension>
        </extensions>
      </trkpt>
      <trkpt lat="30.2087496779859066009521484375" lon="120.26106541045010089874267578125">
        <ele>7</ele>
        <time>2026-08-31T23:12:18.000Z</time>
        <extensions>
          <ns3:TrackPointExtension>
            <ns3:atemp>31.0</ns3:atemp>
            <ns3:hr>151</ns3:hr>
            <ns3:cad>87</ns3:cad>
          </ns3:TrackPointExtension>
        </extensions>
      </trkpt>
      <trkpt lat="30.2087516896426677703857421875" lon="120.2610361576080322265625">
        <ele>7</ele>
        <time>2026-08-31T23:12:19.000Z</time>
        <extensions>
          <ns3:TrackPointExtension>
            <ns3:atemp>31.0</ns3:atemp>
            <ns3:hr>151</ns3:hr>
            <ns3:cad>86</ns3:cad>
          </ns3:TrackPointExtension>
        </extensions>
      </trkpt>
      <trkpt lat="30.2087530307471752166748046875" lon="120.26100288145244121551513671875">
        <ele>7</ele>
        <time>2026-08-31T23:12:20.000Z</time>
        <extensions>
          <ns3:TrackPointExtension>
            <ns3:atemp>31.0</ns3:atemp>
            <ns3:hr>151</ns3:hr>
            <ns3:cad>86</ns3:cad>
          </ns3:TrackPointExtension>
        </extensions>
      </trkpt>
      <trkpt lat="30.20875596441328525543212890625" lon="120.26097471825778484344482421875">
        <ele>7</ele>
        <time>2026-08-31T23:12:21.000Z</time>
        <extensions>
          <ns3:TrackPointExtension>
            <ns3:atemp>31.0</ns3:atemp>
            <ns3:hr>151</ns3:hr>
            <ns3:cad>86</ns3:cad>
          </ns3:TrackPointExtension>
        </extensions>
      </trkpt>
      <trkpt lat="30.20875713787972927093505859375" lon="120.2609461359679698944091796875">
        <ele>7</ele>
        <time>2026-08-31T23:12:22.000Z</time>
        <extensions>
          <ns3:TrackPointExtension>
            <ns3:atemp>31.0</ns3:atemp>
            <ns3:hr>152</ns3:hr>
            <ns3:cad>86</ns3:cad>
          </ns3:TrackPointExtension>
        </extensions>
      </trkpt>
      <trkpt lat="30.20875831134617328643798828125" lon="120.26091386564075946807861328125">
        <ele>7</ele>
        <time>2026-08-31T23:12:23.000Z</time>
        <extensions>
          <ns3:TrackPointExtension>
            <ns3:atemp>31.0</ns3:atemp>
            <ns3:hr>152</ns3:hr>
            <ns3:cad>86</ns3:cad>
          </ns3:TrackPointExtension>
        </extensions>
      </trkpt>
      <trkpt lat="30.20875814370810985565185546875" lon="120.26088469661772251129150390625">
        <ele>7</ele>
        <time>2026-08-31T23:12:24.000Z</time>
        <extensions>
          <ns3:TrackPointExtension>
            <ns3:atemp>31.0</ns3:atemp>
            <ns3:hr>152</ns3:hr>
            <ns3:cad>87</ns3:cad>
          </ns3:TrackPointExtension>
        </extensions>
      </trkpt>
      <trkpt lat="30.20875965245068073272705078125" lon="120.260852091014385223388671875">
        <ele>7</ele>
        <time>2026-08-31T23:12:25.000Z</time>
        <extensions>
          <ns3:TrackPointExtension>
            <ns3:atemp>31.0</ns3:atemp>
            <ns3:hr>152</ns3:hr>
            <ns3:cad>86</ns3:cad>
          </ns3:TrackPointExtension>
        </extensions>
      </trkpt>
      <trkpt lat="30.20875990390777587890625" lon="120.2608237601816654205322265625">
        <ele>7</ele>
        <time>2026-08-31T23:12:26.000Z</time>
        <extensions>
          <ns3:TrackPointExtension>
            <ns3:atemp>31.0</ns3:atemp>
            <ns3:hr>151</ns3:hr>
            <ns3:cad>86</ns3:cad>
          </ns3:TrackPointExtension>
        </extensions>
      </trkpt>
      <trkpt lat="30.2087644301354885101318359375" lon="120.26078662835061550140380859375">
        <ele>7</ele>
        <time>2026-08-31T23:12:27.000Z</time>
        <extensions>
          <ns3:TrackPointExtension>
            <ns3:atemp>31.0</ns3:atemp>
            <ns3:hr>152</ns3:hr>
            <ns3:cad>86</ns3:cad>
          </ns3:TrackPointExtension>
        </extensions>
      </trkpt>
      <trkpt lat="30.20876551978290081024169921875" lon="120.26075729168951511383056640625">
        <ele>7</ele>
        <time>2026-08-31T23:12:28.000Z</time>
        <extensions>
          <ns3:TrackPointExtension>
            <ns3:atemp>31.0</ns3:atemp>
            <ns3:hr>151</ns3:hr>
            <ns3:cad>87</ns3:cad>
          </ns3:TrackPointExtension>
        </extensions>
      </trkpt>
      <trkpt lat="30.2087661065161228179931640625" lon="120.26071839965879917144775390625">
        <ele>7</ele>
        <time>2026-08-31T23:12:29.000Z</time>
        <extensions>
          <ns3:TrackPointExtension>
            <ns3:atemp>31.0</ns3:atemp>
            <ns3:hr>151</ns3:hr>
            <ns3:cad>87</ns3:cad>
          </ns3:TrackPointExtension>
        </extensions>
      </trkpt>
      <trkpt lat="30.20876836962997913360595703125" lon="120.2606861293315887451171875">
        <ele>7</ele>
        <time>2026-08-31T23:12:30.000Z</time>
        <extensions>
          <ns3:TrackPointExtension>
            <ns3:atemp>31.0</ns3:atemp>
            <ns3:hr>151</ns3:hr>
            <ns3:cad>87</ns3:cad>
          </ns3:TrackPointExtension>
        </extensions>
      </trkpt>
      <trkpt lat="30.2087694592773914337158203125" lon="120.26065218262374401092529296875">
        <ele>7</ele>
        <time>2026-08-31T23:12:31.000Z</time>
        <extensions>
          <ns3:TrackPointExtension>
            <ns3:atemp>31.0</ns3:atemp>
            <ns3:hr>152</ns3:hr>
            <ns3:cad>88</ns3:cad>
          </ns3:TrackPointExtension>
        </extensions>
      </trkpt>
      <trkpt lat="30.20877440460026264190673828125" lon="120.26061848737299442291259765625">
        <ele>7</ele>
        <time>2026-08-31T23:12:32.000Z</time>
        <extensions>
          <ns3:TrackPointExtension>
            <ns3:atemp>31.0</ns3:atemp>
            <ns3:hr>151</ns3:hr>
            <ns3:cad>87</ns3:cad>
          </ns3:TrackPointExtension>
        </extensions>
      </trkpt>
      <trkpt lat="30.208775997161865234375" lon="120.26058848015964031219482421875">
        <ele>7</ele>
        <time>2026-08-31T23:12:33.000Z</time>
        <extensions>
          <ns3:TrackPointExtension>
            <ns3:atemp>31.0</ns3:atemp>
            <ns3:hr>151</ns3:hr>
            <ns3:cad>87</ns3:cad>
          </ns3:TrackPointExtension>
        </extensions>
      </trkpt>
      <trkpt lat="30.2087808586657047271728515625" lon="120.26055797003209590911865234375">
        <ele>7.19999980926513671875</ele>
        <time>2026-08-31T23:12:34.000Z</time>
        <extensions>
          <ns3:TrackPointExtension>
            <ns3:atemp>31.0</ns3:atemp>
            <ns3:hr>151</ns3:hr>
            <ns3:cad>87</ns3:cad>
          </ns3:TrackPointExtension>
        </extensions>
      </trkpt>
      <trkpt lat="30.20878136157989501953125" lon="120.26052712462842464447021484375">
        <ele>7.19999980926513671875</ele>
        <time>2026-08-31T23:12:35.000Z</time>
        <extensions>
          <ns3:TrackPointExtension>
            <ns3:atemp>31.0</ns3:atemp>
            <ns3:hr>152</ns3:hr>
            <ns3:cad>87</ns3:cad>
          </ns3:TrackPointExtension>
        </extensions>
      </trkpt>
      <trkpt lat="30.20878471434116363525390625" lon="120.26049393229186534881591796875">
        <ele>7.19999980926513671875</ele>
        <time>2026-08-31T23:12:36.000Z</time>
        <extensions>
          <ns3:TrackPointExtension>
            <ns3:atemp>31.0</ns3:atemp>
            <ns3:hr>151</ns3:hr>
            <ns3:cad>87</ns3:cad>
          </ns3:TrackPointExtension>
        </extensions>
      </trkpt>
      <trkpt lat="30.20878798328340053558349609375" lon="120.2604643441736698150634765625">
        <ele>7.19999980926513671875</ele>
        <time>2026-08-31T23:12:37.000Z</time>
        <extensions>
          <ns3:TrackPointExtension>
            <ns3:atemp>31.0</ns3:atemp>
            <ns3:hr>151</ns3:hr>
            <ns3:cad>87</ns3:cad>
          </ns3:TrackPointExtension>
        </extensions>
      </trkpt>
      <trkpt lat="30.20879133604466915130615234375" lon="120.26042737998068332672119140625">
        <ele>7.19999980926513671875</ele>
        <time>2026-08-31T23:12:38.000Z</time>
        <extensions>
          <ns3:TrackPointExtension>
            <ns3:atemp>31.0</ns3:atemp>
            <ns3:hr>151</ns3:hr>
            <ns3:cad>87</ns3:cad>
          </ns3:TrackPointExtension>
        </extensions>
      </trkpt>
      <trkpt lat="30.20878873765468597412109375" lon="120.2603966183960437774658203125">
        <ele>7.19999980926513671875</ele>
        <time>2026-08-31T23:12:39.000Z</time>
        <extensions>
          <ns3:TrackPointExtension>
            <ns3:atemp>31.0</ns3:atemp>
            <ns3:hr>151</ns3:hr>
            <ns3:cad>87</ns3:cad>
          </ns3:TrackPointExtension>
        </extensions>
      </trkpt>
      <trkpt lat="30.20877172239124774932861328125" lon="120.260371975600719451904296875">
        <ele>7.19999980926513671875</ele>
        <time>2026-08-31T23:12:40.000Z</time>
        <extensions>
          <ns3:TrackPointExtension>
            <ns3:atemp>31.0</ns3:atemp>
            <ns3:hr>151</ns3:hr>
            <ns3:cad>86</ns3:cad>
          </ns3:TrackPointExtension>
        </extensions>
      </trkpt>
      <trkpt lat="30.2087469957768917083740234375" lon="120.26035764254629611968994140625">
        <ele>7.19999980926513671875</ele>
        <time>2026-08-31T23:12:41.000Z</time>
        <extensions>
          <ns3:TrackPointExtension>
            <ns3:atemp>31.0</ns3:atemp>
            <ns3:hr>152</ns3:hr>
            <ns3:cad>86</ns3:cad>
          </ns3:TrackPointExtension>
        </extensions>
      </trkpt>
      <trkpt lat="30.208721347153186798095703125" lon="120.260351188480854034423828125">
        <ele>7.19999980926513671875</ele>
        <time>2026-08-31T23:12:42.000Z</time>
        <extensions>
          <ns3:TrackPointExtension>
            <ns3:atemp>31.0</ns3:atemp>
            <ns3:hr>151</ns3:hr>
            <ns3:cad>85</ns3:cad>
          </ns3:TrackPointExtension>
        </extensions>
      </trkpt>
      <trkpt lat="30.20869293250143527984619140625" lon="120.260349847376346588134765625">
        <ele>7.19999980926513671875</ele>
        <time>2026-08-31T23:12:43.000Z</time>
        <extensions>
          <ns3:TrackPointExtension>
            <ns3:atemp>31.0</ns3:atemp>
            <ns3:hr>151</ns3:hr>
            <ns3:cad>85</ns3:cad>
          </ns3:TrackPointExtension>
        </extensions>
      </trkpt>
      <trkpt lat="30.2086698822677135467529296875" lon="120.2603506855666637420654296875">
        <ele>7.400000095367431640625</ele>
        <time>2026-08-31T23:12:44.000Z</time>
        <extensions>
          <ns3:TrackPointExtension>
            <ns3:atemp>31.0</ns3:atemp>
            <ns3:hr>151</ns3:hr>
            <ns3:cad>85</ns3:cad>
          </ns3:TrackPointExtension>
        </extensions>
      </trkpt>
      <trkpt lat="30.208644904196262359619140625" lon="120.26035227812826633453369140625">
        <ele>7.400000095367431640625</ele>
        <time>2026-08-31T23:12:45.000Z</time>
        <extensions>
          <ns3:TrackPointExtension>
            <ns3:atemp>31.0</ns3:atemp>
            <ns3:hr>152</ns3:hr>
            <ns3:cad>85</ns3:cad>
          </ns3:TrackPointExtension>
        </extensions>
      </trkpt>
      <trkpt lat="30.20861850120127201080322265625" lon="120.2603535354137420654296875">
        <ele>7.400000095367431640625</ele>
        <time>2026-08-31T23:12:46.000Z</time>
        <extensions>
          <ns3:TrackPointExtension>
            <ns3:atemp>31.0</ns3:atemp>
            <ns3:hr>151</ns3:hr>
            <ns3:cad>85</ns3:cad>
          </ns3:TrackPointExtension>
        </extensions>
      </trkpt>
      <trkpt lat="30.20858849398791790008544921875" lon="120.260357894003391265869140625">
        <ele>7.400000095367431640625</ele>
        <time>2026-08-31T23:12:47.000Z</time>
        <extensions>
          <ns3:TrackPointExtension>
            <ns3:atemp>31.0</ns3:atemp>
            <ns3:hr>151</ns3:hr>
            <ns3:cad>85</ns3:cad>
          </ns3:TrackPointExtension>
        </extensions>
      </trkpt>
      <trkpt lat="30.20856334827840328216552734375" lon="120.26035361923277378082275390625">
        <ele>7.400000095367431640625</ele>
        <time>2026-08-31T23:12:48.000Z</time>
        <extensions>
          <ns3:TrackPointExtension>
            <ns3:atemp>31.0</ns3:atemp>
            <ns3:hr>151</ns3:hr>
            <ns3:cad>85</ns3:cad>
          </ns3:TrackPointExtension>
        </extensions>
      </trkpt>
      <trkpt lat="30.2085386216640472412109375" lon="120.2603520266711711883544921875">
        <ele>7.400000095367431640625</ele>
        <time>2026-08-31T23:12:49.000Z</time>
        <extensions>
          <ns3:TrackPointExtension>
            <ns3:atemp>31.0</ns3:atemp>
            <ns3:hr>152</ns3:hr>
            <ns3:cad>86</ns3:cad>
          </ns3:TrackPointExtension>
        </extensions>
      </trkpt>
      <trkpt lat="30.208508111536502838134765625" lon="120.26034926064312458038330078125">
        <ele>7.599999904632568359375</ele>
        <time>2026-08-31T23:12:50.000Z</time>
        <extensions>
          <ns3:TrackPointExtension>
            <ns3:atemp>31.0</ns3:atemp>
            <ns3:hr>152</ns3:hr>
            <ns3:cad>86</ns3:cad>
          </ns3:TrackPointExtension>
        </extensions>
      </trkpt>
      <trkpt lat="30.20848296582698822021484375" lon="120.26034641079604625701904296875">
        <ele>7.599999904632568359375</ele>
        <time>2026-08-31T23:12:51.000Z</time>
        <extensions>
          <ns3:TrackPointExtension>
            <ns3:atemp>31.0</ns3:atemp>
            <ns3:hr>152</ns3:hr>
            <ns3:cad>86</ns3:cad>
          </ns3:TrackPointExtension>
        </extensions>
      </trkpt>
      <trkpt lat="30.20845505408942699432373046875" lon="120.26033702306449413299560546875">
        <ele>7.400000095367431640625</ele>
        <time>2026-08-31T23:12:52.000Z</time>
        <extensions>
          <ns3:TrackPointExtension>
            <ns3:atemp>31.0</ns3:atemp>
            <ns3:hr>153</ns3:hr>
            <ns3:cad>86</ns3:cad>
          </ns3:TrackPointExtension>
        </extensions>
      </trkpt>
      <trkpt lat="30.208425633609294891357421875" lon="120.2603309042751789093017578125">
        <ele>7.400000095367431640625</ele>
        <time>2026-08-31T23:12:53.000Z</time>
        <extensions>
          <ns3:TrackPointExtension>
            <ns3:atemp>31.0</ns3:atemp>
            <ns3:hr>153</ns3:hr>
            <ns3:cad>86</ns3:cad>
          </ns3:TrackPointExtension>
        </extensions>
      </trkpt>
      <trkpt lat="30.2083991467952728271484375" lon="120.260334424674510955810546875">
        <ele>7.400000095367431640625</ele>
        <time>2026-08-31T23:12:54.000Z</time>
        <extensions>
          <ns3:TrackPointExtension>
            <ns3:atemp>31.0</ns3:atemp>
            <ns3:hr>154</ns3:hr>
            <ns3:cad>86</ns3:cad>
          </ns3:TrackPointExtension>
        </extensions>
      </trkpt>
      <trkpt lat="30.20836955867707729339599609375" lon="120.26033853180706501007080078125">
        <ele>7.400000095367431640625</ele>
        <time>2026-08-31T23:12:55.000Z</time>
        <extensions>
          <ns3:TrackPointExtension>
            <ns3:atemp>31.0</ns3:atemp>
            <ns3:hr>154</ns3:hr>
            <ns3:cad>86</ns3:cad>
          </ns3:TrackPointExtension>
        </extensions>
      </trkpt>
      <trkpt lat="30.20834525115787982940673828125" lon="120.26034691371023654937744140625">
        <ele>7.400000095367431640625</ele>
        <time>2026-08-31T23:12:56.000Z</time>
        <extensions>
          <ns3:TrackPointExtension>
            <ns3:atemp>31.0</ns3:atemp>
            <ns3:hr>154</ns3:hr>
            <ns3:cad>84</ns3:cad>
          </ns3:TrackPointExtension>
        </extensions>
      </trkpt>
      <trkpt lat="30.2083146572113037109375" lon="120.2603506855666637420654296875">
        <ele>7.400000095367431640625</ele>
        <time>2026-08-31T23:12:57.000Z</time>
        <extensions>
          <ns3:TrackPointExtension>
            <ns3:atemp>31.0</ns3:atemp>
            <ns3:hr>155</ns3:hr>
            <ns3:cad>84</ns3:cad>
          </ns3:TrackPointExtension>
        </extensions>
      </trkpt>
      <trkpt lat="30.2082910202443599700927734375" lon="120.2603562176227569580078125">
        <ele>7.400000095367431640625</ele>
        <time>2026-08-31T23:12:58.000Z</time>
        <extensions>
          <ns3:TrackPointExtension>
            <ns3:atemp>31.0</ns3:atemp>
            <ns3:hr>155</ns3:hr>
            <ns3:cad>84</ns3:cad>
          </ns3:TrackPointExtension>
        </extensions>
      </trkpt>
      <trkpt lat="30.20826210267841815948486328125" lon="120.26035931892693042755126953125">
        <ele>7.400000095367431640625</ele>
        <time>2026-08-31T23:12:59.000Z</time>
        <extensions>
          <ns3:TrackPointExtension>
            <ns3:atemp>31.0</ns3:atemp>
            <ns3:hr>155</ns3:hr>
            <ns3:cad>85</ns3:cad>
          </ns3:TrackPointExtension>
        </extensions>
      </trkpt>
      <trkpt lat="30.2082363702356815338134765625" lon="120.26035898365080356597900390625">
        <ele>7.400000095367431640625</ele>
        <time>2026-08-31T23:13:00.000Z</time>
        <extensions>
          <ns3:TrackPointExtension>
            <ns3:atemp>31.0</ns3:atemp>
            <ns3:hr>154</ns3:hr>
            <ns3:cad>86</ns3:cad>
          </ns3:TrackPointExtension>
        </extensions>
      </trkpt>
      <trkpt lat="30.2082118950784206390380859375" lon="120.2603604085743427276611328125">
        <ele>7.400000095367431640625</ele>
        <time>2026-08-31T23:13:01.000Z</time>
        <extensions>
          <ns3:TrackPointExtension>
            <ns3:atemp>31.0</ns3:atemp>
            <ns3:hr>155</ns3:hr>
            <ns3:cad>86</ns3:cad>
          </ns3:TrackPointExtension>
        </extensions>
      </trkpt>
      <trkpt lat="30.20818255841732025146484375" lon="120.26035512797534465789794921875">
        <ele>7.400000095367431640625</ele>
        <time>2026-08-31T23:13:02.000Z</time>
        <extensions>
          <ns3:TrackPointExtension>
            <ns3:atemp>31.0</ns3:atemp>
            <ns3:hr>154</ns3:hr>
            <ns3:cad>86</ns3:cad>
          </ns3:TrackPointExtension>
        </extensions>
      </trkpt>
      <trkpt lat="30.2081595920026302337646484375" lon="120.26035110466182231903076171875">
        <ele>7.400000095367431640625</ele>
        <time>2026-08-31T23:13:03.000Z</time>
        <extensions>
          <ns3:TrackPointExtension>
            <ns3:atemp>31.0</ns3:atemp>
            <ns3:hr>154</ns3:hr>
            <ns3:cad>85</ns3:cad>
          </ns3:TrackPointExtension>
        </extensions>
      </trkpt>
      <trkpt lat="30.20812950097024440765380859375" lon="120.2603483386337757110595703125">
        <ele>7.400000095367431640625</ele>
        <time>2026-08-31T23:13:04.000Z</time>
        <extensions>
          <ns3:TrackPointExtension>
            <ns3:atemp>31.0</ns3:atemp>
            <ns3:hr>154</ns3:hr>
            <ns3:cad>85</ns3:cad>
          </ns3:TrackPointExtension>
        </extensions>
      </trkpt>
      <trkpt lat="30.20810611546039581298828125" lon="120.2603466622531414031982421875">
        <ele>7.400000095367431640625</ele>
        <time>2026-08-31T23:13:05.000Z</time>
        <extensions>
          <ns3:TrackPointExtension>
            <ns3:atemp>31.0</ns3:atemp>
            <ns3:hr>154</ns3:hr>
            <ns3:cad>85</ns3:cad>
          </ns3:TrackPointExtension>
        </extensions>
      </trkpt>
      <trkpt lat="30.20807971246540546417236328125" lon="120.26034205220639705657958984375">
        <ele>7.400000095367431640625</ele>
        <time>2026-08-31T23:13:06.000Z</time>
        <extensions>
          <ns3:TrackPointExtension>
            <ns3:atemp>31.0</ns3:atemp>
            <ns3:hr>154</ns3:hr>
            <ns3:cad>86</ns3:cad>
          </ns3:TrackPointExtension>
        </extensions>
      </trkpt>
      <trkpt lat="30.20805590786039829254150390625" lon="120.26033878326416015625">
        <ele>7.400000095367431640625</ele>
        <time>2026-08-31T23:13:07.000Z</time>
        <extensions>
          <ns3:TrackPointExtension>
            <ns3:atemp>31.0</ns3:atemp>
            <ns3:hr>154</ns3:hr>
            <ns3:cad>86</ns3:cad>
          </ns3:TrackPointExtension>
        </extensions>
      </trkpt>
      <trkpt lat="30.208030007779598236083984375" lon="120.26033417321741580963134765625">
        <ele>7.400000095367431640625</ele>
        <time>2026-08-31T23:13:08.000Z</time>
        <extensions>
          <ns3:TrackPointExtension>
            <ns3:atemp>31.0</ns3:atemp>
            <ns3:hr>153</ns3:hr>
            <ns3:cad>86</ns3:cad>
          </ns3:TrackPointExtension>
        </extensions>
      </trkpt>
      <trkpt lat="30.20800377242267131805419921875" lon="120.2603298984467983245849609375">
        <ele>7.400000095367431640625</ele>
        <time>2026-08-31T23:13:09.000Z</time>
        <extensions>
          <ns3:TrackPointExtension>
            <ns3:atemp>31.0</ns3:atemp>
            <ns3:hr>153</ns3:hr>
            <ns3:cad>86</ns3:cad>
          </ns3:TrackPointExtension>
        </extensions>
      </trkpt>
      <trkpt lat="30.207979381084442138671875" lon="120.2603302337229251861572265625">
        <ele>7.400000095367431640625</ele>
        <time>2026-08-31T23:13:10.000Z</time>
        <extensions>
          <ns3:TrackPointExtension>
            <ns3:atemp>31.0</ns3:atemp>
            <ns3:hr>152</ns3:hr>
            <ns3:cad>86</ns3:cad>
          </ns3:TrackPointExtension>
        </extensions>
      </trkpt>
      <trkpt lat="30.207950882613658905029296875" lon="120.260325707495212554931640625">
        <ele>7.400000095367431640625</ele>
        <time>2026-08-31T23:13:11.000Z</time>
        <extensions>
          <ns3:TrackPointExtension>
            <ns3:atemp>31.0</ns3:atemp>
            <ns3:hr>152</ns3:hr>
            <ns3:cad>86</ns3:cad>
          </ns3:TrackPointExtension>
        </extensions>
      </trkpt>
      <trkpt lat="30.20792833529412746429443359375" lon="120.2603268809616565704345703125">
        <ele>7.599999904632568359375</ele>
        <time>2026-08-31T23:13:12.000Z</time>
        <extensions>
          <ns3:TrackPointExtension>
            <ns3:atemp>31.0</ns3:atemp>
            <ns3:hr>151</ns3:hr>
            <ns3:cad>86</ns3:cad>
          </ns3:TrackPointExtension>
        </extensions>
      </trkpt>
      <trkpt lat="30.20790251903235912322998046875" lon="120.26032478548586368560791015625">
        <ele>7.400000095367431640625</ele>
        <time>2026-08-31T23:13:13.000Z</time>
        <extensions>
          <ns3:TrackPointExtension>
            <ns3:atemp>31.0</ns3:atemp>
            <ns3:hr>151</ns3:hr>
            <ns3:cad>86</ns3:cad>
          </ns3:TrackPointExtension>
        </extensions>
      </trkpt>
      <trkpt lat="30.2078762836754322052001953125" lon="120.26032109744846820831298828125">
        <ele>7.599999904632568359375</ele>
        <time>2026-08-31T23:13:14.000Z</time>
        <extensions>
          <ns3:TrackPointExtension>
            <ns3:atemp>31.0</ns3:atemp>
            <ns3:hr>151</ns3:hr>
            <ns3:cad>86</ns3:cad>
          </ns3:TrackPointExtension>
        </extensions>
      </trkpt>
      <trkpt lat="30.2078541554510593414306640625" lon="120.26031590066850185394287109375">
        <ele>7.400000095367431640625</ele>
        <time>2026-08-31T23:13:15.000Z</time>
        <extensions>
          <ns3:TrackPointExtension>
            <ns3:atemp>31.0</ns3:atemp>
            <ns3:hr>151</ns3:hr>
            <ns3:cad>86</ns3:cad>
          </ns3:TrackPointExtension>
        </extensions>
      </trkpt>
      <trkpt lat="30.2078276686370372772216796875" lon="120.2603101171553134918212890625">
        <ele>7.400000095367431640625</ele>
        <time>2026-08-31T23:13:16.000Z</time>
        <extensions>
          <ns3:TrackPointExtension>
            <ns3:atemp>31.0</ns3:atemp>
            <ns3:hr>151</ns3:hr>
            <ns3:cad>86</ns3:cad>
          </ns3:TrackPointExtension>
        </extensions>
      </trkpt>
      <trkpt lat="30.20780545659363269805908203125" lon="120.2603050880134105682373046875">
        <ele>7.400000095367431640625</ele>
        <time>2026-08-31T23:13:17.000Z</time>
        <extensions>
          <ns3:TrackPointExtension>
            <ns3:atemp>31.0</ns3:atemp>
            <ns3:hr>152</ns3:hr>
            <ns3:cad>86</ns3:cad>
          </ns3:TrackPointExtension>
        </extensions>
      </trkpt>
      <trkpt lat="30.20777746103703975677490234375" lon="120.26030324399471282958984375">
        <ele>7.400000095367431640625</ele>
        <time>2026-08-31T23:13:18.000Z</time>
        <extensions>
          <ns3:TrackPointExtension>
            <ns3:atemp>31.0</ns3:atemp>
            <ns3:hr>152</ns3:hr>
            <ns3:cad>86</ns3:cad>
          </ns3:TrackPointExtension>
        </extensions>
      </trkpt>
      <trkpt lat="30.2077529020607471466064453125" lon="120.2603017352521419525146484375">
        <ele>7.400000095367431640625</ele>
        <time>2026-08-31T23:13:19.000Z</time>
        <extensions>
          <ns3:TrackPointExtension>
            <ns3:atemp>31.0</ns3:atemp>
            <ns3:hr>152</ns3:hr>
            <ns3:cad>85</ns3:cad>
          </ns3:TrackPointExtension>
        </extensions>
      </trkpt>
      <trkpt lat="30.2077240683138370513916015625" lon="120.2603047527372837066650390625">
        <ele>7.19999980926513671875</ele>
        <time>2026-08-31T23:13:20.000Z</time>
        <extensions>
          <ns3:TrackPointExtension>
            <ns3:atemp>31.0</ns3:atemp>
            <ns3:hr>152</ns3:hr>
            <ns3:cad>84</ns3:cad>
          </ns3:TrackPointExtension>
        </extensions>
      </trkpt>
      <trkpt lat="30.2076969109475612640380859375" lon="120.26030584238469600677490234375">
        <ele>7.19999980926513671875</ele>
        <time>2026-08-31T23:13:21.000Z</time>
        <extensions>
          <ns3:TrackPointExtension>
            <ns3:atemp>31.0</ns3:atemp>
            <ns3:hr>152</ns3:hr>
            <ns3:cad>84</ns3:cad>
          </ns3:TrackPointExtension>
        </extensions>
      </trkpt>
      <trkpt lat="30.2076744474470615386962890625" lon="120.2603106200695037841796875">
        <ele>7.400000095367431640625</ele>
        <time>2026-08-31T23:13:22.000Z</time>
        <extensions>
          <ns3:TrackPointExtension>
            <ns3:atemp>31.0</ns3:atemp>
            <ns3:hr>152</ns3:hr>
            <ns3:cad>84</ns3:cad>
          </ns3:TrackPointExtension>
        </extensions>
      </trkpt>
      <trkpt lat="30.20764988847076892852783203125" lon="120.26030869223177433013916015625">
        <ele>7.400000095367431640625</ele>
        <time>2026-08-31T23:13:23.000Z</time>
        <extensions>
          <ns3:TrackPointExtension>
            <ns3:atemp>31.0</ns3:atemp>
            <ns3:hr>152</ns3:hr>
            <ns3:cad>85</ns3:cad>
          </ns3:TrackPointExtension>
        </extensions>
      </trkpt>
      <trkpt lat="30.20762759260833263397216796875" lon="120.26031087152659893035888671875">
        <ele>7.400000095367431640625</ele>
        <time>2026-08-31T23:13:24.000Z</time>
        <extensions>
          <ns3:TrackPointExtension>
            <ns3:atemp>31.0</ns3:atemp>
            <ns3:hr>151</ns3:hr>
            <ns3:cad>85</ns3:cad>
          </ns3:TrackPointExtension>
        </extensions>
      </trkpt>
      <trkpt lat="30.20760026760399341583251953125" lon="120.26031120680272579193115234375">
        <ele>7.400000095367431640625</ele>
        <time>2026-08-31T23:13:25.000Z</time>
        <extensions>
          <ns3:TrackPointExtension>
            <ns3:atemp>31.0</ns3:atemp>
            <ns3:hr>152</ns3:hr>
            <ns3:cad>85</ns3:cad>
          </ns3:TrackPointExtension>
        </extensions>
      </trkpt>
      <trkpt lat="30.20757562480866909027099609375" lon="120.26030852459371089935302734375">
        <ele>7.400000095367431640625</ele>
        <time>2026-08-31T23:13:26.000Z</time>
        <extensions>
          <ns3:TrackPointExtension>
            <ns3:atemp>31.0</ns3:atemp>
            <ns3:hr>152</ns3:hr>
            <ns3:cad>85</ns3:cad>
          </ns3:TrackPointExtension>
        </extensions>
      </trkpt>
      <trkpt lat="30.20755182020366191864013671875" lon="120.26030969806015491485595703125">
        <ele>7.400000095367431640625</ele>
        <time>2026-08-31T23:13:27.000Z</time>
        <extensions>
          <ns3:TrackPointExtension>
            <ns3:atemp>31.0</ns3:atemp>
            <ns3:hr>151</ns3:hr>
            <ns3:cad>85</ns3:cad>
          </ns3:TrackPointExtension>
        </extensions>
      </trkpt>
      <trkpt lat="30.20752139389514923095703125" lon="120.2603084407746791839599609375">
        <ele>7.599999904632568359375</ele>
        <time>2026-08-31T23:13:28.000Z</time>
        <extensions>
          <ns3:TrackPointExtension>
            <ns3:atemp>31.0</ns3:atemp>
            <ns3:hr>152</ns3:hr>
            <ns3:cad>85</ns3:cad>
          </ns3:TrackPointExtension>
        </extensions>
      </trkpt>
      <trkpt lat="30.2075007744133472442626953125" lon="120.260312967002391815185546875">
        <ele>7.599999904632568359375</ele>
        <time>2026-08-31T23:13:29.000Z</time>
        <extensions>
          <ns3:TrackPointExtension>
            <ns3:atemp>31.0</ns3:atemp>
            <ns3:hr>152</ns3:hr>
            <ns3:cad>84</ns3:cad>
          </ns3:TrackPointExtension>
        </extensions>
      </trkpt>
      <trkpt lat="30.20747219212353229522705078125" lon="120.2603121288120746612548828125">
        <ele>7.599999904632568359375</ele>
        <time>2026-08-31T23:13:30.000Z</time>
        <extensions>
          <ns3:TrackPointExtension>
            <ns3:atemp>31.0</ns3:atemp>
            <ns3:hr>152</ns3:hr>
            <ns3:cad>84</ns3:cad>
          </ns3:TrackPointExtension>
        </extensions>
      </trkpt>
      <trkpt lat="30.20745140500366687774658203125" lon="120.260313637554645538330078125">
        <ele>7.599999904632568359375</ele>
        <time>2026-08-31T23:13:31.000Z</time>
        <extensions>
          <ns3:TrackPointExtension>
            <ns3:atemp>30.0</ns3:atemp>
            <ns3:hr>152</ns3:hr>
            <ns3:cad>85</ns3:cad>
          </ns3:TrackPointExtension>
        </extensions>
      </trkpt>
      <trkpt lat="30.20742558874189853668212890625" lon="120.26031196117401123046875">
        <ele>7.599999904632568359375</ele>
        <time>2026-08-31T23:13:32.000Z</time>
        <extensions>
          <ns3:TrackPointExtension>
            <ns3:atemp>30.0</ns3:atemp>
            <ns3:hr>152</ns3:hr>
            <ns3:cad>86</ns3:cad>
          </ns3:TrackPointExtension>
        </extensions>
      </trkpt>
      <trkpt lat="30.2074013650417327880859375" lon="120.260306261479854583740234375">
        <ele>7.599999904632568359375</ele>
        <time>2026-08-31T23:13:33.000Z</time>
        <extensions>
          <ns3:TrackPointExtension>
            <ns3:atemp>31.0</ns3:atemp>
            <ns3:hr>152</ns3:hr>
            <ns3:cad>86</ns3:cad>
          </ns3:TrackPointExtension>
        </extensions>
      </trkpt>
      <trkpt lat="30.2073787339031696319580078125" lon="120.260305590927600860595703125">
        <ele>7.599999904632568359375</ele>
        <time>2026-08-31T23:13:34.000Z</time>
        <extensions>
          <ns3:TrackPointExtension>
            <ns3:atemp>31.0</ns3:atemp>
            <ns3:hr>152</ns3:hr>
            <ns3:cad>86</ns3:cad>
          </ns3:TrackPointExtension>
        </extensions>
      </trkpt>
      <trkpt lat="30.2073504030704498291015625" lon="120.26030215434730052947998046875">
        <ele>7.599999904632568359375</ele>
        <time>2026-08-31T23:13:35.000Z</time>
        <extensions>
          <ns3:TrackPointExtension>
            <ns3:atemp>31.0</ns3:atemp>
            <ns3:hr>152</ns3:hr>
            <ns3:cad>85</ns3:cad>
          </ns3:TrackPointExtension>
        </extensions>
      </trkpt>
      <trkpt lat="30.2073281072080135345458984375" lon="120.2603020705282688140869140625">
        <ele>7.599999904632568359375</ele>
        <time>2026-08-31T23:13:36.000Z</time>
        <extensions>
          <ns3:TrackPointExtension>
            <ns3:atemp>31.0</ns3:atemp>
            <ns3:hr>152</ns3:hr>
            <ns3:cad>85</ns3:cad>
          </ns3:TrackPointExtension>
        </extensions>
      </trkpt>
      <trkpt lat="30.2072972618043422698974609375" lon="120.2602998912334442138671875">
        <ele>7.599999904632568359375</ele>
        <time>2026-08-31T23:13:37.000Z</time>
        <extensions>
          <ns3:TrackPointExtension>
            <ns3:atemp>31.0</ns3:atemp>
            <ns3:hr>152</ns3:hr>
            <ns3:cad>85</ns3:cad>
          </ns3:TrackPointExtension>
        </extensions>
      </trkpt>
      <trkpt lat="30.2072731219232082366943359375" lon="120.2603000588715076446533203125">
        <ele>7.599999904632568359375</ele>
        <time>2026-08-31T23:13:38.000Z</time>
        <extensions>
          <ns3:TrackPointExtension>
            <ns3:atemp>31.0</ns3:atemp>
            <ns3:hr>152</ns3:hr>
            <ns3:cad>84</ns3:cad>
          </ns3:TrackPointExtension>
        </extensions>
      </trkpt>
      <trkpt lat="30.2072479762136936187744140625" lon="120.26030282489955425262451171875">
        <ele>7.599999904632568359375</ele>
        <time>2026-08-31T23:13:39.000Z</time>
        <extensions>
          <ns3:TrackPointExtension>
            <ns3:atemp>31.0</ns3:atemp>
            <ns3:hr>152</ns3:hr>
            <ns3:cad>84</ns3:cad>
          </ns3:TrackPointExtension>
        </extensions>
      </trkpt>
      <trkpt lat="30.20722090266644954681396484375" lon="120.26030860841274261474609375">
        <ele>7.599999904632568359375</ele>
        <time>2026-08-31T23:13:40.000Z</time>
        <extensions>
          <ns3:TrackPointExtension>
            <ns3:atemp>31.0</ns3:atemp>
            <ns3:hr>152</ns3:hr>
            <ns3:cad>85</ns3:cad>
          </ns3:TrackPointExtension>
        </extensions>
      </trkpt>
      <trkpt lat="30.20719910971820354461669921875" lon="120.26032025925815105438232421875">
        <ele>7.599999904632568359375</ele>
        <time>2026-08-31T23:13:41.000Z</time>
        <extensions>
          <ns3:TrackPointExtension>
            <ns3:atemp>31.0</ns3:atemp>
            <ns3:hr>152</ns3:hr>
            <ns3:cad>85</ns3:cad>
          </ns3:TrackPointExtension>
        </extensions>
      </trkpt>
      <trkpt lat="30.20717136561870574951171875" lon="120.26033551432192325592041015625">
        <ele>7.599999904632568359375</ele>
        <time>2026-08-31T23:13:42.000Z</time>
        <extensions>
          <ns3:TrackPointExtension>
            <ns3:atemp>31.0</ns3:atemp>
            <ns3:hr>152</ns3:hr>
            <ns3:cad>85</ns3:cad>
          </ns3:TrackPointExtension>
        </extensions>
      </trkpt>
      <trkpt lat="30.2071530930697917938232421875" lon="120.2603506855666637420654296875">
        <ele>7.400000095367431640625</ele>
        <time>2026-08-31T23:13:43.000Z</time>
        <extensions>
          <ns3:TrackPointExtension>
            <ns3:atemp>30.0</ns3:atemp>
            <ns3:hr>152</ns3:hr>
            <ns3:cad>85</ns3:cad>
          </ns3:TrackPointExtension>
        </extensions>
      </trkpt>
      <trkpt lat="30.20712685771286487579345703125" lon="120.260373316705226898193359375">
        <ele>7.400000095367431640625</ele>
        <time>2026-08-31T23:13:44.000Z</time>
        <extensions>
          <ns3:TrackPointExtension>
            <ns3:atemp>31.0</ns3:atemp>
            <ns3:hr>152</ns3:hr>
            <ns3:cad>85</ns3:cad>
          </ns3:TrackPointExtension>
        </extensions>
      </trkpt>
      <trkpt lat="30.20710892044007778167724609375" lon="120.26038731448352336883544921875">
        <ele>7.400000095367431640625</ele>
        <time>2026-08-31T23:13:45.000Z</time>
        <extensions>
          <ns3:TrackPointExtension>
            <ns3:atemp>31.0</ns3:atemp>
            <ns3:hr>152</ns3:hr>
            <ns3:cad>85</ns3:cad>
          </ns3:TrackPointExtension>
        </extensions>
      </trkpt>
      <trkpt lat="30.2070883847773075103759765625" lon="120.26040491648018360137939453125">
        <ele>7.400000095367431640625</ele>
        <time>2026-08-31T23:13:46.000Z</time>
        <extensions>
          <ns3:TrackPointExtension>
            <ns3:atemp>31.0</ns3:atemp>
            <ns3:hr>152</ns3:hr>
            <ns3:cad>85</ns3:cad>
          </ns3:TrackPointExtension>
        </extensions>
      </trkpt>
      <trkpt lat="30.20706902258098125457763671875" lon="120.2604274637997150421142578125">
        <ele>7.19999980926513671875</ele>
        <time>2026-08-31T23:13:47.000Z</time>
        <extensions>
          <ns3:TrackPointExtension>
            <ns3:atemp>31.0</ns3:atemp>
            <ns3:hr>152</ns3:hr>
            <ns3:cad>85</ns3:cad>
          </ns3:TrackPointExtension>
        </extensions>
      </trkpt>
      <trkpt lat="30.20706047303974628448486328125" lon="120.26044900529086589813232421875">
        <ele>7.19999980926513671875</ele>
        <time>2026-08-31T23:13:48.000Z</time>
        <extensions>
          <ns3:TrackPointExtension>
            <ns3:atemp>31.0</ns3:atemp>
            <ns3:hr>152</ns3:hr>
            <ns3:cad>85</ns3:cad>
          </ns3:TrackPointExtension>
        </extensions>
      </trkpt>
      <trkpt lat="30.207055695354938507080078125" lon="120.26047951541841030120849609375">
        <ele>7.400000095367431640625</ele>
        <time>2026-08-31T23:13:49.000Z</time>
        <extensions>
          <ns3:TrackPointExtension>
            <ns3:atemp>31.0</ns3:atemp>
            <ns3:hr>152</ns3:hr>
            <ns3:cad>84</ns3:cad>
          </ns3:TrackPointExtension>
        </extensions>
      </trkpt>
      <trkpt lat="30.2070629037916660308837890625" lon="120.2605002187192440032958984375">
        <ele>7.19999980926513671875</ele>
        <time>2026-08-31T23:13:50.000Z</time>
        <extensions>
          <ns3:TrackPointExtension>
            <ns3:atemp>31.0</ns3:atemp>
            <ns3:hr>152</ns3:hr>
            <ns3:cad>84</ns3:cad>
          </ns3:TrackPointExtension>
        </extensions>
      </trkpt>
      <trkpt lat="30.20706483162939548492431640625" lon="120.260528884828090667724609375">
        <ele>7.19999980926513671875</ele>
        <time>2026-08-31T23:13:51.000Z</time>
        <extensions>
          <ns3:TrackPointExtension>
            <ns3:atemp>31.0</ns3:atemp>
            <ns3:hr>153</ns3:hr>
            <ns3:cad>84</ns3:cad>
          </ns3:TrackPointExtension>
        </extensions>
      </trkpt>
      <trkpt lat="30.20706583745777606964111328125" lon="120.2605592273175716400146484375">
        <ele>7.19999980926513671875</ele>
        <time>2026-08-31T23:13:52.000Z</time>
        <extensions>
          <ns3:TrackPointExtension>
            <ns3:atemp>30.0</ns3:atemp>
            <ns3:hr>152</ns3:hr>
            <ns3:cad>84</ns3:cad>
          </ns3:TrackPointExtension>
        </extensions>
      </trkpt>
      <trkpt lat="30.2070709504187107086181640625" lon="120.26058563031256198883056640625">
        <ele>7.19999980926513671875</ele>
        <time>2026-08-31T23:13:53.000Z</time>
        <extensions>
          <ns3:TrackPointExtension>
            <ns3:atemp>31.0</ns3:atemp>
            <ns3:hr>152</ns3:hr>
            <ns3:cad>84</ns3:cad>
          </ns3:TrackPointExtension>
        </extensions>
      </trkpt>
      <trkpt lat="30.20707120187580585479736328125" lon="120.26062200777232646942138671875">
        <ele>7.19999980926513671875</ele>
        <time>2026-08-31T23:13:54.000Z</time>
        <extensions>
          <ns3:TrackPointExtension>
            <ns3:atemp>30.0</ns3:atemp>
            <ns3:hr>152</ns3:hr>
            <ns3:cad>84</ns3:cad>
          </ns3:TrackPointExtension>
        </extensions>
      </trkpt>
      <trkpt lat="30.20707824267446994781494140625" lon="120.260647572576999664306640625">
        <ele>7.400000095367431640625</ele>
        <time>2026-08-31T23:13:55.000Z</time>
        <extensions>
          <ns3:TrackPointExtension>
            <ns3:atemp>31.0</ns3:atemp>
            <ns3:hr>152</ns3:hr>
            <ns3:cad>84</ns3:cad>
          </ns3:TrackPointExtension>
        </extensions>
      </trkpt>
      <trkpt lat="30.207079164683818817138671875" lon="120.26068353094160556793212890625">
        <ele>7.19999980926513671875</ele>
        <time>2026-08-31T23:13:56.000Z</time>
        <extensions>
          <ns3:TrackPointExtension>
            <ns3:atemp>30.0</ns3:atemp>
            <ns3:hr>152</ns3:hr>
            <ns3:cad>85</ns3:cad>
          </ns3:TrackPointExtension>
        </extensions>
      </trkpt>
      <trkpt lat="30.2070773206651210784912109375" lon="120.2607117779552936553955078125">
        <ele>7.400000095367431640625</ele>
        <time>2026-08-31T23:13:57.000Z</time>
        <extensions>
          <ns3:TrackPointExtension>
            <ns3:atemp>31.0</ns3:atemp>
            <ns3:hr>151</ns3:hr>
            <ns3:cad>86</ns3:cad>
          </ns3:TrackPointExtension>
        </extensions>
      </trkpt>
      <trkpt lat="30.2070776559412479400634765625" lon="120.26074807159602642059326171875">
        <ele>7.400000095367431640625</ele>
        <time>2026-08-31T23:13:58.000Z</time>
        <extensions>
          <ns3:TrackPointExtension>
            <ns3:atemp>30.0</ns3:atemp>
            <ns3:hr>152</ns3:hr>
            <ns3:cad>86</ns3:cad>
          </ns3:TrackPointExtension>
        </extensions>
      </trkpt>
      <trkpt lat="30.20707807503640651702880859375" lon="120.26077958755195140838623046875">
        <ele>7.400000095367431640625</ele>
        <time>2026-08-31T23:13:59.000Z</time>
        <extensions>
          <ns3:TrackPointExtension>
            <ns3:atemp>30.0</ns3:atemp>
            <ns3:hr>152</ns3:hr>
            <ns3:cad>86</ns3:cad>
          </ns3:TrackPointExtension>
        </extensions>
      </trkpt>
      <trkpt lat="30.20707857795059680938720703125" lon="120.260807164013385772705078125">
        <ele>7.400000095367431640625</ele>
        <time>2026-08-31T23:14:00.000Z</time>
        <extensions>
          <ns3:TrackPointExtension>
            <ns3:atemp>30.0</ns3:atemp>
            <ns3:hr>152</ns3:hr>
            <ns3:cad>86</ns3:cad>
          </ns3:TrackPointExtension>
        </extensions>
      </trkpt>
      <trkpt lat="30.20707891322672367095947265625" lon="120.26084178127348423004150390625">
        <ele>7.599999904632568359375</ele>
        <time>2026-08-31T23:14:01.000Z</time>
        <extensions>
          <ns3:TrackPointExtension>
            <ns3:atemp>31.0</ns3:atemp>
            <ns3:hr>152</ns3:hr>
            <ns3:cad>86</ns3:cad>
          </ns3:TrackPointExtension>
        </extensions>
      </trkpt>
      <trkpt lat="30.2070816792547702789306640625" lon="120.26086625643074512481689453125">
        <ele>7.599999904632568359375</ele>
        <time>2026-08-31T23:14:02.000Z</time>
        <extensions>
          <ns3:TrackPointExtension>
            <ns3:atemp>30.0</ns3:atemp>
            <ns3:hr>153</ns3:hr>
            <ns3:cad>86</ns3:cad>
          </ns3:TrackPointExtension>
        </extensions>
      </trkpt>
      <trkpt lat="30.20708142779767513275146484375" lon="120.260895676910877227783203125">
        <ele>7.400000095367431640625</ele>
        <time>2026-08-31T23:14:03.000Z</time>
        <extensions>
          <ns3:TrackPointExtension>
            <ns3:atemp>31.0</ns3:atemp>
            <ns3:hr>153</ns3:hr>
            <ns3:cad>86</ns3:cad>
          </ns3:TrackPointExtension>
        </extensions>
      </trkpt>
      <trkpt lat="30.2070860378444194793701171875" lon="120.2609186433255672454833984375">
        <ele>7.599999904632568359375</ele>
        <time>2026-08-31T23:14:04.000Z</time>
        <extensions>
          <ns3:TrackPointExtension>
            <ns3:atemp>31.0</ns3:atemp>
            <ns3:hr>154</ns3:hr>
            <ns3:cad>86</ns3:cad>
          </ns3:TrackPointExtension>
        </extensions>
      </trkpt>
      <trkpt lat="30.20708427764475345611572265625" lon="120.26095099747180938720703125">
        <ele>7.599999904632568359375</ele>
        <time>2026-08-31T23:14:05.000Z</time>
        <extensions>
          <ns3:TrackPointExtension>
            <ns3:atemp>30.0</ns3:atemp>
            <ns3:hr>154</ns3:hr>
            <ns3:cad>87</ns3:cad>
          </ns3:TrackPointExtension>
        </extensions>
      </trkpt>
      <trkpt lat="30.2070836909115314483642578125" lon="120.26097790338099002838134765625">
        <ele>7.599999904632568359375</ele>
        <time>2026-08-31T23:14:06.000Z</time>
        <extensions>
          <ns3:TrackPointExtension>
            <ns3:atemp>30.0</ns3:atemp>
            <ns3:hr>155</ns3:hr>
            <ns3:cad>87</ns3:cad>
          </ns3:TrackPointExtension>
        </extensions>
      </trkpt>
      <trkpt lat="30.20708360709249973297119140625" lon="120.26100925169885158538818359375">
        <ele>7.599999904632568359375</ele>
        <time>2026-08-31T23:14:07.000Z</time>
        <extensions>
          <ns3:TrackPointExtension>
            <ns3:atemp>31.0</ns3:atemp>
            <ns3:hr>155</ns3:hr>
            <ns3:cad>87</ns3:cad>
          </ns3:TrackPointExtension>
        </extensions>
      </trkpt>
      <trkpt lat="30.20707874558866024017333984375" lon="120.26103976182639598846435546875">
        <ele>7.599999904632568359375</ele>
        <time>2026-08-31T23:14:08.000Z</time>
        <extensions>
          <ns3:TrackPointExtension>
            <ns3:atemp>31.0</ns3:atemp>
            <ns3:hr>155</ns3:hr>
            <ns3:cad>87</ns3:cad>
          </ns3:TrackPointExtension>
        </extensions>
      </trkpt>
      <trkpt lat="30.20707338117063045501708984375" lon="120.26107169687747955322265625">
        <ele>7.599999904632568359375</ele>
        <time>2026-08-31T23:14:09.000Z</time>
        <extensions>
          <ns3:TrackPointExtension>
            <ns3:atemp>31.0</ns3:atemp>
            <ns3:hr>156</ns3:hr>
            <ns3:cad>87</ns3:cad>
          </ns3:TrackPointExtension>
        </extensions>
      </trkpt>
      <trkpt lat="30.20707757212221622467041015625" lon="120.261102877557277679443359375">
        <ele>7.599999904632568359375</ele>
        <time>2026-08-31T23:14:10.000Z</time>
        <extensions>
          <ns3:TrackPointExtension>
            <ns3:atemp>31.0</ns3:atemp>
            <ns3:hr>156</ns3:hr>
            <ns3:cad>87</ns3:cad>
          </ns3:TrackPointExtension>
        </extensions>
      </trkpt>
      <trkpt lat="30.20708712749183177947998046875" lon="120.2611275203526020050048828125">
        <ele>7.599999904632568359375</ele>
        <time>2026-08-31T23:14:11.000Z</time>
        <extensions>
          <ns3:TrackPointExtension>
            <ns3:atemp>31.0</ns3:atemp>
            <ns3:hr>156</ns3:hr>
            <ns3:cad>87</ns3:cad>
          </ns3:TrackPointExtension>
        </extensions>
      </trkpt>
      <trkpt lat="30.20708687603473663330078125" lon="120.2611627243459224700927734375">
        <ele>7.599999904632568359375</ele>
        <time>2026-08-31T23:14:12.000Z</time>
        <extensions>
          <ns3:TrackPointExtension>
            <ns3:atemp>30.0</ns3:atemp>
            <ns3:hr>156</ns3:hr>
            <ns3:cad>87</ns3:cad>
          </ns3:TrackPointExtension>
        </extensions>
      </trkpt>
      <trkpt lat="30.20709182135760784149169921875" lon="120.2611855231225490570068359375">
        <ele>7.80000019073486328125</ele>
        <time>2026-08-31T23:14:13.000Z</time>
        <extensions>
          <ns3:TrackPointExtension>
            <ns3:atemp>30.0</ns3:atemp>
            <ns3:hr>156</ns3:hr>
            <ns3:cad>87</ns3:cad>
          </ns3:TrackPointExtension>
        </extensions>
      </trkpt>
      <trkpt lat="30.20708955824375152587890625" lon="120.2612247504293918609619140625">
        <ele>7.599999904632568359375</ele>
        <time>2026-08-31T23:14:14.000Z</time>
        <extensions>
          <ns3:TrackPointExtension>
            <ns3:atemp>30.0</ns3:atemp>
            <ns3:hr>156</ns3:hr>
            <ns3:cad>87</ns3:cad>
          </ns3:TrackPointExtension>
        </extensions>
      </trkpt>
      <trkpt lat="30.2070833556354045867919921875" lon="120.26125299744307994842529296875">
        <ele>7.80000019073486328125</ele>
        <time>2026-08-31T23:14:15.000Z</time>
        <extensions>
          <ns3:TrackPointExtension>
            <ns3:atemp>31.0</ns3:atemp>
            <ns3:hr>156</ns3:hr>
            <ns3:cad>87</ns3:cad>
          </ns3:TrackPointExtension>
        </extensions>
      </trkpt>
      <trkpt lat="30.20707874558866024017333984375" lon="120.2612897939980030059814453125">
        <ele>7.80000019073486328125</ele>
        <time>2026-08-31T23:14:16.000Z</time>
        <extensions>
          <ns3:TrackPointExtension>
            <ns3:atemp>30.0</ns3:atemp>
            <ns3:hr>156</ns3:hr>
            <ns3:cad>87</ns3:cad>
          </ns3:TrackPointExtension>
        </extensions>
      </trkpt>
      <trkpt lat="30.20707522518932819366455078125" lon="120.2613270096480846405029296875">
        <ele>7.599999904632568359375</ele>
        <time>2026-08-31T23:14:17.000Z</time>
        <extensions>
          <ns3:TrackPointExtension>
            <ns3:atemp>30.0</ns3:atemp>
            <ns3:hr>157</ns3:hr>
            <ns3:cad>87</ns3:cad>
          </ns3:TrackPointExtension>
        </extensions>
      </trkpt>
      <trkpt lat="30.20707639865577220916748046875" lon="120.2613618783652782440185546875">
        <ele>7.599999904632568359375</ele>
        <time>2026-08-31T23:14:18.000Z</time>
        <extensions>
          <ns3:TrackPointExtension>
            <ns3:atemp>30.0</ns3:atemp>
            <ns3:hr>157</ns3:hr>
            <ns3:cad>87</ns3:cad>
          </ns3:TrackPointExtension>
        </extensions>
      </trkpt>
      <trkpt lat="30.207079164683818817138671875" lon="120.26140202768146991729736328125">
        <ele>7.599999904632568359375</ele>
        <time>2026-08-31T23:14:19.000Z</time>
        <extensions>
          <ns3:TrackPointExtension>
            <ns3:atemp>30.0</ns3:atemp>
            <ns3:hr>157</ns3:hr>
            <ns3:cad>87</ns3:cad>
          </ns3:TrackPointExtension>
        </extensions>
      </trkpt>
      <trkpt lat="30.2070848643779754638671875" lon="120.261433124542236328125">
        <ele>7.599999904632568359375</ele>
        <time>2026-08-31T23:14:20.000Z</time>
        <extensions>
          <ns3:TrackPointExtension>
            <ns3:atemp>30.0</ns3:atemp>
            <ns3:hr>158</ns3:hr>
            <ns3:cad>87</ns3:cad>
          </ns3:TrackPointExtension>
        </extensions>
      </trkpt>
      <trkpt lat="30.2070836909115314483642578125" lon="120.26147268712520599365234375">
        <ele>7.599999904632568359375</ele>
        <time>2026-08-31T23:14:21.000Z</time>
        <extensions>
          <ns3:TrackPointExtension>
            <ns3:atemp>31.0</ns3:atemp>
            <ns3:hr>158</ns3:hr>
            <ns3:cad>87</ns3:cad>
          </ns3:TrackPointExtension>
        </extensions>
      </trkpt>
      <trkpt lat="30.20708394236862659454345703125" lon="120.2615003474056720733642578125">
        <ele>7.599999904632568359375</ele>
        <time>2026-08-31T23:14:22.000Z</time>
        <extensions>
          <ns3:TrackPointExtension>
            <ns3:atemp>30.0</ns3:atemp>
            <ns3:hr>158</ns3:hr>
            <ns3:cad>87</ns3:cad>
          </ns3:TrackPointExtension>
        </extensions>
      </trkpt>
      <trkpt lat="30.20708427764475345611572265625" lon="120.26153035461902618408203125">
        <ele>7.599999904632568359375</ele>
        <time>2026-08-31T23:14:23.000Z</time>
        <extensions>
          <ns3:TrackPointExtension>
            <ns3:atemp>30.0</ns3:atemp>
            <ns3:hr>158</ns3:hr>
            <ns3:cad>87</ns3:cad>
          </ns3:TrackPointExtension>
        </extensions>
      </trkpt>
      <trkpt lat="30.20708042196929454803466796875" lon="120.26155893690884113311767578125">
        <ele>7.599999904632568359375</ele>
        <time>2026-08-31T23:14:24.000Z</time>
        <extensions>
          <ns3:TrackPointExtension>
            <ns3:atemp>30.0</ns3:atemp>
            <ns3:hr>157</ns3:hr>
            <ns3:cad>86</ns3:cad>
          </ns3:TrackPointExtension>
        </extensions>
      </trkpt>
      <trkpt lat="30.20708042196929454803466796875" lon="120.26158827356994152069091796875">
        <ele>7.80000019073486328125</ele>
        <time>2026-08-31T23:14:25.000Z</time>
        <extensions>
          <ns3:TrackPointExtension>
            <ns3:atemp>30.0</ns3:atemp>
            <ns3:hr>158</ns3:hr>
            <ns3:cad>86</ns3:cad>
          </ns3:TrackPointExtension>
        </extensions>
      </trkpt>
      <trkpt lat="30.2070830203592777252197265625" lon="120.26162247173488140106201171875">
        <ele>7.80000019073486328125</ele>
        <time>2026-08-31T23:14:26.000Z</time>
        <extensions>
          <ns3:TrackPointExtension>
            <ns3:atemp>30.0</ns3:atemp>
            <ns3:hr>158</ns3:hr>
            <ns3:cad>85</ns3:cad>
          </ns3:TrackPointExtension>
        </extensions>
      </trkpt>
      <trkpt lat="30.20708595402538776397705078125" lon="120.26165465824306011199951171875">
        <ele>7.80000019073486328125</ele>
        <time>2026-08-31T23:14:27.000Z</time>
        <extensions>
          <ns3:TrackPointExtension>
            <ns3:atemp>30.0</ns3:atemp>
            <ns3:hr>157</ns3:hr>
            <ns3:cad>85</ns3:cad>
          </ns3:TrackPointExtension>
        </extensions>
      </trkpt>
      <trkpt lat="30.20708595402538776397705078125" lon="120.2616830728948116302490234375">
        <ele>7.80000019073486328125</ele>
        <time>2026-08-31T23:14:28.000Z</time>
        <extensions>
          <ns3:TrackPointExtension>
            <ns3:atemp>30.0</ns3:atemp>
            <ns3:hr>158</ns3:hr>
            <ns3:cad>85</ns3:cad>
          </ns3:TrackPointExtension>
        </extensions>
      </trkpt>
      <trkpt lat="30.20708863623440265655517578125" lon="120.261707715690135955810546875">
        <ele>7.80000019073486328125</ele>
        <time>2026-08-31T23:14:29.000Z</time>
        <extensions>
          <ns3:TrackPointExtension>
            <ns3:atemp>30.0</ns3:atemp>
            <ns3:hr>158</ns3:hr>
            <ns3:cad>86</ns3:cad>
          </ns3:TrackPointExtension>
        </extensions>
      </trkpt>
      <trkpt lat="30.2070877142250537872314453125" lon="120.2617427520453929901123046875">
        <ele>7.80000019073486328125</ele>
        <time>2026-08-31T23:14:30.000Z</time>
        <extensions>
          <ns3:TrackPointExtension>
            <ns3:atemp>30.0</ns3:atemp>
            <ns3:hr>158</ns3:hr>
            <ns3:cad>86</ns3:cad>
          </ns3:TrackPointExtension>
        </extensions>
      </trkpt>
      <trkpt lat="30.2070816792547702789306640625" lon="120.26176831685006618499755859375">
        <ele>7.80000019073486328125</ele>
        <time>2026-08-31T23:14:31.000Z</time>
        <extensions>
          <ns3:TrackPointExtension>
            <ns3:atemp>30.0</ns3:atemp>
            <ns3:hr>158</ns3:hr>
            <ns3:cad>86</ns3:cad>
          </ns3:TrackPointExtension>
        </extensions>
      </trkpt>
      <trkpt lat="30.20707807503640651702880859375" lon="120.26180033572018146514892578125">
        <ele>8</ele>
        <time>2026-08-31T23:14:32.000Z</time>
        <extensions>
          <ns3:TrackPointExtension>
            <ns3:atemp>30.0</ns3:atemp>
            <ns3:hr>158</ns3:hr>
            <ns3:cad>86</ns3:cad>
          </ns3:TrackPointExtension>
        </extensions>
      </trkpt>
      <trkpt lat="30.20707589574158191680908203125" lon="120.26183034293353557586669921875">
        <ele>8</ele>
        <time>2026-08-31T23:14:33.000Z</time>
        <extensions>
          <ns3:TrackPointExtension>
            <ns3:atemp>31.0</ns3:atemp>
            <ns3:hr>159</ns3:hr>
            <ns3:cad>86</ns3:cad>
          </ns3:TrackPointExtension>
        </extensions>
      </trkpt>
      <trkpt lat="30.20707539282739162445068359375" lon="120.2618611045181751251220703125">
        <ele>8</ele>
        <time>2026-08-31T23:14:34.000Z</time>
        <extensions>
          <ns3:TrackPointExtension>
            <ns3:atemp>30.0</ns3:atemp>
            <ns3:hr>159</ns3:hr>
            <ns3:cad>86</ns3:cad>
          </ns3:TrackPointExtension>
        </extensions>
      </trkpt>
      <trkpt lat="30.207075141370296478271484375" lon="120.261897146701812744140625">
        <ele>8</ele>
        <time>2026-08-31T23:14:35.000Z</time>
        <extensions>
          <ns3:TrackPointExtension>
            <ns3:atemp>30.0</ns3:atemp>
            <ns3:hr>159</ns3:hr>
            <ns3:cad>86</ns3:cad>
          </ns3:TrackPointExtension>
        </extensions>
      </trkpt>
      <trkpt lat="30.20707170478999614715576171875" lon="120.26192388497292995452880859375">
        <ele>7.80000019073486328125</ele>
        <time>2026-08-31T23:14:36.000Z</time>
        <extensions>
          <ns3:TrackPointExtension>
            <ns3:atemp>30.0</ns3:atemp>
            <ns3:hr>159</ns3:hr>
            <ns3:cad>86</ns3:cad>
          </ns3:TrackPointExtension>
        </extensions>
      </trkpt>
      <trkpt lat="30.207068435847759246826171875" lon="120.26195456273853778839111328125">
        <ele>7.80000019073486328125</ele>
        <time>2026-08-31T23:14:37.000Z</time>
        <extensions>
          <ns3:TrackPointExtension>
            <ns3:atemp>30.0</ns3:atemp>
            <ns3:hr>159</ns3:hr>
            <ns3:cad>86</ns3:cad>
          </ns3:TrackPointExtension>
        </extensions>
      </trkpt>
      <trkpt lat="30.20706315524876117706298828125" lon="120.26198021136224269866943359375">
        <ele>8</ele>
        <time>2026-08-31T23:14:38.000Z</time>
        <extensions>
          <ns3:TrackPointExtension>
            <ns3:atemp>30.0</ns3:atemp>
            <ns3:hr>159</ns3:hr>
            <ns3:cad>86</ns3:cad>
          </ns3:TrackPointExtension>
        </extensions>
      </trkpt>
      <trkpt lat="30.20706214942038059234619140625" lon="120.2620084583759307861328125">
        <ele>7.80000019073486328125</ele>
        <time>2026-08-31T23:14:39.000Z</time>
        <extensions>
          <ns3:TrackPointExtension>
            <ns3:atemp>30.0</ns3:atemp>
            <ns3:hr>158</ns3:hr>
            <ns3:cad>86</ns3:cad>
          </ns3:TrackPointExtension>
        </extensions>
      </trkpt>
      <trkpt lat="30.20705929957330226898193359375" lon="120.26204240508377552032470703125">
        <ele>7.80000019073486328125</ele>
        <time>2026-08-31T23:14:40.000Z</time>
        <extensions>
          <ns3:TrackPointExtension>
            <ns3:atemp>30.0</ns3:atemp>
            <ns3:hr>158</ns3:hr>
            <ns3:cad>86</ns3:cad>
          </ns3:TrackPointExtension>
        </extensions>
      </trkpt>
      <trkpt lat="30.20705695264041423797607421875" lon="120.2620683051645755767822265625">
        <ele>7.80000019073486328125</ele>
        <time>2026-08-31T23:14:41.000Z</time>
        <extensions>
          <ns3:TrackPointExtension>
            <ns3:atemp>30.0</ns3:atemp>
            <ns3:hr>157</ns3:hr>
            <ns3:cad>86</ns3:cad>
          </ns3:TrackPointExtension>
        </extensions>
      </trkpt>
      <trkpt lat="30.20705846138298511505126953125" lon="120.26210359297692775726318359375">
        <ele>7.80000019073486328125</ele>
        <time>2026-08-31T23:14:42.000Z</time>
        <extensions>
          <ns3:TrackPointExtension>
            <ns3:atemp>30.0</ns3:atemp>
            <ns3:hr>157</ns3:hr>
            <ns3:cad>85</ns3:cad>
          </ns3:TrackPointExtension>
        </extensions>
      </trkpt>
      <trkpt lat="30.20705812610685825347900390625" lon="120.2621264755725860595703125">
        <ele>7.599999904632568359375</ele>
        <time>2026-08-31T23:14:43.000Z</time>
        <extensions>
          <ns3:TrackPointExtension>
            <ns3:atemp>30.0</ns3:atemp>
            <ns3:hr>157</ns3:hr>
            <ns3:cad>86</ns3:cad>
          </ns3:TrackPointExtension>
        </extensions>
      </trkpt>
      <trkpt lat="30.207059048116207122802734375" lon="120.26215958409011363983154296875">
        <ele>7.599999904632568359375</ele>
        <time>2026-08-31T23:14:44.000Z</time>
        <extensions>
          <ns3:TrackPointExtension>
            <ns3:atemp>30.0</ns3:atemp>
            <ns3:hr>157</ns3:hr>
            <ns3:cad>86</ns3:cad>
          </ns3:TrackPointExtension>
        </extensions>
      </trkpt>
      <trkpt lat="30.2070598863065242767333984375" lon="120.262183807790279388427734375">
        <ele>7.599999904632568359375</ele>
        <time>2026-08-31T23:14:45.000Z</time>
        <extensions>
          <ns3:TrackPointExtension>
            <ns3:atemp>30.0</ns3:atemp>
            <ns3:hr>156</ns3:hr>
            <ns3:cad>86</ns3:cad>
          </ns3:TrackPointExtension>
        </extensions>
      </trkpt>
      <trkpt lat="30.20706399343907833099365234375" lon="120.26221574284136295318603515625">
        <ele>7.599999904632568359375</ele>
        <time>2026-08-31T23:14:46.000Z</time>
        <extensions>
          <ns3:TrackPointExtension>
            <ns3:atemp>30.0</ns3:atemp>
            <ns3:hr>156</ns3:hr>
            <ns3:cad>87</ns3:cad>
          </ns3:TrackPointExtension>
        </extensions>
      </trkpt>
      <trkpt lat="30.20706407725811004638671875" lon="120.2622480131685733795166015625">
        <ele>7.599999904632568359375</ele>
        <time>2026-08-31T23:14:47.000Z</time>
        <extensions>
          <ns3:TrackPointExtension>
            <ns3:atemp>30.0</ns3:atemp>
            <ns3:hr>156</ns3:hr>
            <ns3:cad>87</ns3:cad>
          </ns3:TrackPointExtension>
        </extensions>
      </trkpt>
      <trkpt lat="30.20706281997263431549072265625" lon="120.26228497736155986785888671875">
        <ele>7.599999904632568359375</ele>
        <time>2026-08-31T23:14:48.000Z</time>
        <extensions>
          <ns3:TrackPointExtension>
            <ns3:atemp>30.0</ns3:atemp>
            <ns3:hr>156</ns3:hr>
            <ns3:cad>86</ns3:cad>
          </ns3:TrackPointExtension>
        </extensions>
      </trkpt>
      <trkpt lat="30.20706214942038059234619140625" lon="120.26231716386973857879638671875">
        <ele>7.80000019073486328125</ele>
        <time>2026-08-31T23:14:49.000Z</time>
        <extensions>
          <ns3:TrackPointExtension>
            <ns3:atemp>30.0</ns3:atemp>
            <ns3:hr>156</ns3:hr>
            <ns3:cad>86</ns3:cad>
          </ns3:TrackPointExtension>
        </extensions>
      </trkpt>
      <trkpt lat="30.207064412534236907958984375" lon="120.262347757816314697265625">
        <ele>7.599999904632568359375</ele>
        <time>2026-08-31T23:14:50.000Z</time>
        <extensions>
          <ns3:TrackPointExtension>
            <ns3:atemp>30.0</ns3:atemp>
            <ns3:hr>156</ns3:hr>
            <ns3:cad>86</ns3:cad>
          </ns3:TrackPointExtension>
        </extensions>
      </trkpt>
      <trkpt lat="30.2070615626871585845947265625" lon="120.26238639838993549346923828125">
        <ele>7.599999904632568359375</ele>
        <time>2026-08-31T23:14:51.000Z</time>
        <extensions>
          <ns3:TrackPointExtension>
            <ns3:atemp>30.0</ns3:atemp>
            <ns3:hr>156</ns3:hr>
            <ns3:cad>86</ns3:cad>
          </ns3:TrackPointExtension>
        </extensions>
      </trkpt>
      <trkpt lat="30.207059718668460845947265625" lon="120.2624094486236572265625">
        <ele>7.599999904632568359375</ele>
        <time>2026-08-31T23:14:52.000Z</time>
        <extensions>
          <ns3:TrackPointExtension>
            <ns3:atemp>30.0</ns3:atemp>
            <ns3:hr>156</ns3:hr>
            <ns3:cad>86</ns3:cad>
          </ns3:TrackPointExtension>
        </extensions>
      </trkpt>
      <trkpt lat="30.2070580422878265380859375" lon="120.26244373060762882232666015625">
        <ele>7.599999904632568359375</ele>
        <time>2026-08-31T23:14:53.000Z</time>
        <extensions>
          <ns3:TrackPointExtension>
            <ns3:atemp>30.0</ns3:atemp>
            <ns3:hr>156</ns3:hr>
            <ns3:cad>87</ns3:cad>
          </ns3:TrackPointExtension>
        </extensions>
      </trkpt>
      <trkpt lat="30.20706701092422008514404296875" lon="120.262471474707126617431640625">
        <ele>7.400000095367431640625</ele>
        <time>2026-08-31T23:14:54.000Z</time>
        <extensions>
          <ns3:TrackPointExtension>
            <ns3:atemp>30.0</ns3:atemp>
            <ns3:hr>156</ns3:hr>
            <ns3:cad>88</ns3:cad>
          </ns3:TrackPointExtension>
        </extensions>
      </trkpt>
      <trkpt lat="30.207071788609027862548828125" lon="120.2625041641294956207275390625">
        <ele>7.400000095367431640625</ele>
        <time>2026-08-31T23:14:55.000Z</time>
        <extensions>
          <ns3:TrackPointExtension>
            <ns3:atemp>30.0</ns3:atemp>
            <ns3:hr>156</ns3:hr>
            <ns3:cad>88</ns3:cad>
          </ns3:TrackPointExtension>
        </extensions>
      </trkpt>
      <trkpt lat="30.20706717856228351593017578125" lon="120.26253291405737400054931640625">
        <ele>7.599999904632568359375</ele>
        <time>2026-08-31T23:14:56.000Z</time>
        <extensions>
          <ns3:TrackPointExtension>
            <ns3:atemp>30.0</ns3:atemp>
            <ns3:hr>156</ns3:hr>
            <ns3:cad>88</ns3:cad>
          </ns3:TrackPointExtension>
        </extensions>
      </trkpt>
      <trkpt lat="30.20706969313323497772216796875" lon="120.26256660930812358856201171875">
        <ele>7.400000095367431640625</ele>
        <time>2026-08-31T23:14:57.000Z</time>
        <extensions>
          <ns3:TrackPointExtension>
            <ns3:atemp>30.0</ns3:atemp>
            <ns3:hr>156</ns3:hr>
            <ns3:cad>86</ns3:cad>
          </ns3:TrackPointExtension>
        </extensions>
      </trkpt>
      <trkpt lat="30.20706818439066410064697265625" lon="120.26259644888341426849365234375">
        <ele>7.599999904632568359375</ele>
        <time>2026-08-31T23:14:58.000Z</time>
        <extensions>
          <ns3:TrackPointExtension>
            <ns3:atemp>30.0</ns3:atemp>
            <ns3:hr>155</ns3:hr>
            <ns3:cad>86</ns3:cad>
          </ns3:TrackPointExtension>
        </extensions>
      </trkpt>
      <trkpt lat="30.207071788609027862548828125" lon="120.2626265399158000946044921875">
        <ele>7.599999904632568359375</ele>
        <time>2026-08-31T23:14:59.000Z</time>
        <extensions>
          <ns3:TrackPointExtension>
            <ns3:atemp>30.0</ns3:atemp>
            <ns3:hr>156</ns3:hr>
            <ns3:cad>86</ns3:cad>
          </ns3:TrackPointExtension>
        </extensions>
      </trkpt>
      <trkpt lat="30.20707547664642333984375" lon="120.26265646331012248992919921875">
        <ele>7.400000095367431640625</ele>
        <time>2026-08-31T23:15:00.000Z</time>
        <extensions>
          <ns3:TrackPointExtension>
            <ns3:atemp>30.0</ns3:atemp>
            <ns3:hr>156</ns3:hr>
            <ns3:cad>87</ns3:cad>
          </ns3:TrackPointExtension>
        </extensions>
      </trkpt>
      <trkpt lat="30.2070794999599456787109375" lon="120.26268429122865200042724609375">
        <ele>7.400000095367431640625</ele>
        <time>2026-08-31T23:15:01.000Z</time>
        <extensions>
          <ns3:TrackPointExtension>
            <ns3:atemp>30.0</ns3:atemp>
            <ns3:hr>156</ns3:hr>
            <ns3:cad>87</ns3:cad>
          </ns3:TrackPointExtension>
        </extensions>
      </trkpt>
      <trkpt lat="30.2070803381502628326416015625" lon="120.26271781884133815765380859375">
        <ele>7.400000095367431640625</ele>
        <time>2026-08-31T23:15:02.000Z</time>
        <extensions>
          <ns3:TrackPointExtension>
            <ns3:atemp>30.0</ns3:atemp>
            <ns3:hr>156</ns3:hr>
            <ns3:cad>87</ns3:cad>
          </ns3:TrackPointExtension>
        </extensions>
      </trkpt>
      <trkpt lat="30.20708285272121429443359375" lon="120.26274531148374080657958984375">
        <ele>7.400000095367431640625</ele>
        <time>2026-08-31T23:15:03.000Z</time>
        <extensions>
          <ns3:TrackPointExtension>
            <ns3:atemp>30.0</ns3:atemp>
            <ns3:hr>156</ns3:hr>
            <ns3:cad>87</ns3:cad>
          </ns3:TrackPointExtension>
        </extensions>
      </trkpt>
      <trkpt lat="30.20708419382572174072265625" lon="120.26277917437255382537841796875">
        <ele>7.400000095367431640625</ele>
        <time>2026-08-31T23:15:04.000Z</time>
        <extensions>
          <ns3:TrackPointExtension>
            <ns3:atemp>30.0</ns3:atemp>
            <ns3:hr>156</ns3:hr>
            <ns3:cad>87</ns3:cad>
          </ns3:TrackPointExtension>
        </extensions>
      </trkpt>
      <trkpt lat="30.2070846967399120330810546875" lon="120.26280901394784450531005859375">
        <ele>7.400000095367431640625</ele>
        <time>2026-08-31T23:15:05.000Z</time>
        <extensions>
          <ns3:TrackPointExtension>
            <ns3:atemp>30.0</ns3:atemp>
            <ns3:hr>156</ns3:hr>
            <ns3:cad>87</ns3:cad>
          </ns3:TrackPointExtension>
        </extensions>
      </trkpt>
      <trkpt lat="30.20707748830318450927734375" lon="120.26284790597856044769287109375">
        <ele>7.400000095367431640625</ele>
        <time>2026-08-31T23:15:06.000Z</time>
        <extensions>
          <ns3:TrackPointExtension>
            <ns3:atemp>30.0</ns3:atemp>
            <ns3:hr>156</ns3:hr>
            <ns3:cad>87</ns3:cad>
          </ns3:TrackPointExtension>
        </extensions>
      </trkpt>
      <trkpt lat="30.20707212388515472412109375" lon="120.26288562454283237457275390625">
        <ele>7.400000095367431640625</ele>
        <time>2026-08-31T23:15:07.000Z</time>
        <extensions>
          <ns3:TrackPointExtension>
            <ns3:atemp>30.0</ns3:atemp>
            <ns3:hr>156</ns3:hr>
            <ns3:cad>86</ns3:cad>
          </ns3:TrackPointExtension>
        </extensions>
      </trkpt>
      <trkpt lat="30.2070702798664569854736328125" lon="120.26291906833648681640625">
        <ele>7.599999904632568359375</ele>
        <time>2026-08-31T23:15:08.000Z</time>
        <extensions>
          <ns3:TrackPointExtension>
            <ns3:atemp>30.0</ns3:atemp>
            <ns3:hr>156</ns3:hr>
            <ns3:cad>86</ns3:cad>
          </ns3:TrackPointExtension>
        </extensions>
      </trkpt>
      <trkpt lat="30.207065083086490631103515625" lon="120.2629547752439975738525390625">
        <ele>7.400000095367431640625</ele>
        <time>2026-08-31T23:15:09.000Z</time>
        <extensions>
          <ns3:TrackPointExtension>
            <ns3:atemp>30.0</ns3:atemp>
            <ns3:hr>156</ns3:hr>
            <ns3:cad>86</ns3:cad>
          </ns3:TrackPointExtension>
        </extensions>
      </trkpt>
      <trkpt lat="30.20706541836261749267578125" lon="120.26298184879124164581298828125">
        <ele>7.400000095367431640625</ele>
        <time>2026-08-31T23:15:10.000Z</time>
        <extensions>
          <ns3:TrackPointExtension>
            <ns3:atemp>30.0</ns3:atemp>
            <ns3:hr>156</ns3:hr>
            <ns3:cad>87</ns3:cad>
          </ns3:TrackPointExtension>
        </extensions>
      </trkpt>
      <trkpt lat="30.20706583745777606964111328125" lon="120.26301654987037181854248046875">
        <ele>7.400000095367431640625</ele>
        <time>2026-08-31T23:15:11.000Z</time>
        <extensions>
          <ns3:TrackPointExtension>
            <ns3:atemp>30.0</ns3:atemp>
            <ns3:hr>156</ns3:hr>
            <ns3:cad>87</ns3:cad>
          </ns3:TrackPointExtension>
        </extensions>
      </trkpt>
      <trkpt lat="30.2070659212768077850341796875" lon="120.2630406059324741363525390625">
        <ele>7.400000095367431640625</ele>
        <time>2026-08-31T23:15:12.000Z</time>
        <extensions>
          <ns3:TrackPointExtension>
            <ns3:atemp>30.0</ns3:atemp>
            <ns3:hr>156</ns3:hr>
            <ns3:cad>87</ns3:cad>
          </ns3:TrackPointExtension>
        </extensions>
      </trkpt>
      <trkpt lat="30.20706013776361942291259765625" lon="120.2630717866122722625732421875">
        <ele>7.400000095367431640625</ele>
        <time>2026-08-31T23:15:13.000Z</time>
        <extensions>
          <ns3:TrackPointExtension>
            <ns3:atemp>30.0</ns3:atemp>
            <ns3:hr>157</ns3:hr>
            <ns3:cad>87</ns3:cad>
          </ns3:TrackPointExtension>
        </extensions>
      </trkpt>
      <trkpt lat="30.20705477334558963775634765625" lon="120.26309902779757976531982421875">
        <ele>7.400000095367431640625</ele>
        <time>2026-08-31T23:15:14.000Z</time>
        <extensions>
          <ns3:TrackPointExtension>
            <ns3:atemp>30.0</ns3:atemp>
            <ns3:hr>156</ns3:hr>
            <ns3:cad>87</ns3:cad>
          </ns3:TrackPointExtension>
        </extensions>
      </trkpt>
      <trkpt lat="30.20705276168882846832275390625" lon="120.26312987320125102996826171875">
        <ele>7.400000095367431640625</ele>
        <time>2026-08-31T23:15:15.000Z</time>
        <extensions>
          <ns3:TrackPointExtension>
            <ns3:atemp>30.0</ns3:atemp>
            <ns3:hr>156</ns3:hr>
            <ns3:cad>87</ns3:cad>
          </ns3:TrackPointExtension>
        </extensions>
      </trkpt>
      <trkpt lat="30.2070499956607818603515625" lon="120.26316155679523944854736328125">
        <ele>7.400000095367431640625</ele>
        <time>2026-08-31T23:15:16.000Z</time>
        <extensions>
          <ns3:TrackPointExtension>
            <ns3:atemp>30.0</ns3:atemp>
            <ns3:hr>156</ns3:hr>
            <ns3:cad>87</ns3:cad>
          </ns3:TrackPointExtension>
        </extensions>
      </trkpt>
      <trkpt lat="30.20704798400402069091796875" lon="120.2631908096373081207275390625">
        <ele>7.400000095367431640625</ele>
        <time>2026-08-31T23:15:17.000Z</time>
        <extensions>
          <ns3:TrackPointExtension>
            <ns3:atemp>30.0</ns3:atemp>
            <ns3:hr>157</ns3:hr>
            <ns3:cad>87</ns3:cad>
          </ns3:TrackPointExtension>
        </extensions>
      </trkpt>
      <trkpt lat="30.207044295966625213623046875" lon="120.26322626508772373199462890625">
        <ele>7.400000095367431640625</ele>
        <time>2026-08-31T23:15:18.000Z</time>
        <extensions>
          <ns3:TrackPointExtension>
            <ns3:atemp>30.0</ns3:atemp>
            <ns3:hr>156</ns3:hr>
            <ns3:cad>87</ns3:cad>
          </ns3:TrackPointExtension>
        </extensions>
      </trkpt>
      <trkpt lat="30.2070499956607818603515625" lon="120.26325233280658721923828125">
        <ele>7.400000095367431640625</ele>
        <time>2026-08-31T23:15:19.000Z</time>
        <extensions>
          <ns3:TrackPointExtension>
            <ns3:atemp>30.0</ns3:atemp>
            <ns3:hr>157</ns3:hr>
            <ns3:cad>86</ns3:cad>
          </ns3:TrackPointExtension>
        </extensions>
      </trkpt>
      <trkpt lat="30.20704823546111583709716796875" lon="120.26328778825700283050537109375">
        <ele>7.400000095367431640625</ele>
        <time>2026-08-31T23:15:20.000Z</time>
        <extensions>
          <ns3:TrackPointExtension>
            <ns3:atemp>30.0</ns3:atemp>
            <ns3:hr>157</ns3:hr>
            <ns3:cad>86</ns3:cad>
          </ns3:TrackPointExtension>
        </extensions>
      </trkpt>
      <trkpt lat="30.20704932510852813720703125" lon="120.26331360451877117156982421875">
        <ele>7.400000095367431640625</ele>
        <time>2026-08-31T23:15:21.000Z</time>
        <extensions>
          <ns3:TrackPointExtension>
            <ns3:atemp>30.0</ns3:atemp>
            <ns3:hr>157</ns3:hr>
            <ns3:cad>87</ns3:cad>
          </ns3:TrackPointExtension>
        </extensions>
      </trkpt>
      <trkpt lat="30.207050330936908721923828125" lon="120.26334931142628192901611328125">
        <ele>7.400000095367431640625</ele>
        <time>2026-08-31T23:15:22.000Z</time>
        <extensions>
          <ns3:TrackPointExtension>
            <ns3:atemp>30.0</ns3:atemp>
            <ns3:hr>157</ns3:hr>
            <ns3:cad>87</ns3:cad>
          </ns3:TrackPointExtension>
        </extensions>
      </trkpt>
      <trkpt lat="30.20705401897430419921875" lon="120.263375379145145416259765625">
        <ele>7.19999980926513671875</ele>
        <time>2026-08-31T23:15:23.000Z</time>
        <extensions>
          <ns3:TrackPointExtension>
            <ns3:atemp>30.0</ns3:atemp>
            <ns3:hr>157</ns3:hr>
            <ns3:cad>87</ns3:cad>
          </ns3:TrackPointExtension>
        </extensions>
      </trkpt>
      <trkpt lat="30.20706013776361942291259765625" lon="120.2634141035377979278564453125">
        <ele>7.400000095367431640625</ele>
        <time>2026-08-31T23:15:24.000Z</time>
        <extensions>
          <ns3:TrackPointExtension>
            <ns3:atemp>30.0</ns3:atemp>
            <ns3:hr>157</ns3:hr>
            <ns3:cad>87</ns3:cad>
          </ns3:TrackPointExtension>
        </extensions>
      </trkpt>
      <trkpt lat="30.207068435847759246826171875" lon="120.26343849487602710723876953125">
        <ele>7.400000095367431640625</ele>
        <time>2026-08-31T23:15:25.000Z</time>
        <extensions>
          <ns3:TrackPointExtension>
            <ns3:atemp>30.0</ns3:atemp>
            <ns3:hr>157</ns3:hr>
            <ns3:cad>87</ns3:cad>
          </ns3:TrackPointExtension>
        </extensions>
      </trkpt>
      <trkpt lat="30.20708025433123111724853515625" lon="120.2634647302329540252685546875">
        <ele>7.400000095367431640625</ele>
        <time>2026-08-31T23:15:26.000Z</time>
        <extensions>
          <ns3:TrackPointExtension>
            <ns3:atemp>30.0</ns3:atemp>
            <ns3:hr>157</ns3:hr>
            <ns3:cad>87</ns3:cad>
          </ns3:TrackPointExtension>
        </extensions>
      </trkpt>
      <trkpt lat="30.20709450356662273406982421875" lon="120.263490714132785797119140625">
        <ele>7.400000095367431640625</ele>
        <time>2026-08-31T23:15:27.000Z</time>
        <extensions>
          <ns3:TrackPointExtension>
            <ns3:atemp>30.0</ns3:atemp>
            <ns3:hr>157</ns3:hr>
            <ns3:cad>87</ns3:cad>
          </ns3:TrackPointExtension>
        </extensions>
      </trkpt>
      <trkpt lat="30.20711478777229785919189453125" lon="120.26350622065365314483642578125">
        <ele>7.400000095367431640625</ele>
        <time>2026-08-31T23:15:28.000Z</time>
        <extensions>
          <ns3:TrackPointExtension>
            <ns3:atemp>30.0</ns3:atemp>
            <ns3:hr>157</ns3:hr>
            <ns3:cad>87</ns3:cad>
          </ns3:TrackPointExtension>
        </extensions>
      </trkpt>
      <trkpt lat="30.20713926292955875396728515625" lon="120.26352046988904476165771484375">
        <ele>7.599999904632568359375</ele>
        <time>2026-08-31T23:15:29.000Z</time>
        <extensions>
          <ns3:TrackPointExtension>
            <ns3:atemp>30.0</ns3:atemp>
            <ns3:hr>157</ns3:hr>
            <ns3:cad>87</ns3:cad>
          </ns3:TrackPointExtension>
        </extensions>
      </trkpt>
      <trkpt lat="30.207164995372295379638671875" lon="120.26352549903094768524169921875">
        <ele>7.599999904632568359375</ele>
        <time>2026-08-31T23:15:30.000Z</time>
        <extensions>
          <ns3:TrackPointExtension>
            <ns3:atemp>30.0</ns3:atemp>
            <ns3:hr>157</ns3:hr>
            <ns3:cad>87</ns3:cad>
          </ns3:TrackPointExtension>
        </extensions>
      </trkpt>
      <trkpt lat="30.2071939967572689056396484375" lon="120.26352860033512115478515625">
        <ele>7.400000095367431640625</ele>
        <time>2026-08-31T23:15:31.000Z</time>
        <extensions>
          <ns3:TrackPointExtension>
            <ns3:atemp>30.0</ns3:atemp>
            <ns3:hr>157</ns3:hr>
            <ns3:cad>86</ns3:cad>
          </ns3:TrackPointExtension>
        </extensions>
      </trkpt>
      <trkpt lat="30.20721620880067348480224609375" lon="120.26353019289672374725341796875">
        <ele>7.400000095367431640625</ele>
        <time>2026-08-31T23:15:32.000Z</time>
        <extensions>
          <ns3:TrackPointExtension>
            <ns3:atemp>30.0</ns3:atemp>
            <ns3:hr>157</ns3:hr>
            <ns3:cad>86</ns3:cad>
          </ns3:TrackPointExtension>
        </extensions>
      </trkpt>
      <trkpt lat="30.20724621601402759552001953125" lon="120.26353505440056324005126953125">
        <ele>7.400000095367431640625</ele>
        <time>2026-08-31T23:15:33.000Z</time>
        <extensions>
          <ns3:TrackPointExtension>
            <ns3:atemp>30.0</ns3:atemp>
            <ns3:hr>158</ns3:hr>
            <ns3:cad>87</ns3:cad>
          </ns3:TrackPointExtension>
        </extensions>
      </trkpt>
      <trkpt lat="30.20727194845676422119140625" lon="120.26353823952376842498779296875">
        <ele>7.400000095367431640625</ele>
        <time>2026-08-31T23:15:34.000Z</time>
        <extensions>
          <ns3:TrackPointExtension>
            <ns3:atemp>30.0</ns3:atemp>
            <ns3:hr>158</ns3:hr>
            <ns3:cad>87</ns3:cad>
          </ns3:TrackPointExtension>
        </extensions>
      </trkpt>
      <trkpt lat="30.20729868672788143157958984375" lon="120.26354829780757427215576171875">
        <ele>7.400000095367431640625</ele>
        <time>2026-08-31T23:15:35.000Z</time>
        <extensions>
          <ns3:TrackPointExtension>
            <ns3:atemp>30.0</ns3:atemp>
            <ns3:hr>158</ns3:hr>
            <ns3:cad>87</ns3:cad>
          </ns3:TrackPointExtension>
        </extensions>
      </trkpt>
      <trkpt lat="30.20732316188514232635498046875" lon="120.26355433277785778045654296875">
        <ele>7.400000095367431640625</ele>
        <time>2026-08-31T23:15:36.000Z</time>
        <extensions>
          <ns3:TrackPointExtension>
            <ns3:atemp>30.0</ns3:atemp>
            <ns3:hr>159</ns3:hr>
            <ns3:cad>87</ns3:cad>
          </ns3:TrackPointExtension>
        </extensions>
      </trkpt>
      <trkpt lat="30.20735434256494045257568359375" lon="120.263565145432949066162109375">
        <ele>7.400000095367431640625</ele>
        <time>2026-08-31T23:15:37.000Z</time>
        <extensions>
          <ns3:TrackPointExtension>
            <ns3:atemp>30.0</ns3:atemp>
            <ns3:hr>161</ns3:hr>
            <ns3:cad>87</ns3:cad>
          </ns3:TrackPointExtension>
        </extensions>
      </trkpt>
      <trkpt lat="30.2073810808360576629638671875" lon="120.263569839298725128173828125">
        <ele>7.400000095367431640625</ele>
        <time>2026-08-31T23:15:38.000Z</time>
        <extensions>
          <ns3:TrackPointExtension>
            <ns3:atemp>30.0</ns3:atemp>
            <ns3:hr>161</ns3:hr>
            <ns3:cad>87</ns3:cad>
          </ns3:TrackPointExtension>
        </extensions>
      </trkpt>
      <trkpt lat="30.2074045501649379730224609375" lon="120.2635736949741840362548828125">
        <ele>7.400000095367431640625</ele>
        <time>2026-08-31T23:15:39.000Z</time>
        <extensions>
          <ns3:TrackPointExtension>
            <ns3:atemp>30.0</ns3:atemp>
            <ns3:hr>162</ns3:hr>
            <ns3:cad>87</ns3:cad>
          </ns3:TrackPointExtension>
        </extensions>
      </trkpt>
      <trkpt lat="30.20743698813021183013916015625" lon="120.26357780210673809051513671875">
        <ele>7.400000095367431640625</ele>
        <time>2026-08-31T23:15:40.000Z</time>
        <extensions>
          <ns3:TrackPointExtension>
            <ns3:atemp>30.0</ns3:atemp>
            <ns3:hr>162</ns3:hr>
            <ns3:cad>87</ns3:cad>
          </ns3:TrackPointExtension>
        </extensions>
      </trkpt>
      <trkpt lat="30.207458697259426116943359375" lon="120.2635773830115795135498046875">
        <ele>7.400000095367431640625</ele>
        <time>2026-08-31T23:15:41.000Z</time>
        <extensions>
          <ns3:TrackPointExtension>
            <ns3:atemp>30.0</ns3:atemp>
            <ns3:hr>162</ns3:hr>
            <ns3:cad>87</ns3:cad>
          </ns3:TrackPointExtension>
        </extensions>
      </trkpt>
      <trkpt lat="30.207492224872112274169921875" lon="120.26357713155448436737060546875">
        <ele>7.400000095367431640625</ele>
        <time>2026-08-31T23:15:42.000Z</time>
        <extensions>
          <ns3:TrackPointExtension>
            <ns3:atemp>30.0</ns3:atemp>
            <ns3:hr>162</ns3:hr>
            <ns3:cad>88</ns3:cad>
          </ns3:TrackPointExtension>
        </extensions>
      </trkpt>
      <trkpt lat="30.207517035305500030517578125" lon="120.2635802328586578369140625">
        <ele>7.400000095367431640625</ele>
        <time>2026-08-31T23:15:43.000Z</time>
        <extensions>
          <ns3:TrackPointExtension>
            <ns3:atemp>30.0</ns3:atemp>
            <ns3:hr>162</ns3:hr>
            <ns3:cad>88</ns3:cad>
          </ns3:TrackPointExtension>
        </extensions>
      </trkpt>
      <trkpt lat="30.20755383186042308807373046875" lon="120.263585262000560760498046875">
        <ele>7.400000095367431640625</ele>
        <time>2026-08-31T23:15:44.000Z</time>
        <extensions>
          <ns3:TrackPointExtension>
            <ns3:atemp>30.0</ns3:atemp>
            <ns3:hr>163</ns3:hr>
            <ns3:cad>87</ns3:cad>
          </ns3:TrackPointExtension>
        </extensions>
      </trkpt>
      <trkpt lat="30.2075772173702716827392578125" lon="120.26359020732343196868896484375">
        <ele>7.400000095367431640625</ele>
        <time>2026-08-31T23:15:45.000Z</time>
        <extensions>
          <ns3:TrackPointExtension>
            <ns3:atemp>30.0</ns3:atemp>
            <ns3:hr>163</ns3:hr>
            <ns3:cad>87</ns3:cad>
          </ns3:TrackPointExtension>
        </extensions>
      </trkpt>
      <trkpt lat="30.20760529674589633941650390625" lon="120.2635981701314449310302734375">
        <ele>7.400000095367431640625</ele>
        <time>2026-08-31T23:15:46.000Z</time>
        <extensions>
          <ns3:TrackPointExtension>
            <ns3:atemp>30.0</ns3:atemp>
            <ns3:hr>163</ns3:hr>
            <ns3:cad>87</ns3:cad>
          </ns3:TrackPointExtension>
        </extensions>
      </trkpt>
      <trkpt lat="30.20763136446475982666015625" lon="120.2636048756539821624755859375">
        <ele>7.400000095367431640625</ele>
        <time>2026-08-31T23:15:47.000Z</time>
        <extensions>
          <ns3:TrackPointExtension>
            <ns3:atemp>30.0</ns3:atemp>
            <ns3:hr>163</ns3:hr>
            <ns3:cad>87</ns3:cad>
          </ns3:TrackPointExtension>
        </extensions>
      </trkpt>
      <trkpt lat="30.207658521831035614013671875" lon="120.26361049152910709381103515625">
        <ele>7.400000095367431640625</ele>
        <time>2026-08-31T23:15:48.000Z</time>
        <extensions>
          <ns3:TrackPointExtension>
            <ns3:atemp>30.0</ns3:atemp>
            <ns3:hr>164</ns3:hr>
            <ns3:cad>87</ns3:cad>
          </ns3:TrackPointExtension>
        </extensions>
      </trkpt>
      <trkpt lat="30.20768710412085056304931640625" lon="120.26361434720456600189208984375">
        <ele>7.400000095367431640625</ele>
        <time>2026-08-31T23:15:49.000Z</time>
        <extensions>
          <ns3:TrackPointExtension>
            <ns3:atemp>30.0</ns3:atemp>
            <ns3:hr>164</ns3:hr>
            <ns3:cad>87</ns3:cad>
          </ns3:TrackPointExtension>
        </extensions>
      </trkpt>
      <trkpt lat="30.207711160182952880859375" lon="120.2636196278035640716552734375">
        <ele>7.400000095367431640625</ele>
        <time>2026-08-31T23:15:50.000Z</time>
        <extensions>
          <ns3:TrackPointExtension>
            <ns3:atemp>30.0</ns3:atemp>
            <ns3:hr>164</ns3:hr>
            <ns3:cad>87</ns3:cad>
          </ns3:TrackPointExtension>
        </extensions>
      </trkpt>
      <trkpt lat="30.20774058066308498382568359375" lon="120.2636306919157505035400390625">
        <ele>7.19999980926513671875</ele>
        <time>2026-08-31T23:15:51.000Z</time>
        <extensions>
          <ns3:TrackPointExtension>
            <ns3:atemp>30.0</ns3:atemp>
            <ns3:hr>163</ns3:hr>
            <ns3:cad>87</ns3:cad>
          </ns3:TrackPointExtension>
        </extensions>
      </trkpt>
      <trkpt lat="30.207763798534870147705078125" lon="120.26363580487668514251708984375">
        <ele>7.19999980926513671875</ele>
        <time>2026-08-31T23:15:52.000Z</time>
        <extensions>
          <ns3:TrackPointExtension>
            <ns3:atemp>30.0</ns3:atemp>
            <ns3:hr>164</ns3:hr>
            <ns3:cad>87</ns3:cad>
          </ns3:TrackPointExtension>
        </extensions>
      </trkpt>
      <trkpt lat="30.207793302834033966064453125" lon="120.26364519260823726654052734375">
        <ele>7.19999980926513671875</ele>
        <time>2026-08-31T23:15:53.000Z</time>
        <extensions>
          <ns3:TrackPointExtension>
            <ns3:atemp>30.0</ns3:atemp>
            <ns3:hr>163</ns3:hr>
            <ns3:cad>87</ns3:cad>
          </ns3:TrackPointExtension>
        </extensions>
      </trkpt>
      <trkpt lat="30.207814089953899383544921875" lon="120.263648293912410736083984375">
        <ele>7.19999980926513671875</ele>
        <time>2026-08-31T23:15:54.000Z</time>
        <extensions>
          <ns3:TrackPointExtension>
            <ns3:atemp>30.0</ns3:atemp>
            <ns3:hr>163</ns3:hr>
            <ns3:cad>87</ns3:cad>
          </ns3:TrackPointExtension>
        </extensions>
      </trkpt>
      <trkpt lat="30.2078440971672534942626953125" lon="120.26365038938820362091064453125">
        <ele>7.19999980926513671875</ele>
        <time>2026-08-31T23:15:55.000Z</time>
        <extensions>
          <ns3:TrackPointExtension>
            <ns3:atemp>30.0</ns3:atemp>
            <ns3:hr>163</ns3:hr>
            <ns3:cad>87</ns3:cad>
          </ns3:TrackPointExtension>
        </extensions>
      </trkpt>
      <trkpt lat="30.2078668959438800811767578125" lon="120.26365256868302822113037109375">
        <ele>7.19999980926513671875</ele>
        <time>2026-08-31T23:15:56.000Z</time>
        <extensions>
          <ns3:TrackPointExtension>
            <ns3:atemp>30.0</ns3:atemp>
            <ns3:hr>163</ns3:hr>
            <ns3:cad>87</ns3:cad>
          </ns3:TrackPointExtension>
        </extensions>
      </trkpt>
      <trkpt lat="30.2078943885862827301025390625" lon="120.26365692727267742156982421875">
        <ele>7.19999980926513671875</ele>
        <time>2026-08-31T23:15:57.000Z</time>
        <extensions>
          <ns3:TrackPointExtension>
            <ns3:atemp>30.0</ns3:atemp>
            <ns3:hr>163</ns3:hr>
            <ns3:cad>87</ns3:cad>
          </ns3:TrackPointExtension>
        </extensions>
      </trkpt>
      <trkpt lat="30.2079168520867824554443359375" lon="120.26366514153778553009033203125">
        <ele>7.400000095367431640625</ele>
        <time>2026-08-31T23:15:58.000Z</time>
        <extensions>
          <ns3:TrackPointExtension>
            <ns3:atemp>30.0</ns3:atemp>
            <ns3:hr>163</ns3:hr>
            <ns3:cad>87</ns3:cad>
          </ns3:TrackPointExtension>
        </extensions>
      </trkpt>
      <trkpt lat="30.20794090814888477325439453125" lon="120.2636672370135784149169921875">
        <ele>7.19999980926513671875</ele>
        <time>2026-08-31T23:15:59.000Z</time>
        <extensions>
          <ns3:TrackPointExtension>
            <ns3:atemp>30.0</ns3:atemp>
            <ns3:hr>163</ns3:hr>
            <ns3:cad>86</ns3:cad>
          </ns3:TrackPointExtension>
        </extensions>
      </trkpt>
      <trkpt lat="30.20797125063836574554443359375" lon="120.26367637328803539276123046875">
        <ele>7.400000095367431640625</ele>
        <time>2026-08-31T23:16:00.000Z</time>
        <extensions>
          <ns3:TrackPointExtension>
            <ns3:atemp>30.0</ns3:atemp>
            <ns3:hr>163</ns3:hr>
            <ns3:cad>86</ns3:cad>
          </ns3:TrackPointExtension>
        </extensions>
      </trkpt>
      <trkpt lat="30.20799656398594379425048828125" lon="120.263681821525096893310546875">
        <ele>7.400000095367431640625</ele>
        <time>2026-08-31T23:16:01.000Z</time>
        <extensions>
          <ns3:TrackPointExtension>
            <ns3:atemp>30.0</ns3:atemp>
            <ns3:hr>163</ns3:hr>
            <ns3:cad>86</ns3:cad>
          </ns3:TrackPointExtension>
        </extensions>
      </trkpt>
      <trkpt lat="30.20802430808544158935546875" lon="120.26368559338152408599853515625">
        <ele>7.19999980926513671875</ele>
        <time>2026-08-31T23:16:02.000Z</time>
        <extensions>
          <ns3:TrackPointExtension>
            <ns3:atemp>30.0</ns3:atemp>
            <ns3:hr>163</ns3:hr>
            <ns3:cad>86</ns3:cad>
          </ns3:TrackPointExtension>
        </extensions>
      </trkpt>
      <trkpt lat="30.20804367028176784515380859375" lon="120.26368726976215839385986328125">
        <ele>7.19999980926513671875</ele>
        <time>2026-08-31T23:16:03.000Z</time>
        <extensions>
          <ns3:TrackPointExtension>
            <ns3:atemp>30.0</ns3:atemp>
            <ns3:hr>163</ns3:hr>
            <ns3:cad>86</ns3:cad>
          </ns3:TrackPointExtension>
        </extensions>
      </trkpt>
      <trkpt lat="30.20807652734220027923583984375" lon="120.2636923827230930328369140625">
        <ele>7.19999980926513671875</ele>
        <time>2026-08-31T23:16:04.000Z</time>
        <extensions>
          <ns3:TrackPointExtension>
            <ns3:atemp>30.0</ns3:atemp>
            <ns3:hr>163</ns3:hr>
            <ns3:cad>86</ns3:cad>
          </ns3:TrackPointExtension>
        </extensions>
      </trkpt>
      <trkpt lat="30.208100415766239166259765625" lon="120.2636984176933765411376953125">
        <ele>7.19999980926513671875</ele>
        <time>2026-08-31T23:16:05.000Z</time>
        <extensions>
          <ns3:TrackPointExtension>
            <ns3:atemp>30.0</ns3:atemp>
            <ns3:hr>163</ns3:hr>
            <ns3:cad>86</ns3:cad>
          </ns3:TrackPointExtension>
        </extensions>
      </trkpt>
      <trkpt lat="30.20812715403735637664794921875" lon="120.26370520703494548797607421875">
        <ele>7.19999980926513671875</ele>
        <time>2026-08-31T23:16:06.000Z</time>
        <extensions>
          <ns3:TrackPointExtension>
            <ns3:atemp>30.0</ns3:atemp>
            <ns3:hr>163</ns3:hr>
            <ns3:cad>86</ns3:cad>
          </ns3:TrackPointExtension>
        </extensions>
      </trkpt>
      <trkpt lat="30.2081562392413616180419921875" lon="120.26371191255748271942138671875">
        <ele>7.19999980926513671875</ele>
        <time>2026-08-31T23:16:07.000Z</time>
        <extensions>
          <ns3:TrackPointExtension>
            <ns3:atemp>30.0</ns3:atemp>
            <ns3:hr>163</ns3:hr>
            <ns3:cad>86</ns3:cad>
          </ns3:TrackPointExtension>
        </extensions>
      </trkpt>
      <trkpt lat="30.20818314515054225921630859375" lon="120.26372029446065425872802734375">
        <ele>7.19999980926513671875</ele>
        <time>2026-08-31T23:16:08.000Z</time>
        <extensions>
          <ns3:TrackPointExtension>
            <ns3:atemp>30.0</ns3:atemp>
            <ns3:hr>164</ns3:hr>
            <ns3:cad>87</ns3:cad>
          </ns3:TrackPointExtension>
        </extensions>
      </trkpt>
      <trkpt lat="30.20820694975554943084716796875" lon="120.26372699998319149017333984375">
        <ele>7.19999980926513671875</ele>
        <time>2026-08-31T23:16:09.000Z</time>
        <extensions>
          <ns3:TrackPointExtension>
            <ns3:atemp>30.0</ns3:atemp>
            <ns3:hr>163</ns3:hr>
            <ns3:cad>87</ns3:cad>
          </ns3:TrackPointExtension>
        </extensions>
      </trkpt>
      <trkpt lat="30.20822807215154170989990234375" lon="120.2637304365634918212890625">
        <ele>7.19999980926513671875</ele>
        <time>2026-08-31T23:16:10.000Z</time>
        <extensions>
          <ns3:TrackPointExtension>
            <ns3:atemp>30.0</ns3:atemp>
            <ns3:hr>163</ns3:hr>
            <ns3:cad>87</ns3:cad>
          </ns3:TrackPointExtension>
        </extensions>
      </trkpt>
      <trkpt lat="30.2082569897174835205078125" lon="120.26373588480055332183837890625">
        <ele>7.19999980926513671875</ele>
        <time>2026-08-31T23:16:11.000Z</time>
        <extensions>
          <ns3:TrackPointExtension>
            <ns3:atemp>30.0</ns3:atemp>
            <ns3:hr>164</ns3:hr>
            <ns3:cad>87</ns3:cad>
          </ns3:TrackPointExtension>
        </extensions>
      </trkpt>
      <trkpt lat="30.2082789503037929534912109375" lon="120.26373722590506076812744140625">
        <ele>7.19999980926513671875</ele>
        <time>2026-08-31T23:16:12.000Z</time>
        <extensions>
          <ns3:TrackPointExtension>
            <ns3:atemp>30.0</ns3:atemp>
            <ns3:hr>164</ns3:hr>
            <ns3:cad>87</ns3:cad>
          </ns3:TrackPointExtension>
        </extensions>
      </trkpt>
      <trkpt lat="30.20830728113651275634765625" lon="120.26373622007668018341064453125">
        <ele>7.19999980926513671875</ele>
        <time>2026-08-31T23:16:13.000Z</time>
        <extensions>
          <ns3:TrackPointExtension>
            <ns3:atemp>30.0</ns3:atemp>
            <ns3:hr>164</ns3:hr>
            <ns3:cad>87</ns3:cad>
          </ns3:TrackPointExtension>
        </extensions>
      </trkpt>
      <trkpt lat="30.20833033137023448944091796875" lon="120.2637423388659954071044921875">
        <ele>7</ele>
        <time>2026-08-31T23:16:14.000Z</time>
        <extensions>
          <ns3:TrackPointExtension>
            <ns3:atemp>30.0</ns3:atemp>
            <ns3:hr>164</ns3:hr>
            <ns3:cad>87</ns3:cad>
          </ns3:TrackPointExtension>
        </extensions>
      </trkpt>
      <trkpt lat="30.20835631527006626129150390625" lon="120.263746194541454315185546875">
        <ele>7</ele>
        <time>2026-08-31T23:16:15.000Z</time>
        <extensions>
          <ns3:TrackPointExtension>
            <ns3:atemp>30.0</ns3:atemp>
            <ns3:hr>164</ns3:hr>
            <ns3:cad>87</ns3:cad>
          </ns3:TrackPointExtension>
        </extensions>
      </trkpt>
      <trkpt lat="30.208382047712802886962890625" lon="120.26375248096883296966552734375">
        <ele>7</ele>
        <time>2026-08-31T23:16:16.000Z</time>
        <extensions>
          <ns3:TrackPointExtension>
            <ns3:atemp>30.0</ns3:atemp>
            <ns3:hr>164</ns3:hr>
            <ns3:cad>88</ns3:cad>
          </ns3:TrackPointExtension>
        </extensions>
      </trkpt>
      <trkpt lat="30.20840811543166637420654296875" lon="120.2637572586536407470703125">
        <ele>7</ele>
        <time>2026-08-31T23:16:17.000Z</time>
        <extensions>
          <ns3:TrackPointExtension>
            <ns3:atemp>30.0</ns3:atemp>
            <ns3:hr>164</ns3:hr>
            <ns3:cad>88</ns3:cad>
          </ns3:TrackPointExtension>
        </extensions>
      </trkpt>
      <trkpt lat="30.20843443460762500762939453125" lon="120.26376186870038509368896484375">
        <ele>7</ele>
        <time>2026-08-31T23:16:18.000Z</time>
        <extensions>
          <ns3:TrackPointExtension>
            <ns3:atemp>30.0</ns3:atemp>
            <ns3:hr>164</ns3:hr>
            <ns3:cad>88</ns3:cad>
          </ns3:TrackPointExtension>
        </extensions>
      </trkpt>
      <trkpt lat="30.2084610052406787872314453125" lon="120.26376438327133655548095703125">
        <ele>7</ele>
        <time>2026-08-31T23:16:19.000Z</time>
        <extensions>
          <ns3:TrackPointExtension>
            <ns3:atemp>30.0</ns3:atemp>
            <ns3:hr>164</ns3:hr>
            <ns3:cad>86</ns3:cad>
          </ns3:TrackPointExtension>
        </extensions>
      </trkpt>
      <trkpt lat="30.20848858170211315155029296875" lon="120.263774357736110687255859375">
        <ele>7.19999980926513671875</ele>
        <time>2026-08-31T23:16:20.000Z</time>
        <extensions>
          <ns3:TrackPointExtension>
            <ns3:atemp>30.0</ns3:atemp>
            <ns3:hr>164</ns3:hr>
            <ns3:cad>86</ns3:cad>
          </ns3:TrackPointExtension>
        </extensions>
      </trkpt>
      <trkpt lat="30.2085133083164691925048828125" lon="120.26377863250672817230224609375">
        <ele>7</ele>
        <time>2026-08-31T23:16:21.000Z</time>
        <extensions>
          <ns3:TrackPointExtension>
            <ns3:atemp>30.0</ns3:atemp>
            <ns3:hr>164</ns3:hr>
            <ns3:cad>87</ns3:cad>
          </ns3:TrackPointExtension>
        </extensions>
      </trkpt>
      <trkpt lat="30.20854222588241100311279296875" lon="120.26377511210739612579345703125">
        <ele>7</ele>
        <time>2026-08-31T23:16:22.000Z</time>
        <extensions>
          <ns3:TrackPointExtension>
            <ns3:atemp>30.0</ns3:atemp>
            <ns3:hr>164</ns3:hr>
            <ns3:cad>87</ns3:cad>
          </ns3:TrackPointExtension>
        </extensions>
      </trkpt>
      <trkpt lat="30.20856636576354503631591796875" lon="120.26377058587968349456787109375">
        <ele>7</ele>
        <time>2026-08-31T23:16:23.000Z</time>
        <extensions>
          <ns3:TrackPointExtension>
            <ns3:atemp>30.0</ns3:atemp>
            <ns3:hr>164</ns3:hr>
            <ns3:cad>87</ns3:cad>
          </ns3:TrackPointExtension>
        </extensions>
      </trkpt>
      <trkpt lat="30.20859100855886936187744140625" lon="120.263759605586528778076171875">
        <ele>7</ele>
        <time>2026-08-31T23:16:24.000Z</time>
        <extensions>
          <ns3:TrackPointExtension>
            <ns3:atemp>30.0</ns3:atemp>
            <ns3:hr>164</ns3:hr>
            <ns3:cad>87</ns3:cad>
          </ns3:TrackPointExtension>
        </extensions>
      </trkpt>
      <trkpt lat="30.20860970020294189453125" lon="120.26374376378953456878662109375">
        <ele>7</ele>
        <time>2026-08-31T23:16:25.000Z</time>
        <extensions>
          <ns3:TrackPointExtension>
            <ns3:atemp>30.0</ns3:atemp>
            <ns3:hr>163</ns3:hr>
            <ns3:cad>87</ns3:cad>
          </ns3:TrackPointExtension>
        </extensions>
      </trkpt>
      <trkpt lat="30.20861162804067134857177734375" lon="120.2637181989848613739013671875">
        <ele>7</ele>
        <time>2026-08-31T23:16:26.000Z</time>
        <extensions>
          <ns3:TrackPointExtension>
            <ns3:atemp>30.0</ns3:atemp>
            <ns3:hr>163</ns3:hr>
            <ns3:cad>86</ns3:cad>
          </ns3:TrackPointExtension>
        </extensions>
      </trkpt>
      <trkpt lat="30.20861565135419368743896484375" lon="120.263683162629604339599609375">
        <ele>6.80000019073486328125</ele>
        <time>2026-08-31T23:16:27.000Z</time>
        <extensions>
          <ns3:TrackPointExtension>
            <ns3:atemp>30.0</ns3:atemp>
            <ns3:hr>163</ns3:hr>
            <ns3:cad>86</ns3:cad>
          </ns3:TrackPointExtension>
        </extensions>
      </trkpt>
      <trkpt lat="30.20861313678324222564697265625" lon="120.2636526525020599365234375">
        <ele>6.80000019073486328125</ele>
        <time>2026-08-31T23:16:28.000Z</time>
        <extensions>
          <ns3:TrackPointExtension>
            <ns3:atemp>30.0</ns3:atemp>
            <ns3:hr>163</ns3:hr>
            <ns3:cad>85</ns3:cad>
          </ns3:TrackPointExtension>
        </extensions>
      </trkpt>
      <trkpt lat="30.2086137235164642333984375" lon="120.26361267082393169403076171875">
        <ele>6.80000019073486328125</ele>
        <time>2026-08-31T23:16:29.000Z</time>
        <extensions>
          <ns3:TrackPointExtension>
            <ns3:atemp>30.0</ns3:atemp>
            <ns3:hr>163</ns3:hr>
            <ns3:cad>85</ns3:cad>
          </ns3:TrackPointExtension>
        </extensions>
      </trkpt>
      <trkpt lat="30.2086112089455127716064453125" lon="120.26358417235314846038818359375">
        <ele>6.80000019073486328125</ele>
        <time>2026-08-31T23:16:30.000Z</time>
        <extensions>
          <ns3:TrackPointExtension>
            <ns3:atemp>30.0</ns3:atemp>
            <ns3:hr>163</ns3:hr>
            <ns3:cad>85</ns3:cad>
          </ns3:TrackPointExtension>
        </extensions>
      </trkpt>
      <trkpt lat="30.20861129276454448699951171875" lon="120.2635475434362888336181640625">
        <ele>6.80000019073486328125</ele>
        <time>2026-08-31T23:16:31.000Z</time>
        <extensions>
          <ns3:TrackPointExtension>
            <ns3:atemp>30.0</ns3:atemp>
            <ns3:hr>162</ns3:hr>
            <ns3:cad>85</ns3:cad>
          </ns3:TrackPointExtension>
        </extensions>
      </trkpt>
      <trkpt lat="30.20861514844000339508056640625" lon="120.2635212242603302001953125">
        <ele>7</ele>
        <time>2026-08-31T23:16:32.000Z</time>
        <extensions>
          <ns3:TrackPointExtension>
            <ns3:atemp>30.0</ns3:atemp>
            <ns3:hr>163</ns3:hr>
            <ns3:cad>85</ns3:cad>
          </ns3:TrackPointExtension>
        </extensions>
      </trkpt>
      <trkpt lat="30.20861632190644741058349609375" lon="120.2634949050843715667724609375">
        <ele>7</ele>
        <time>2026-08-31T23:16:33.000Z</time>
        <extensions>
          <ns3:TrackPointExtension>
            <ns3:atemp>30.0</ns3:atemp>
            <ns3:hr>163</ns3:hr>
            <ns3:cad>86</ns3:cad>
          </ns3:TrackPointExtension>
        </extensions>
      </trkpt>
      <trkpt lat="30.20862118341028690338134765625" lon="120.26347353123128414154052734375">
        <ele>7</ele>
        <time>2026-08-31T23:16:34.000Z</time>
        <extensions>
          <ns3:TrackPointExtension>
            <ns3:atemp>30.0</ns3:atemp>
            <ns3:hr>163</ns3:hr>
            <ns3:cad>86</ns3:cad>
          </ns3:TrackPointExtension>
        </extensions>
      </trkpt>
      <trkpt lat="30.20862872712314128875732421875" lon="120.26344268582761287689208984375">
        <ele>7</ele>
        <time>2026-08-31T23:16:35.000Z</time>
        <extensions>
          <ns3:TrackPointExtension>
            <ns3:atemp>30.0</ns3:atemp>
            <ns3:hr>163</ns3:hr>
            <ns3:cad>87</ns3:cad>
          </ns3:TrackPointExtension>
        </extensions>
      </trkpt>
      <trkpt lat="30.20863375626504421234130859375" lon="120.26341066695749759674072265625">
        <ele>7</ele>
        <time>2026-08-31T23:16:36.000Z</time>
        <extensions>
          <ns3:TrackPointExtension>
            <ns3:atemp>30.0</ns3:atemp>
            <ns3:hr>163</ns3:hr>
            <ns3:cad>87</ns3:cad>
          </ns3:TrackPointExtension>
        </extensions>
      </trkpt>
      <trkpt lat="30.20863761194050312042236328125" lon="120.26338401250541210174560546875">
        <ele>7</ele>
        <time>2026-08-31T23:16:37.000Z</time>
        <extensions>
          <ns3:TrackPointExtension>
            <ns3:atemp>30.0</ns3:atemp>
            <ns3:hr>164</ns3:hr>
            <ns3:cad>87</ns3:cad>
          </ns3:TrackPointExtension>
        </extensions>
      </trkpt>
      <trkpt lat="30.2086440660059452056884765625" lon="120.2633453719317913055419921875">
        <ele>7</ele>
        <time>2026-08-31T23:16:38.000Z</time>
        <extensions>
          <ns3:TrackPointExtension>
            <ns3:atemp>30.0</ns3:atemp>
            <ns3:hr>164</ns3:hr>
            <ns3:cad>87</ns3:cad>
          </ns3:TrackPointExtension>
        </extensions>
      </trkpt>
      <trkpt lat="30.208648927509784698486328125" lon="120.26331628672778606414794921875">
        <ele>7</ele>
        <time>2026-08-31T23:16:39.000Z</time>
        <extensions>
          <ns3:TrackPointExtension>
            <ns3:atemp>30.0</ns3:atemp>
            <ns3:hr>164</ns3:hr>
            <ns3:cad>87</ns3:cad>
          </ns3:TrackPointExtension>
        </extensions>
      </trkpt>
      <trkpt lat="30.20865437574684619903564453125" lon="120.2632856927812099456787109375">
        <ele>7</ele>
        <time>2026-08-31T23:16:40.000Z</time>
        <extensions>
          <ns3:TrackPointExtension>
            <ns3:atemp>30.0</ns3:atemp>
            <ns3:hr>164</ns3:hr>
            <ns3:cad>86</ns3:cad>
          </ns3:TrackPointExtension>
        </extensions>
      </trkpt>
      <trkpt lat="30.2086539566516876220703125" lon="120.263260044157505035400390625">
        <ele>7</ele>
        <time>2026-08-31T23:16:41.000Z</time>
        <extensions>
          <ns3:TrackPointExtension>
            <ns3:atemp>30.0</ns3:atemp>
            <ns3:hr>164</ns3:hr>
            <ns3:cad>86</ns3:cad>
          </ns3:TrackPointExtension>
        </extensions>
      </trkpt>
      <trkpt lat="30.208657644689083099365234375" lon="120.2632276900112628936767578125">
        <ele>7</ele>
        <time>2026-08-31T23:16:42.000Z</time>
        <extensions>
          <ns3:TrackPointExtension>
            <ns3:atemp>30.0</ns3:atemp>
            <ns3:hr>164</ns3:hr>
            <ns3:cad>86</ns3:cad>
          </ns3:TrackPointExtension>
        </extensions>
      </trkpt>
      <trkpt lat="30.20865538157522678375244140625" lon="120.2631995268166065216064453125">
        <ele>7</ele>
        <time>2026-08-31T23:16:43.000Z</time>
        <extensions>
          <ns3:TrackPointExtension>
            <ns3:atemp>30.0</ns3:atemp>
            <ns3:hr>164</ns3:hr>
            <ns3:cad>86</ns3:cad>
          </ns3:TrackPointExtension>
        </extensions>
      </trkpt>
      <trkpt lat="30.2086517773568630218505859375" lon="120.26316775940358638763427734375">
        <ele>6.80000019073486328125</ele>
        <time>2026-08-31T23:16:44.000Z</time>
        <extensions>
          <ns3:TrackPointExtension>
            <ns3:atemp>30.0</ns3:atemp>
            <ns3:hr>163</ns3:hr>
            <ns3:cad>87</ns3:cad>
          </ns3:TrackPointExtension>
        </extensions>
      </trkpt>
      <trkpt lat="30.2086437307298183441162109375" lon="120.26313087902963161468505859375">
        <ele>6.80000019073486328125</ele>
        <time>2026-08-31T23:16:45.000Z</time>
        <extensions>
          <ns3:TrackPointExtension>
            <ns3:atemp>30.0</ns3:atemp>
            <ns3:hr>163</ns3:hr>
            <ns3:cad>88</ns3:cad>
          </ns3:TrackPointExtension>
        </extensions>
      </trkpt>
      <trkpt lat="30.208640210330486297607421875" lon="120.2630976028740406036376953125">
        <ele>7</ele>
        <time>2026-08-31T23:16:46.000Z</time>
        <extensions>
          <ns3:TrackPointExtension>
            <ns3:atemp>30.0</ns3:atemp>
            <ns3:hr>163</ns3:hr>
            <ns3:cad>88</ns3:cad>
          </ns3:TrackPointExtension>
        </extensions>
      </trkpt>
      <trkpt lat="30.2086346782743930816650390625" lon="120.26306365616619586944580078125">
        <ele>7</ele>
        <time>2026-08-31T23:16:47.000Z</time>
        <extensions>
          <ns3:TrackPointExtension>
            <ns3:atemp>30.0</ns3:atemp>
            <ns3:hr>162</ns3:hr>
            <ns3:cad>88</ns3:cad>
          </ns3:TrackPointExtension>
        </extensions>
      </trkpt>
      <trkpt lat="30.208632163703441619873046875" lon="120.2630342356860637664794921875">
        <ele>7</ele>
        <time>2026-08-31T23:16:48.000Z</time>
        <extensions>
          <ns3:TrackPointExtension>
            <ns3:atemp>30.0</ns3:atemp>
            <ns3:hr>161</ns3:hr>
            <ns3:cad>88</ns3:cad>
          </ns3:TrackPointExtension>
        </extensions>
      </trkpt>
      <trkpt lat="30.208627469837665557861328125" lon="120.26299643330276012420654296875">
        <ele>7</ele>
        <time>2026-08-31T23:16:49.000Z</time>
        <extensions>
          <ns3:TrackPointExtension>
            <ns3:atemp>30.0</ns3:atemp>
            <ns3:hr>161</ns3:hr>
            <ns3:cad>88</ns3:cad>
          </ns3:TrackPointExtension>
        </extensions>
      </trkpt>
      <trkpt lat="30.20863006822764873504638671875" lon="120.262966342270374298095703125">
        <ele>7</ele>
        <time>2026-08-31T23:16:50.000Z</time>
        <extensions>
          <ns3:TrackPointExtension>
            <ns3:atemp>30.0</ns3:atemp>
            <ns3:hr>161</ns3:hr>
            <ns3:cad>88</ns3:cad>
          </ns3:TrackPointExtension>
        </extensions>
      </trkpt>
      <trkpt lat="30.20863308571279048919677734375" lon="120.2629296295344829559326171875">
        <ele>7</ele>
        <time>2026-08-31T23:16:51.000Z</time>
        <extensions>
          <ns3:TrackPointExtension>
            <ns3:atemp>30.0</ns3:atemp>
            <ns3:hr>161</ns3:hr>
            <ns3:cad>88</ns3:cad>
          </ns3:TrackPointExtension>
        </extensions>
      </trkpt>
      <trkpt lat="30.20863710902631282806396484375" lon="120.2628964371979236602783203125">
        <ele>7</ele>
        <time>2026-08-31T23:16:52.000Z</time>
        <extensions>
          <ns3:TrackPointExtension>
            <ns3:atemp>30.0</ns3:atemp>
            <ns3:hr>161</ns3:hr>
            <ns3:cad>87</ns3:cad>
          </ns3:TrackPointExtension>
        </extensions>
      </trkpt>
      <trkpt lat="30.208640880882740020751953125" lon="120.26286466978490352630615234375">
        <ele>7</ele>
        <time>2026-08-31T23:16:53.000Z</time>
        <extensions>
          <ns3:TrackPointExtension>
            <ns3:atemp>30.0</ns3:atemp>
            <ns3:hr>161</ns3:hr>
            <ns3:cad>86</ns3:cad>
          </ns3:TrackPointExtension>
        </extensions>
      </trkpt>
      <trkpt lat="30.20865035243332386016845703125" lon="120.2628387697041034698486328125">
        <ele>7</ele>
        <time>2026-08-31T23:16:54.000Z</time>
        <extensions>
          <ns3:TrackPointExtension>
            <ns3:atemp>30.0</ns3:atemp>
            <ns3:hr>161</ns3:hr>
            <ns3:cad>86</ns3:cad>
          </ns3:TrackPointExtension>
        </extensions>
      </trkpt>
      <trkpt lat="30.20866108126938343048095703125" lon="120.2628158032894134521484375">
        <ele>7</ele>
        <time>2026-08-31T23:16:55.000Z</time>
        <extensions>
          <ns3:TrackPointExtension>
            <ns3:atemp>30.0</ns3:atemp>
            <ns3:hr>161</ns3:hr>
            <ns3:cad>87</ns3:cad>
          </ns3:TrackPointExtension>
        </extensions>
      </trkpt>
      <trkpt lat="30.208665020763874053955078125" lon="120.26278303004801273345947265625">
        <ele>7</ele>
        <time>2026-08-31T23:16:56.000Z</time>
        <extensions>
          <ns3:TrackPointExtension>
            <ns3:atemp>30.0</ns3:atemp>
            <ns3:hr>162</ns3:hr>
            <ns3:cad>87</ns3:cad>
          </ns3:TrackPointExtension>
        </extensions>
      </trkpt>
      <trkpt lat="30.20867181010544300079345703125" lon="120.26276073418557643890380859375">
        <ele>7</ele>
        <time>2026-08-31T23:16:57.000Z</time>
        <extensions>
          <ns3:TrackPointExtension>
            <ns3:atemp>30.0</ns3:atemp>
            <ns3:hr>161</ns3:hr>
            <ns3:cad>87</ns3:cad>
          </ns3:TrackPointExtension>
        </extensions>
      </trkpt>
      <trkpt lat="30.2086782641708850860595703125" lon="120.262735001742839813232421875">
        <ele>7</ele>
        <time>2026-08-31T23:16:58.000Z</time>
        <extensions>
          <ns3:TrackPointExtension>
            <ns3:atemp>30.0</ns3:atemp>
            <ns3:hr>162</ns3:hr>
            <ns3:cad>87</ns3:cad>
          </ns3:TrackPointExtension>
        </extensions>
      </trkpt>
      <trkpt lat="30.2086859755218029022216796875" lon="120.26271077804267406463623046875">
        <ele>7</ele>
        <time>2026-08-31T23:16:59.000Z</time>
        <extensions>
          <ns3:TrackPointExtension>
            <ns3:atemp>30.0</ns3:atemp>
            <ns3:hr>162</ns3:hr>
            <ns3:cad>87</ns3:cad>
          </ns3:TrackPointExtension>
        </extensions>
      </trkpt>
      <trkpt lat="30.2086977101862430572509765625" lon="120.2626852132380008697509765625">
        <ele>7</ele>
        <time>2026-08-31T23:17:00.000Z</time>
        <extensions>
          <ns3:TrackPointExtension>
            <ns3:atemp>30.0</ns3:atemp>
            <ns3:hr>162</ns3:hr>
            <ns3:cad>87</ns3:cad>
          </ns3:TrackPointExtension>
        </extensions>
      </trkpt>
      <trkpt lat="30.20870634354650974273681640625" lon="120.26266182772815227508544921875">
        <ele>7</ele>
        <time>2026-08-31T23:17:01.000Z</time>
        <extensions>
          <ns3:TrackPointExtension>
            <ns3:atemp>30.0</ns3:atemp>
            <ns3:hr>162</ns3:hr>
            <ns3:cad>87</ns3:cad>
          </ns3:TrackPointExtension>
        </extensions>
      </trkpt>
      <trkpt lat="30.2087131328880786895751953125" lon="120.26263265870511531829833984375">
        <ele>7</ele>
        <time>2026-08-31T23:17:02.000Z</time>
        <extensions>
          <ns3:TrackPointExtension>
            <ns3:atemp>30.0</ns3:atemp>
            <ns3:hr>162</ns3:hr>
            <ns3:cad>87</ns3:cad>
          </ns3:TrackPointExtension>
        </extensions>
      </trkpt>
      <trkpt lat="30.2087208442389965057373046875" lon="120.26261069811880588531494140625">
        <ele>7</ele>
        <time>2026-08-31T23:17:03.000Z</time>
        <extensions>
          <ns3:TrackPointExtension>
            <ns3:atemp>30.0</ns3:atemp>
            <ns3:hr>162</ns3:hr>
            <ns3:cad>87</ns3:cad>
          </ns3:TrackPointExtension>
        </extensions>
      </trkpt>
      <trkpt lat="30.20872377790510654449462890625" lon="120.26258152909576892852783203125">
        <ele>7.19999980926513671875</ele>
        <time>2026-08-31T23:17:04.000Z</time>
        <extensions>
          <ns3:TrackPointExtension>
            <ns3:atemp>30.0</ns3:atemp>
            <ns3:hr>162</ns3:hr>
            <ns3:cad>87</ns3:cad>
          </ns3:TrackPointExtension>
        </extensions>
      </trkpt>
      <trkpt lat="30.2087241970002651214599609375" lon="120.26254548691213130950927734375">
        <ele>7.19999980926513671875</ele>
        <time>2026-08-31T23:17:05.000Z</time>
        <extensions>
          <ns3:TrackPointExtension>
            <ns3:atemp>30.0</ns3:atemp>
            <ns3:hr>162</ns3:hr>
            <ns3:cad>87</ns3:cad>
          </ns3:TrackPointExtension>
        </extensions>
      </trkpt>
      <trkpt lat="30.2087315730750560760498046875" lon="120.262511707842350006103515625">
        <ele>7</ele>
        <time>2026-08-31T23:17:06.000Z</time>
        <extensions>
          <ns3:TrackPointExtension>
            <ns3:atemp>30.0</ns3:atemp>
            <ns3:hr>162</ns3:hr>
            <ns3:cad>87</ns3:cad>
          </ns3:TrackPointExtension>
        </extensions>
      </trkpt>
      <trkpt lat="30.2087433077394962310791015625" lon="120.262482874095439910888671875">
        <ele>7.19999980926513671875</ele>
        <time>2026-08-31T23:17:07.000Z</time>
        <extensions>
          <ns3:TrackPointExtension>
            <ns3:atemp>30.0</ns3:atemp>
            <ns3:hr>162</ns3:hr>
            <ns3:cad>87</ns3:cad>
          </ns3:TrackPointExtension>
        </extensions>
      </trkpt>
      <trkpt lat="30.20874959416687488555908203125" lon="120.2624568901956081390380859375">
        <ele>7.19999980926513671875</ele>
        <time>2026-08-31T23:17:08.000Z</time>
        <extensions>
          <ns3:TrackPointExtension>
            <ns3:atemp>30.0</ns3:atemp>
            <ns3:hr>162</ns3:hr>
            <ns3:cad>87</ns3:cad>
          </ns3:TrackPointExtension>
        </extensions>
      </trkpt>
      <trkpt lat="30.2087503485381603240966796875" lon="120.26242814026772975921630859375">
        <ele>7</ele>
        <time>2026-08-31T23:17:09.000Z</time>
        <extensions>
          <ns3:TrackPointExtension>
            <ns3:atemp>30.0</ns3:atemp>
            <ns3:hr>161</ns3:hr>
            <ns3:cad>87</ns3:cad>
          </ns3:TrackPointExtension>
        </extensions>
      </trkpt>
      <trkpt lat="30.20875462330877780914306640625" lon="120.2624015696346759796142578125">
        <ele>7</ele>
        <time>2026-08-31T23:17:10.000Z</time>
        <extensions>
          <ns3:TrackPointExtension>
            <ns3:atemp>30.0</ns3:atemp>
            <ns3:hr>161</ns3:hr>
            <ns3:cad>87</ns3:cad>
          </ns3:TrackPointExtension>
        </extensions>
      </trkpt>
      <trkpt lat="30.2087547071278095245361328125" lon="120.26237231679260730743408203125">
        <ele>7</ele>
        <time>2026-08-31T23:17:11.000Z</time>
        <extensions>
          <ns3:TrackPointExtension>
            <ns3:atemp>30.0</ns3:atemp>
            <ns3:hr>161</ns3:hr>
            <ns3:cad>86</ns3:cad>
          </ns3:TrackPointExtension>
        </extensions>
      </trkpt>
      <trkpt lat="30.20875462330877780914306640625" lon="120.262340046465396881103515625">
        <ele>7.19999980926513671875</ele>
        <time>2026-08-31T23:17:12.000Z</time>
        <extensions>
          <ns3:TrackPointExtension>
            <ns3:atemp>30.0</ns3:atemp>
            <ns3:hr>161</ns3:hr>
            <ns3:cad>85</ns3:cad>
          </ns3:TrackPointExtension>
        </extensions>
      </trkpt>
      <trkpt lat="30.20875328220427036285400390625" lon="120.26231288909912109375">
        <ele>7.19999980926513671875</ele>
        <time>2026-08-31T23:17:13.000Z</time>
        <extensions>
          <ns3:TrackPointExtension>
            <ns3:atemp>30.0</ns3:atemp>
            <ns3:hr>161</ns3:hr>
            <ns3:cad>85</ns3:cad>
          </ns3:TrackPointExtension>
        </extensions>
      </trkpt>
      <trkpt lat="30.20875697024166584014892578125" lon="120.2622741647064685821533203125">
        <ele>7.19999980926513671875</ele>
        <time>2026-08-31T23:17:14.000Z</time>
        <extensions>
          <ns3:TrackPointExtension>
            <ns3:atemp>30.0</ns3:atemp>
            <ns3:hr>160</ns3:hr>
            <ns3:cad>85</ns3:cad>
          </ns3:TrackPointExtension>
        </extensions>
      </trkpt>
      <trkpt lat="30.20875789225101470947265625" lon="120.26223837397992610931396484375">
        <ele>7.19999980926513671875</ele>
        <time>2026-08-31T23:17:15.000Z</time>
        <extensions>
          <ns3:TrackPointExtension>
            <ns3:atemp>30.0</ns3:atemp>
            <ns3:hr>161</ns3:hr>
            <ns3:cad>85</ns3:cad>
          </ns3:TrackPointExtension>
        </extensions>
      </trkpt>
      <trkpt lat="30.20875780843198299407958984375" lon="120.26220895349979400634765625">
        <ele>7.19999980926513671875</ele>
        <time>2026-08-31T23:17:16.000Z</time>
        <extensions>
          <ns3:TrackPointExtension>
            <ns3:atemp>30.0</ns3:atemp>
            <ns3:hr>161</ns3:hr>
            <ns3:cad>85</ns3:cad>
          </ns3:TrackPointExtension>
        </extensions>
      </trkpt>
      <trkpt lat="30.20875529386103153228759765625" lon="120.26217450387775897979736328125">
        <ele>7</ele>
        <time>2026-08-31T23:17:17.000Z</time>
        <extensions>
          <ns3:TrackPointExtension>
            <ns3:atemp>30.0</ns3:atemp>
            <ns3:hr>160</ns3:hr>
            <ns3:cad>84</ns3:cad>
          </ns3:TrackPointExtension>
        </extensions>
      </trkpt>
      <trkpt lat="30.208750851452350616455078125" lon="120.2621460892260074615478515625">
        <ele>7</ele>
        <time>2026-08-31T23:17:18.000Z</time>
        <extensions>
          <ns3:TrackPointExtension>
            <ns3:atemp>30.0</ns3:atemp>
            <ns3:hr>161</ns3:hr>
            <ns3:cad>84</ns3:cad>
          </ns3:TrackPointExtension>
        </extensions>
      </trkpt>
      <trkpt lat="30.20875613205134868621826171875" lon="120.2621061913669109344482421875">
        <ele>7</ele>
        <time>2026-08-31T23:17:19.000Z</time>
        <extensions>
          <ns3:TrackPointExtension>
            <ns3:atemp>30.0</ns3:atemp>
            <ns3:hr>160</ns3:hr>
            <ns3:cad>85</ns3:cad>
          </ns3:TrackPointExtension>
        </extensions>
      </trkpt>
      <trkpt lat="30.20875730551779270172119140625" lon="120.26208129711449146270751953125">
        <ele>7</ele>
        <time>2026-08-31T23:17:20.000Z</time>
        <extensions>
          <ns3:TrackPointExtension>
            <ns3:atemp>30.0</ns3:atemp>
            <ns3:hr>160</ns3:hr>
            <ns3:cad>85</ns3:cad>
          </ns3:TrackPointExtension>
        </extensions>
      </trkpt>
      <trkpt lat="30.20876132883131504058837890625" lon="120.262042991816997528076171875">
        <ele>7</ele>
        <time>2026-08-31T23:17:21.000Z</time>
        <extensions>
          <ns3:TrackPointExtension>
            <ns3:atemp>30.0</ns3:atemp>
            <ns3:hr>160</ns3:hr>
            <ns3:cad>86</ns3:cad>
          </ns3:TrackPointExtension>
        </extensions>
      </trkpt>
      <trkpt lat="30.208757556974887847900390625" lon="120.2620146609842777252197265625">
        <ele>7</ele>
        <time>2026-08-31T23:17:22.000Z</time>
        <extensions>
          <ns3:TrackPointExtension>
            <ns3:atemp>30.0</ns3:atemp>
            <ns3:hr>161</ns3:hr>
            <ns3:cad>87</ns3:cad>
          </ns3:TrackPointExtension>
        </extensions>
      </trkpt>
      <trkpt lat="30.20875529386103153228759765625" lon="120.26197702623903751373291015625">
        <ele>6.80000019073486328125</ele>
        <time>2026-08-31T23:17:23.000Z</time>
        <extensions>
          <ns3:TrackPointExtension>
            <ns3:atemp>30.0</ns3:atemp>
            <ns3:hr>160</ns3:hr>
            <ns3:cad>87</ns3:cad>
          </ns3:TrackPointExtension>
        </extensions>
      </trkpt>
      <trkpt lat="30.20875562913715839385986328125" lon="120.26194768957793712615966796875">
        <ele>6.80000019073486328125</ele>
        <time>2026-08-31T23:17:24.000Z</time>
        <extensions>
          <ns3:TrackPointExtension>
            <ns3:atemp>30.0</ns3:atemp>
            <ns3:hr>161</ns3:hr>
            <ns3:cad>87</ns3:cad>
          </ns3:TrackPointExtension>
        </extensions>
      </trkpt>
      <trkpt lat="30.20875529386103153228759765625" lon="120.261915586888790130615234375">
        <ele>6.80000019073486328125</ele>
        <time>2026-08-31T23:17:25.000Z</time>
        <extensions>
          <ns3:TrackPointExtension>
            <ns3:atemp>30.0</ns3:atemp>
            <ns3:hr>161</ns3:hr>
            <ns3:cad>87</ns3:cad>
          </ns3:TrackPointExtension>
        </extensions>
      </trkpt>
      <trkpt lat="30.2087570540606975555419921875" lon="120.26188532821834087371826171875">
        <ele>6.80000019073486328125</ele>
        <time>2026-08-31T23:17:26.000Z</time>
        <extensions>
          <ns3:TrackPointExtension>
            <ns3:atemp>30.0</ns3:atemp>
            <ns3:hr>161</ns3:hr>
            <ns3:cad>88</ns3:cad>
          </ns3:TrackPointExtension>
        </extensions>
      </trkpt>
      <trkpt lat="30.2087573893368244171142578125" lon="120.26185532100498676300048828125">
        <ele>6.80000019073486328125</ele>
        <time>2026-08-31T23:17:27.000Z</time>
        <extensions>
          <ns3:TrackPointExtension>
            <ns3:atemp>30.0</ns3:atemp>
            <ns3:hr>161</ns3:hr>
            <ns3:cad>88</ns3:cad>
          </ns3:TrackPointExtension>
        </extensions>
      </trkpt>
      <trkpt lat="30.2087620832026004791259765625" lon="120.26182162575423717498779296875">
        <ele>6.80000019073486328125</ele>
        <time>2026-08-31T23:17:28.000Z</time>
        <extensions>
          <ns3:TrackPointExtension>
            <ns3:atemp>30.0</ns3:atemp>
            <ns3:hr>162</ns3:hr>
            <ns3:cad>88</ns3:cad>
          </ns3:TrackPointExtension>
        </extensions>
      </trkpt>
      <trkpt lat="30.208766944706439971923828125" lon="120.26179195381700992584228515625">
        <ele>6.80000019073486328125</ele>
        <time>2026-08-31T23:17:29.000Z</time>
        <extensions>
          <ns3:TrackPointExtension>
            <ns3:atemp>30.0</ns3:atemp>
            <ns3:hr>164</ns3:hr>
            <ns3:cad>87</ns3:cad>
          </ns3:TrackPointExtension>
        </extensions>
      </trkpt>
      <trkpt lat="30.20876904018223285675048828125" lon="120.26175876148045063018798828125">
        <ele>6.80000019073486328125</ele>
        <time>2026-08-31T23:17:30.000Z</time>
        <extensions>
          <ns3:TrackPointExtension>
            <ns3:atemp>30.0</ns3:atemp>
            <ns3:hr>165</ns3:hr>
            <ns3:cad>87</ns3:cad>
          </ns3:TrackPointExtension>
        </extensions>
      </trkpt>
      <trkpt lat="30.20876954309642314910888671875" lon="120.2617300115525722503662109375">
        <ele>6.80000019073486328125</ele>
        <time>2026-08-31T23:17:31.000Z</time>
        <extensions>
          <ns3:TrackPointExtension>
            <ns3:atemp>30.0</ns3:atemp>
            <ns3:hr>165</ns3:hr>
            <ns3:cad>87</ns3:cad>
          </ns3:TrackPointExtension>
        </extensions>
      </trkpt>
      <trkpt lat="30.2087687887251377105712890625" lon="120.26169539429247379302978515625">
        <ele>6.599999904632568359375</ele>
        <time>2026-08-31T23:17:32.000Z</time>
        <extensions>
          <ns3:TrackPointExtension>
            <ns3:atemp>30.0</ns3:atemp>
            <ns3:hr>165</ns3:hr>
            <ns3:cad>88</ns3:cad>
          </ns3:TrackPointExtension>
        </extensions>
      </trkpt>
      <trkpt lat="30.208766274154186248779296875" lon="120.2616683207452297210693359375">
        <ele>6.599999904632568359375</ele>
        <time>2026-08-31T23:17:33.000Z</time>
        <extensions>
          <ns3:TrackPointExtension>
            <ns3:atemp>30.0</ns3:atemp>
            <ns3:hr>165</ns3:hr>
            <ns3:cad>88</ns3:cad>
          </ns3:TrackPointExtension>
        </extensions>
      </trkpt>
      <trkpt lat="30.20876803435385227203369140625" lon="120.2616331167519092559814453125">
        <ele>6.80000019073486328125</ele>
        <time>2026-08-31T23:17:34.000Z</time>
        <extensions>
          <ns3:TrackPointExtension>
            <ns3:atemp>30.0</ns3:atemp>
            <ns3:hr>166</ns3:hr>
            <ns3:cad>87</ns3:cad>
          </ns3:TrackPointExtension>
        </extensions>
      </trkpt>
      <trkpt lat="30.20876325666904449462890625" lon="120.26160704903304576873779296875">
        <ele>6.599999904632568359375</ele>
        <time>2026-08-31T23:17:35.000Z</time>
        <extensions>
          <ns3:TrackPointExtension>
            <ns3:atemp>30.0</ns3:atemp>
            <ns3:hr>166</ns3:hr>
            <ns3:cad>87</ns3:cad>
          </ns3:TrackPointExtension>
        </extensions>
      </trkpt>
      <trkpt lat="30.20876082591712474822998046875" lon="120.26157058775424957275390625">
        <ele>6.80000019073486328125</ele>
        <time>2026-08-31T23:17:36.000Z</time>
        <extensions>
          <ns3:TrackPointExtension>
            <ns3:atemp>30.0</ns3:atemp>
            <ns3:hr>166</ns3:hr>
            <ns3:cad>87</ns3:cad>
          </ns3:TrackPointExtension>
        </extensions>
      </trkpt>
      <trkpt lat="30.20875847898423671722412109375" lon="120.261542089283466339111328125">
        <ele>6.80000019073486328125</ele>
        <time>2026-08-31T23:17:37.000Z</time>
        <extensions>
          <ns3:TrackPointExtension>
            <ns3:atemp>30.0</ns3:atemp>
            <ns3:hr>166</ns3:hr>
            <ns3:cad>87</ns3:cad>
          </ns3:TrackPointExtension>
        </extensions>
      </trkpt>
      <trkpt lat="30.2087577246129512786865234375" lon="120.26151082478463649749755859375">
        <ele>6.80000019073486328125</ele>
        <time>2026-08-31T23:17:38.000Z</time>
        <extensions>
          <ns3:TrackPointExtension>
            <ns3:atemp>30.0</ns3:atemp>
            <ns3:hr>166</ns3:hr>
            <ns3:cad>88</ns3:cad>
          </ns3:TrackPointExtension>
        </extensions>
      </trkpt>
      <trkpt lat="30.20875629968941211700439453125" lon="120.26148685254156589508056640625">
        <ele>6.80000019073486328125</ele>
        <time>2026-08-31T23:17:39.000Z</time>
        <extensions>
          <ns3:TrackPointExtension>
            <ns3:atemp>30.0</ns3:atemp>
            <ns3:hr>166</ns3:hr>
            <ns3:cad>88</ns3:cad>
          </ns3:TrackPointExtension>
        </extensions>
      </trkpt>
      <trkpt lat="30.208754204213619232177734375" lon="120.26145651005208492279052734375">
        <ele>6.80000019073486328125</ele>
        <time>2026-08-31T23:17:40.000Z</time>
        <extensions>
          <ns3:TrackPointExtension>
            <ns3:atemp>30.0</ns3:atemp>
            <ns3:hr>166</ns3:hr>
            <ns3:cad>88</ns3:cad>
          </ns3:TrackPointExtension>
        </extensions>
      </trkpt>
      <trkpt lat="30.2087563835084438323974609375" lon="120.261427424848079681396484375">
        <ele>6.80000019073486328125</ele>
        <time>2026-08-31T23:17:41.000Z</time>
        <extensions>
          <ns3:TrackPointExtension>
            <ns3:atemp>30.0</ns3:atemp>
            <ns3:hr>166</ns3:hr>
            <ns3:cad>88</ns3:cad>
          </ns3:TrackPointExtension>
        </extensions>
      </trkpt>
      <trkpt lat="30.20875395275652408599853515625" lon="120.26140135712921619415283203125">
        <ele>6.80000019073486328125</ele>
        <time>2026-08-31T23:17:42.000Z</time>
        <extensions>
          <ns3:TrackPointExtension>
            <ns3:atemp>30.0</ns3:atemp>
            <ns3:hr>166</ns3:hr>
            <ns3:cad>88</ns3:cad>
          </ns3:TrackPointExtension>
        </extensions>
      </trkpt>
      <trkpt lat="30.20875562913715839385986328125" lon="120.26136833243072032928466796875">
        <ele>6.80000019073486328125</ele>
        <time>2026-08-31T23:17:43.000Z</time>
        <extensions>
          <ns3:TrackPointExtension>
            <ns3:atemp>30.0</ns3:atemp>
            <ns3:hr>166</ns3:hr>
            <ns3:cad>88</ns3:cad>
          </ns3:TrackPointExtension>
        </extensions>
      </trkpt>
      <trkpt lat="30.208754204213619232177734375" lon="120.26134268380701541900634765625">
        <ele>6.80000019073486328125</ele>
        <time>2026-08-31T23:17:44.000Z</time>
        <extensions>
          <ns3:TrackPointExtension>
            <ns3:atemp>30.0</ns3:atemp>
            <ns3:hr>165</ns3:hr>
            <ns3:cad>88</ns3:cad>
          </ns3:TrackPointExtension>
        </extensions>
      </trkpt>
      <trkpt lat="30.20875579677522182464599609375" lon="120.26130295358598232269287109375">
        <ele>6.80000019073486328125</ele>
        <time>2026-08-31T23:17:45.000Z</time>
        <extensions>
          <ns3:TrackPointExtension>
            <ns3:atemp>30.0</ns3:atemp>
            <ns3:hr>165</ns3:hr>
            <ns3:cad>88</ns3:cad>
          </ns3:TrackPointExtension>
        </extensions>
      </trkpt>
      <trkpt lat="30.2087553776800632476806640625" lon="120.261276550590991973876953125">
        <ele>6.80000019073486328125</ele>
        <time>2026-08-31T23:17:46.000Z</time>
        <extensions>
          <ns3:TrackPointExtension>
            <ns3:atemp>30.0</ns3:atemp>
            <ns3:hr>165</ns3:hr>
            <ns3:cad>88</ns3:cad>
          </ns3:TrackPointExtension>
        </extensions>
      </trkpt>
      <trkpt lat="30.20875093527138233184814453125" lon="120.26123992167413234710693359375">
        <ele>6.80000019073486328125</ele>
        <time>2026-08-31T23:17:47.000Z</time>
        <extensions>
          <ns3:TrackPointExtension>
            <ns3:atemp>30.0</ns3:atemp>
            <ns3:hr>165</ns3:hr>
            <ns3:cad>88</ns3:cad>
          </ns3:TrackPointExtension>
        </extensions>
      </trkpt>
      <trkpt lat="30.20875462330877780914306640625" lon="120.26121142320334911346435546875">
        <ele>6.80000019073486328125</ele>
        <time>2026-08-31T23:17:48.000Z</time>
        <extensions>
          <ns3:TrackPointExtension>
            <ns3:atemp>30.0</ns3:atemp>
            <ns3:hr>164</ns3:hr>
            <ns3:cad>88</ns3:cad>
          </ns3:TrackPointExtension>
        </extensions>
      </trkpt>
      <trkpt lat="30.2087567187845706939697265625" lon="120.2611742913722991943359375">
        <ele>6.80000019073486328125</ele>
        <time>2026-08-31T23:17:49.000Z</time>
        <extensions>
          <ns3:TrackPointExtension>
            <ns3:atemp>30.0</ns3:atemp>
            <ns3:hr>164</ns3:hr>
            <ns3:cad>87</ns3:cad>
          </ns3:TrackPointExtension>
        </extensions>
      </trkpt>
      <trkpt lat="30.20875789225101470947265625" lon="120.26114537380635738372802734375">
        <ele>6.80000019073486328125</ele>
        <time>2026-08-31T23:17:50.000Z</time>
        <extensions>
          <ns3:TrackPointExtension>
            <ns3:atemp>30.0</ns3:atemp>
            <ns3:hr>164</ns3:hr>
            <ns3:cad>87</ns3:cad>
          </ns3:TrackPointExtension>
        </extensions>
      </trkpt>
      <trkpt lat="30.2087570540606975555419921875" lon="120.261118300259113311767578125">
        <ele>7</ele>
        <time>2026-08-31T23:17:51.000Z</time>
        <extensions>
          <ns3:TrackPointExtension>
            <ns3:atemp>30.0</ns3:atemp>
            <ns3:hr>164</ns3:hr>
            <ns3:cad>86</ns3:cad>
          </ns3:TrackPointExtension>
        </extensions>
      </trkpt>
      <trkpt lat="30.20876065827906131744384765625" lon="120.2610842697322368621826171875">
        <ele>7</ele>
        <time>2026-08-31T23:17:52.000Z</time>
        <extensions>
          <ns3:TrackPointExtension>
            <ns3:atemp>30.0</ns3:atemp>
            <ns3:hr>165</ns3:hr>
            <ns3:cad>86</ns3:cad>
          </ns3:TrackPointExtension>
        </extensions>
      </trkpt>
      <trkpt lat="30.2087570540606975555419921875" lon="120.26105686090886592864990234375">
        <ele>7</ele>
        <time>2026-08-31T23:17:53.000Z</time>
        <extensions>
          <ns3:TrackPointExtension>
            <ns3:atemp>30.0</ns3:atemp>
            <ns3:hr>165</ns3:hr>
            <ns3:cad>88</ns3:cad>
          </ns3:TrackPointExtension>
        </extensions>
      </trkpt>
      <trkpt lat="30.20876015536487102508544921875" lon="120.2610158734023571014404296875">
        <ele>7</ele>
        <time>2026-08-31T23:17:54.000Z</time>
        <extensions>
          <ns3:TrackPointExtension>
            <ns3:atemp>30.0</ns3:atemp>
            <ns3:hr>165</ns3:hr>
            <ns3:cad>88</ns3:cad>
          </ns3:TrackPointExtension>
        </extensions>
      </trkpt>
      <trkpt lat="30.2087580598890781402587890625" lon="120.26098561473190784454345703125">
        <ele>7</ele>
        <time>2026-08-31T23:17:55.000Z</time>
        <extensions>
          <ns3:TrackPointExtension>
            <ns3:atemp>30.0</ns3:atemp>
            <ns3:hr>165</ns3:hr>
            <ns3:cad>88</ns3:cad>
          </ns3:TrackPointExtension>
        </extensions>
      </trkpt>
      <trkpt lat="30.2087624184787273406982421875" lon="120.26095074601471424102783203125">
        <ele>7</ele>
        <time>2026-08-31T23:17:56.000Z</time>
        <extensions>
          <ns3:TrackPointExtension>
            <ns3:atemp>30.0</ns3:atemp>
            <ns3:hr>165</ns3:hr>
            <ns3:cad>87</ns3:cad>
          </ns3:TrackPointExtension>
        </extensions>
      </trkpt>
      <trkpt lat="30.20876266993582248687744140625" lon="120.2609219960868358612060546875">
        <ele>7</ele>
        <time>2026-08-31T23:17:57.000Z</time>
        <extensions>
          <ns3:TrackPointExtension>
            <ns3:atemp>30.0</ns3:atemp>
            <ns3:hr>165</ns3:hr>
            <ns3:cad>87</ns3:cad>
          </ns3:TrackPointExtension>
        </extensions>
      </trkpt>
      <trkpt lat="30.20876484923064708709716796875" lon="120.26089324615895748138427734375">
        <ele>7</ele>
        <time>2026-08-31T23:17:58.000Z</time>
        <extensions>
          <ns3:TrackPointExtension>
            <ns3:atemp>29.0</ns3:atemp>
            <ns3:hr>165</ns3:hr>
            <ns3:cad>87</ns3:cad>
          </ns3:TrackPointExtension>
        </extensions>
      </trkpt>
      <trkpt lat="30.2087773382663726806640625" lon="120.26088033802807331085205078125">
        <ele>7</ele>
        <time>2026-08-31T23:17:59.000Z</time>
        <extensions>
          <ns3:TrackPointExtension>
            <ns3:atemp>30.0</ns3:atemp>
            <ns3:hr>166</ns3:hr>
            <ns3:cad>87</ns3:cad>
          </ns3:TrackPointExtension>
        </extensions>
      </trkpt>
      <trkpt lat="30.20878563635051250457763671875" lon="120.26086826808750629425048828125">
        <ele>7</ele>
        <time>2026-08-31T23:18:00.000Z</time>
        <extensions>
          <ns3:TrackPointExtension>
            <ns3:atemp>30.0</ns3:atemp>
            <ns3:hr>165</ns3:hr>
            <ns3:cad>87</ns3:cad>
          </ns3:TrackPointExtension>
        </extensions>
      </trkpt>
      <trkpt lat="30.20879116840660572052001953125" lon="120.2608435414731502532958984375">
        <ele>7</ele>
        <time>2026-08-31T23:18:01.000Z</time>
        <extensions>
          <ns3:TrackPointExtension>
            <ns3:atemp>30.0</ns3:atemp>
            <ns3:hr>165</ns3:hr>
            <ns3:cad>86</ns3:cad>
          </ns3:TrackPointExtension>
        </extensions>
      </trkpt>
      <trkpt lat="30.2087934315204620361328125" lon="120.26081613264977931976318359375">
        <ele>6.80000019073486328125</ele>
        <time>2026-08-31T23:18:02.000Z</time>
        <extensions>
          <ns3:TrackPointExtension>
            <ns3:atemp>30.0</ns3:atemp>
            <ns3:hr>166</ns3:hr>
            <ns3:cad>84</ns3:cad>
          </ns3:TrackPointExtension>
        </extensions>
      </trkpt>
      <trkpt lat="30.2087832055985927581787109375" lon="120.2607907354831695556640625">
        <ele>6.80000019073486328125</ele>
        <time>2026-08-31T23:18:03.000Z</time>
        <extensions>
          <ns3:TrackPointExtension>
            <ns3:atemp>30.0</ns3:atemp>
            <ns3:hr>166</ns3:hr>
            <ns3:cad>81</ns3:cad>
          </ns3:TrackPointExtension>
        </extensions>
      </trkpt>
      <trkpt lat="30.20877809263765811920166015625" lon="120.26075829751789569854736328125">
        <ele>6.80000019073486328125</ele>
        <time>2026-08-31T23:18:04.000Z</time>
        <extensions>
          <ns3:TrackPointExtension>
            <ns3:atemp>30.0</ns3:atemp>
            <ns3:hr>166</ns3:hr>
            <ns3:cad>81</ns3:cad>
          </ns3:TrackPointExtension>
        </extensions>
      </trkpt>
      <trkpt lat="30.208773314952850341796875" lon="120.26072879321873188018798828125">
        <ele>7</ele>
        <time>2026-08-31T23:18:05.000Z</time>
        <extensions>
          <ns3:TrackPointExtension>
            <ns3:atemp>30.0</ns3:atemp>
            <ns3:hr>166</ns3:hr>
            <ns3:cad>81</ns3:cad>
          </ns3:TrackPointExtension>
        </extensions>
      </trkpt>
      <trkpt lat="30.20876786671578884124755859375" lon="120.26069392450153827667236328125">
        <ele>7</ele>
        <time>2026-08-31T23:18:06.000Z</time>
        <extensions>
          <ns3:TrackPointExtension>
            <ns3:atemp>30.0</ns3:atemp>
            <ns3:hr>166</ns3:hr>
            <ns3:cad>84</ns3:cad>
          </ns3:TrackPointExtension>
        </extensions>
      </trkpt>
      <trkpt lat="30.2087647654116153717041015625" lon="120.26066936552524566650390625">
        <ele>7</ele>
        <time>2026-08-31T23:18:07.000Z</time>
        <extensions>
          <ns3:TrackPointExtension>
            <ns3:atemp>30.0</ns3:atemp>
            <ns3:hr>165</ns3:hr>
            <ns3:cad>85</ns3:cad>
          </ns3:TrackPointExtension>
        </extensions>
      </trkpt>
      <trkpt lat="30.2087634243071079254150390625" lon="120.26063960976898670196533203125">
        <ele>7</ele>
        <time>2026-08-31T23:18:08.000Z</time>
        <extensions>
          <ns3:TrackPointExtension>
            <ns3:atemp>30.0</ns3:atemp>
            <ns3:hr>166</ns3:hr>
            <ns3:cad>85</ns3:cad>
          </ns3:TrackPointExtension>
        </extensions>
      </trkpt>
      <trkpt lat="30.20876233465969562530517578125" lon="120.26061379350721836090087890625">
        <ele>7</ele>
        <time>2026-08-31T23:18:09.000Z</time>
        <extensions>
          <ns3:TrackPointExtension>
            <ns3:atemp>30.0</ns3:atemp>
            <ns3:hr>166</ns3:hr>
            <ns3:cad>86</ns3:cad>
          </ns3:TrackPointExtension>
        </extensions>
      </trkpt>
      <trkpt lat="30.20876183174550533294677734375" lon="120.2605823613703250885009765625">
        <ele>7.19999980926513671875</ele>
        <time>2026-08-31T23:18:10.000Z</time>
        <extensions>
          <ns3:TrackPointExtension>
            <ns3:atemp>30.0</ns3:atemp>
            <ns3:hr>165</ns3:hr>
            <ns3:cad>87</ns3:cad>
          </ns3:TrackPointExtension>
        </extensions>
      </trkpt>
      <trkpt lat="30.2087627537548542022705078125" lon="120.26055009104311466217041015625">
        <ele>7.19999980926513671875</ele>
        <time>2026-08-31T23:18:11.000Z</time>
        <extensions>
          <ns3:TrackPointExtension>
            <ns3:atemp>30.0</ns3:atemp>
            <ns3:hr>165</ns3:hr>
            <ns3:cad>87</ns3:cad>
          </ns3:TrackPointExtension>
        </extensions>
      </trkpt>
      <trkpt lat="30.20876602269709110260009765625" lon="120.26052025146782398223876953125">
        <ele>7.19999980926513671875</ele>
        <time>2026-08-31T23:18:12.000Z</time>
        <extensions>
          <ns3:TrackPointExtension>
            <ns3:atemp>29.0</ns3:atemp>
            <ns3:hr>165</ns3:hr>
            <ns3:cad>87</ns3:cad>
          </ns3:TrackPointExtension>
        </extensions>
      </trkpt>
      <trkpt lat="30.2087738178670406341552734375" lon="120.2604876458644866943359375">
        <ele>7.19999980926513671875</ele>
        <time>2026-08-31T23:18:13.000Z</time>
        <extensions>
          <ns3:TrackPointExtension>
            <ns3:atemp>29.0</ns3:atemp>
            <ns3:hr>166</ns3:hr>
            <ns3:cad>87</ns3:cad>
          </ns3:TrackPointExtension>
        </extensions>
      </trkpt>
      <trkpt lat="30.20877272821962833404541015625" lon="120.26046308688819408416748046875">
        <ele>7.19999980926513671875</ele>
        <time>2026-08-31T23:18:14.000Z</time>
        <extensions>
          <ns3:TrackPointExtension>
            <ns3:atemp>30.0</ns3:atemp>
            <ns3:hr>166</ns3:hr>
            <ns3:cad>87</ns3:cad>
          </ns3:TrackPointExtension>
        </extensions>
      </trkpt>
      <trkpt lat="30.20877800881862640380859375" lon="120.2604254521429538726806640625">
        <ele>7.19999980926513671875</ele>
        <time>2026-08-31T23:18:15.000Z</time>
        <extensions>
          <ns3:TrackPointExtension>
            <ns3:atemp>30.0</ns3:atemp>
            <ns3:hr>166</ns3:hr>
            <ns3:cad>87</ns3:cad>
          </ns3:TrackPointExtension>
        </extensions>
      </trkpt>
      <trkpt lat="30.208775997161865234375" lon="120.260399468243122100830078125">
        <ele>7.19999980926513671875</ele>
        <time>2026-08-31T23:18:16.000Z</time>
        <extensions>
          <ns3:TrackPointExtension>
            <ns3:atemp>30.0</ns3:atemp>
            <ns3:hr>167</ns3:hr>
            <ns3:cad>87</ns3:cad>
          </ns3:TrackPointExtension>
        </extensions>
      </trkpt>
      <trkpt lat="30.208762921392917633056640625" lon="120.260375998914241790771484375">
        <ele>7.19999980926513671875</ele>
        <time>2026-08-31T23:18:17.000Z</time>
        <extensions>
          <ns3:TrackPointExtension>
            <ns3:atemp>30.0</ns3:atemp>
            <ns3:hr>167</ns3:hr>
            <ns3:cad>86</ns3:cad>
          </ns3:TrackPointExtension>
        </extensions>
      </trkpt>
      <trkpt lat="30.20874406211078166961669921875" lon="120.2603634260594844818115234375">
        <ele>7.19999980926513671875</ele>
        <time>2026-08-31T23:18:18.000Z</time>
        <extensions>
          <ns3:TrackPointExtension>
            <ns3:atemp>30.0</ns3:atemp>
            <ns3:hr>167</ns3:hr>
            <ns3:cad>87</ns3:cad>
          </ns3:TrackPointExtension>
        </extensions>
      </trkpt>
      <trkpt lat="30.208724699914455413818359375" lon="120.26035554707050323486328125">
        <ele>7.19999980926513671875</ele>
        <time>2026-08-31T23:18:19.000Z</time>
        <extensions>
          <ns3:TrackPointExtension>
            <ns3:atemp>30.0</ns3:atemp>
            <ns3:hr>168</ns3:hr>
            <ns3:cad>87</ns3:cad>
          </ns3:TrackPointExtension>
        </extensions>
      </trkpt>
      <trkpt lat="30.20869947038590908050537109375" lon="120.26034959591925144195556640625">
        <ele>7.19999980926513671875</ele>
        <time>2026-08-31T23:18:20.000Z</time>
        <extensions>
          <ns3:TrackPointExtension>
            <ns3:atemp>30.0</ns3:atemp>
            <ns3:hr>167</ns3:hr>
            <ns3:cad>86</ns3:cad>
          </ns3:TrackPointExtension>
        </extensions>
      </trkpt>
      <trkpt lat="30.2086780965328216552734375" lon="120.260351188480854034423828125">
        <ele>7.400000095367431640625</ele>
        <time>2026-08-31T23:18:21.000Z</time>
        <extensions>
          <ns3:TrackPointExtension>
            <ns3:atemp>30.0</ns3:atemp>
            <ns3:hr>167</ns3:hr>
            <ns3:cad>85</ns3:cad>
          </ns3:TrackPointExtension>
        </extensions>
      </trkpt>
      <trkpt lat="30.20865336991846561431884765625" lon="120.26035361923277378082275390625">
        <ele>7.400000095367431640625</ele>
        <time>2026-08-31T23:18:22.000Z</time>
        <extensions>
          <ns3:TrackPointExtension>
            <ns3:atemp>30.0</ns3:atemp>
            <ns3:hr>167</ns3:hr>
            <ns3:cad>85</ns3:cad>
          </ns3:TrackPointExtension>
        </extensions>
      </trkpt>
      <trkpt lat="30.20863526500761508941650390625" lon="120.26035688817501068115234375">
        <ele>7.19999980926513671875</ele>
        <time>2026-08-31T23:18:23.000Z</time>
        <extensions>
          <ns3:TrackPointExtension>
            <ns3:atemp>29.0</ns3:atemp>
            <ns3:hr>167</ns3:hr>
            <ns3:cad>85</ns3:cad>
          </ns3:TrackPointExtension>
        </extensions>
      </trkpt>
      <trkpt lat="30.20861129276454448699951171875" lon="120.26035881601274013519287109375">
        <ele>7.400000095367431640625</ele>
        <time>2026-08-31T23:18:24.000Z</time>
        <extensions>
          <ns3:TrackPointExtension>
            <ns3:atemp>29.0</ns3:atemp>
            <ns3:hr>167</ns3:hr>
            <ns3:cad>85</ns3:cad>
          </ns3:TrackPointExtension>
        </extensions>
      </trkpt>
      <trkpt lat="30.208585895597934722900390625" lon="120.26036233641207218170166015625">
        <ele>7.19999980926513671875</ele>
        <time>2026-08-31T23:18:25.000Z</time>
        <extensions>
          <ns3:TrackPointExtension>
            <ns3:atemp>30.0</ns3:atemp>
            <ns3:hr>167</ns3:hr>
            <ns3:cad>85</ns3:cad>
          </ns3:TrackPointExtension>
        </extensions>
      </trkpt>
      <trkpt lat="30.20856116898357868194580078125" lon="120.2603667788207530975341796875">
        <ele>7.400000095367431640625</ele>
        <time>2026-08-31T23:18:26.000Z</time>
        <extensions>
          <ns3:TrackPointExtension>
            <ns3:atemp>30.0</ns3:atemp>
            <ns3:hr>167</ns3:hr>
            <ns3:cad>85</ns3:cad>
          </ns3:TrackPointExtension>
        </extensions>
      </trkpt>
      <trkpt lat="30.20853250287473201751708984375" lon="120.2603624202311038970947265625">
        <ele>7.400000095367431640625</ele>
        <time>2026-08-31T23:18:27.000Z</time>
        <extensions>
          <ns3:TrackPointExtension>
            <ns3:atemp>29.0</ns3:atemp>
            <ns3:hr>167</ns3:hr>
            <ns3:cad>86</ns3:cad>
          </ns3:TrackPointExtension>
        </extensions>
      </trkpt>
      <trkpt lat="30.208510458469390869140625" lon="120.260364599525928497314453125">
        <ele>7.400000095367431640625</ele>
        <time>2026-08-31T23:18:28.000Z</time>
        <extensions>
          <ns3:TrackPointExtension>
            <ns3:atemp>30.0</ns3:atemp>
            <ns3:hr>167</ns3:hr>
            <ns3:cad>86</ns3:cad>
          </ns3:TrackPointExtension>
        </extensions>
      </trkpt>
      <trkpt lat="30.20848237909376621246337890625" lon="120.26035579852759838104248046875">
        <ele>7.400000095367431640625</ele>
        <time>2026-08-31T23:18:29.000Z</time>
        <extensions>
          <ns3:TrackPointExtension>
            <ns3:atemp>30.0</ns3:atemp>
            <ns3:hr>166</ns3:hr>
            <ns3:cad>86</ns3:cad>
          </ns3:TrackPointExtension>
        </extensions>
      </trkpt>
      <trkpt lat="30.208459831774234771728515625" lon="120.2603503502905368804931640625">
        <ele>7.400000095367431640625</ele>
        <time>2026-08-31T23:18:30.000Z</time>
        <extensions>
          <ns3:TrackPointExtension>
            <ns3:atemp>30.0</ns3:atemp>
            <ns3:hr>166</ns3:hr>
            <ns3:cad>86</ns3:cad>
          </ns3:TrackPointExtension>
        </extensions>
      </trkpt>
      <trkpt lat="30.20843141712248325347900390625" lon="120.260342471301555633544921875">
        <ele>7.400000095367431640625</ele>
        <time>2026-08-31T23:18:31.000Z</time>
        <extensions>
          <ns3:TrackPointExtension>
            <ns3:atemp>29.0</ns3:atemp>
            <ns3:hr>166</ns3:hr>
            <ns3:cad>86</ns3:cad>
          </ns3:TrackPointExtension>
        </extensions>
      </trkpt>
      <trkpt lat="30.208403170108795166015625" lon="120.26033769361674785614013671875">
        <ele>7.400000095367431640625</ele>
        <time>2026-08-31T23:18:32.000Z</time>
        <extensions>
          <ns3:TrackPointExtension>
            <ns3:atemp>30.0</ns3:atemp>
            <ns3:hr>166</ns3:hr>
            <ns3:cad>86</ns3:cad>
          </ns3:TrackPointExtension>
        </extensions>
      </trkpt>
      <trkpt lat="30.20837777294218540191650390625" lon="120.26034414768218994140625">
        <ele>7.400000095367431640625</ele>
        <time>2026-08-31T23:18:33.000Z</time>
        <extensions>
          <ns3:TrackPointExtension>
            <ns3:atemp>29.0</ns3:atemp>
            <ns3:hr>166</ns3:hr>
            <ns3:cad>86</ns3:cad>
          </ns3:TrackPointExtension>
        </extensions>
      </trkpt>
      <trkpt lat="30.20834960974752902984619140625" lon="120.26034607551991939544677734375">
        <ele>7.400000095367431640625</ele>
        <time>2026-08-31T23:18:34.000Z</time>
        <extensions>
          <ns3:TrackPointExtension>
            <ns3:atemp>30.0</ns3:atemp>
            <ns3:hr>166</ns3:hr>
            <ns3:cad>85</ns3:cad>
          </ns3:TrackPointExtension>
        </extensions>
      </trkpt>
      <trkpt lat="30.20832429639995098114013671875" lon="120.26034959591925144195556640625">
        <ele>7.19999980926513671875</ele>
        <time>2026-08-31T23:18:35.000Z</time>
        <extensions>
          <ns3:TrackPointExtension>
            <ns3:atemp>29.0</ns3:atemp>
            <ns3:hr>166</ns3:hr>
            <ns3:cad>85</ns3:cad>
          </ns3:TrackPointExtension>
        </extensions>
      </trkpt>
      <trkpt lat="30.20829563029110431671142578125" lon="120.26034775190055370330810546875">
        <ele>7.19999980926513671875</ele>
        <time>2026-08-31T23:18:36.000Z</time>
        <extensions>
          <ns3:TrackPointExtension>
            <ns3:atemp>29.0</ns3:atemp>
            <ns3:hr>166</ns3:hr>
            <ns3:cad>86</ns3:cad>
          </ns3:TrackPointExtension>
        </extensions>
      </trkpt>
      <trkpt lat="30.20827467553317546844482421875" lon="120.260353870689868927001953125">
        <ele>7.19999980926513671875</ele>
        <time>2026-08-31T23:18:37.000Z</time>
        <extensions>
          <ns3:TrackPointExtension>
            <ns3:atemp>30.0</ns3:atemp>
            <ns3:hr>166</ns3:hr>
            <ns3:cad>87</ns3:cad>
          </ns3:TrackPointExtension>
        </extensions>
      </trkpt>
      <trkpt lat="30.20824424922466278076171875" lon="120.2603520266711711883544921875">
        <ele>7.400000095367431640625</ele>
        <time>2026-08-31T23:18:38.000Z</time>
        <extensions>
          <ns3:TrackPointExtension>
            <ns3:atemp>29.0</ns3:atemp>
            <ns3:hr>166</ns3:hr>
            <ns3:cad>87</ns3:cad>
          </ns3:TrackPointExtension>
        </extensions>
      </trkpt>
      <trkpt lat="30.2082209475338459014892578125" lon="120.26034750044345855712890625">
        <ele>7.400000095367431640625</ele>
        <time>2026-08-31T23:18:39.000Z</time>
        <extensions>
          <ns3:TrackPointExtension>
            <ns3:atemp>30.0</ns3:atemp>
            <ns3:hr>166</ns3:hr>
            <ns3:cad>87</ns3:cad>
          </ns3:TrackPointExtension>
        </extensions>
      </trkpt>
      <trkpt lat="30.2081926167011260986328125" lon="120.2603449858725070953369140625">
        <ele>7.400000095367431640625</ele>
        <time>2026-08-31T23:18:40.000Z</time>
        <extensions>
          <ns3:TrackPointExtension>
            <ns3:atemp>29.0</ns3:atemp>
            <ns3:hr>166</ns3:hr>
            <ns3:cad>87</ns3:cad>
          </ns3:TrackPointExtension>
        </extensions>
      </trkpt>
      <trkpt lat="30.2081636153161525726318359375" lon="120.2603382803499698638916015625">
        <ele>7.400000095367431640625</ele>
        <time>2026-08-31T23:18:41.000Z</time>
        <extensions>
          <ns3:TrackPointExtension>
            <ns3:atemp>30.0</ns3:atemp>
            <ns3:hr>166</ns3:hr>
            <ns3:cad>87</ns3:cad>
          </ns3:TrackPointExtension>
        </extensions>
      </trkpt>
      <trkpt lat="30.2081389725208282470703125" lon="120.2603401243686676025390625">
        <ele>7.400000095367431640625</ele>
        <time>2026-08-31T23:18:42.000Z</time>
        <extensions>
          <ns3:TrackPointExtension>
            <ns3:atemp>29.0</ns3:atemp>
            <ns3:hr>166</ns3:hr>
            <ns3:cad>87</ns3:cad>
          </ns3:TrackPointExtension>
        </extensions>
      </trkpt>
      <trkpt lat="30.20811189897358417510986328125" lon="120.26033735834062099456787109375">
        <ele>7.400000095367431640625</ele>
        <time>2026-08-31T23:18:43.000Z</time>
        <extensions>
          <ns3:TrackPointExtension>
            <ns3:atemp>29.0</ns3:atemp>
            <ns3:hr>166</ns3:hr>
            <ns3:cad>86</ns3:cad>
          </ns3:TrackPointExtension>
        </extensions>
      </trkpt>
      <trkpt lat="30.20809228532016277313232421875" lon="120.26034188456833362579345703125">
        <ele>7.400000095367431640625</ele>
        <time>2026-08-31T23:18:44.000Z</time>
        <extensions>
          <ns3:TrackPointExtension>
            <ns3:atemp>29.0</ns3:atemp>
            <ns3:hr>165</ns3:hr>
            <ns3:cad>86</ns3:cad>
          </ns3:TrackPointExtension>
        </extensions>
      </trkpt>
      <trkpt lat="30.2080663852393627166748046875" lon="120.26033417321741580963134765625">
        <ele>7.400000095367431640625</ele>
        <time>2026-08-31T23:18:45.000Z</time>
        <extensions>
          <ns3:TrackPointExtension>
            <ns3:atemp>29.0</ns3:atemp>
            <ns3:hr>165</ns3:hr>
            <ns3:cad>86</ns3:cad>
          </ns3:TrackPointExtension>
        </extensions>
      </trkpt>
      <trkpt lat="30.20804517902433872222900390625" lon="120.26033333502709865570068359375">
        <ele>7.400000095367431640625</ele>
        <time>2026-08-31T23:18:46.000Z</time>
        <extensions>
          <ns3:TrackPointExtension>
            <ns3:atemp>30.0</ns3:atemp>
            <ns3:hr>165</ns3:hr>
            <ns3:cad>87</ns3:cad>
          </ns3:TrackPointExtension>
        </extensions>
      </trkpt>
      <trkpt lat="30.20802120678126811981201171875" lon="120.26032738387584686279296875">
        <ele>7.400000095367431640625</ele>
        <time>2026-08-31T23:18:47.000Z</time>
        <extensions>
          <ns3:TrackPointExtension>
            <ns3:atemp>29.0</ns3:atemp>
            <ns3:hr>165</ns3:hr>
            <ns3:cad>87</ns3:cad>
          </ns3:TrackPointExtension>
        </extensions>
      </trkpt>
      <trkpt lat="30.2079986594617366790771484375" lon="120.26032310910522937774658203125">
        <ele>7.400000095367431640625</ele>
        <time>2026-08-31T23:18:48.000Z</time>
        <extensions>
          <ns3:TrackPointExtension>
            <ns3:atemp>29.0</ns3:atemp>
            <ns3:hr>164</ns3:hr>
            <ns3:cad>87</ns3:cad>
          </ns3:TrackPointExtension>
        </extensions>
      </trkpt>
      <trkpt lat="30.207974351942539215087890625" lon="120.26032445020973682403564453125">
        <ele>7.400000095367431640625</ele>
        <time>2026-08-31T23:18:49.000Z</time>
        <extensions>
          <ns3:TrackPointExtension>
            <ns3:atemp>29.0</ns3:atemp>
            <ns3:hr>165</ns3:hr>
            <ns3:cad>87</ns3:cad>
          </ns3:TrackPointExtension>
        </extensions>
      </trkpt>
      <trkpt lat="30.2079480327665805816650390625" lon="120.260319672524929046630859375">
        <ele>7.400000095367431640625</ele>
        <time>2026-08-31T23:18:50.000Z</time>
        <extensions>
          <ns3:TrackPointExtension>
            <ns3:atemp>29.0</ns3:atemp>
            <ns3:hr>165</ns3:hr>
            <ns3:cad>86</ns3:cad>
          </ns3:TrackPointExtension>
        </extensions>
      </trkpt>
      <trkpt lat="30.2079238928854465484619140625" lon="120.260319001972675323486328125">
        <ele>7.400000095367431640625</ele>
        <time>2026-08-31T23:18:51.000Z</time>
        <extensions>
          <ns3:TrackPointExtension>
            <ns3:atemp>30.0</ns3:atemp>
            <ns3:hr>165</ns3:hr>
            <ns3:cad>86</ns3:cad>
          </ns3:TrackPointExtension>
        </extensions>
      </trkpt>
      <trkpt lat="30.207895226776599884033203125" lon="120.2603134699165821075439453125">
        <ele>7.400000095367431640625</ele>
        <time>2026-08-31T23:18:52.000Z</time>
        <extensions>
          <ns3:TrackPointExtension>
            <ns3:atemp>30.0</ns3:atemp>
            <ns3:hr>165</ns3:hr>
            <ns3:cad>86</ns3:cad>
          </ns3:TrackPointExtension>
        </extensions>
      </trkpt>
      <trkpt lat="30.20787452347576618194580078125" lon="120.260309278964996337890625">
        <ele>7.400000095367431640625</ele>
        <time>2026-08-31T23:18:53.000Z</time>
        <extensions>
          <ns3:TrackPointExtension>
            <ns3:atemp>30.0</ns3:atemp>
            <ns3:hr>165</ns3:hr>
            <ns3:cad>86</ns3:cad>
          </ns3:TrackPointExtension>
        </extensions>
      </trkpt>
      <trkpt lat="30.207840912044048309326171875" lon="120.26030533947050571441650390625">
        <ele>7.400000095367431640625</ele>
        <time>2026-08-31T23:18:54.000Z</time>
        <extensions>
          <ns3:TrackPointExtension>
            <ns3:atemp>30.0</ns3:atemp>
            <ns3:hr>166</ns3:hr>
            <ns3:cad>86</ns3:cad>
          </ns3:TrackPointExtension>
        </extensions>
      </trkpt>
      <trkpt lat="30.20781576633453369140625" lon="120.26029829867184162139892578125">
        <ele>7.400000095367431640625</ele>
        <time>2026-08-31T23:18:55.000Z</time>
        <extensions>
          <ns3:TrackPointExtension>
            <ns3:atemp>29.0</ns3:atemp>
            <ns3:hr>165</ns3:hr>
            <ns3:cad>86</ns3:cad>
          </ns3:TrackPointExtension>
        </extensions>
      </trkpt>
      <trkpt lat="30.207803361117839813232421875" lon="120.2602997235953807830810546875">
        <ele>7.19999980926513671875</ele>
        <time>2026-08-31T23:18:56.000Z</time>
        <extensions>
          <ns3:TrackPointExtension>
            <ns3:atemp>29.0</ns3:atemp>
            <ns3:hr>166</ns3:hr>
            <ns3:cad>86</ns3:cad>
          </ns3:TrackPointExtension>
        </extensions>
      </trkpt>
      <trkpt lat="30.20778852514922618865966796875" lon="120.26029813103377819061279296875">
        <ele>7.19999980926513671875</ele>
        <time>2026-08-31T23:18:57.000Z</time>
        <extensions>
          <ns3:TrackPointExtension>
            <ns3:atemp>29.0</ns3:atemp>
            <ns3:hr>166</ns3:hr>
            <ns3:cad>85</ns3:cad>
          </ns3:TrackPointExtension>
        </extensions>
      </trkpt>
      <trkpt lat="30.20777813158929347991943359375" lon="120.26030450128018856048583984375">
        <ele>7.19999980926513671875</ele>
        <time>2026-08-31T23:18:58.000Z</time>
        <extensions>
          <ns3:TrackPointExtension>
            <ns3:atemp>29.0</ns3:atemp>
            <ns3:hr>166</ns3:hr>
            <ns3:cad>85</ns3:cad>
          </ns3:TrackPointExtension>
        </extensions>
      </trkpt>
      <trkpt lat="30.20776287652552127838134765625" lon="120.26030953042209148406982421875">
        <ele>7.19999980926513671875</ele>
        <time>2026-08-31T23:18:59.000Z</time>
        <extensions>
          <ns3:TrackPointExtension>
            <ns3:atemp>29.0</ns3:atemp>
            <ns3:hr>166</ns3:hr>
            <ns3:cad>85</ns3:cad>
          </ns3:TrackPointExtension>
        </extensions>
      </trkpt>
      <trkpt lat="30.20773731172084808349609375" lon="120.26031263172626495361328125">
        <ele>7.19999980926513671875</ele>
        <time>2026-08-31T23:19:00.000Z</time>
        <extensions>
          <ns3:TrackPointExtension>
            <ns3:atemp>29.0</ns3:atemp>
            <ns3:hr>166</ns3:hr>
            <ns3:cad>85</ns3:cad>
          </ns3:TrackPointExtension>
        </extensions>
      </trkpt>
      <trkpt lat="30.20771191455423831939697265625" lon="120.260316990315914154052734375">
        <ele>7.19999980926513671875</ele>
        <time>2026-08-31T23:19:01.000Z</time>
        <extensions>
          <ns3:TrackPointExtension>
            <ns3:atemp>29.0</ns3:atemp>
            <ns3:hr>166</ns3:hr>
            <ns3:cad>80</ns3:cad>
          </ns3:TrackPointExtension>
        </extensions>
      </trkpt>
      <trkpt lat="30.2076875232160091400146484375" lon="120.26032243855297565460205078125">
        <ele>7.19999980926513671875</ele>
        <time>2026-08-31T23:19:02.000Z</time>
        <extensions>
          <ns3:TrackPointExtension>
            <ns3:atemp>29.0</ns3:atemp>
            <ns3:hr>166</ns3:hr>
            <ns3:cad>77</ns3:cad>
          </ns3:TrackPointExtension>
        </extensions>
      </trkpt>
      <trkpt lat="30.20765977911651134490966796875" lon="120.2603228576481342315673828125">
        <ele>7.19999980926513671875</ele>
        <time>2026-08-31T23:19:03.000Z</time>
        <extensions>
          <ns3:TrackPointExtension>
            <ns3:atemp>29.0</ns3:atemp>
            <ns3:hr>165</ns3:hr>
            <ns3:cad>77</ns3:cad>
          </ns3:TrackPointExtension>
        </extensions>
      </trkpt>
      <trkpt lat="30.2076395787298679351806640625" lon="120.2603241987526416778564453125">
        <ele>7.19999980926513671875</ele>
        <time>2026-08-31T23:19:04.000Z</time>
        <extensions>
          <ns3:TrackPointExtension>
            <ns3:atemp>30.0</ns3:atemp>
            <ns3:hr>165</ns3:hr>
            <ns3:cad>81</ns3:cad>
          </ns3:TrackPointExtension>
        </extensions>
      </trkpt>
      <trkpt lat="30.20760999061167240142822265625" lon="120.26032310910522937774658203125">
        <ele>7.19999980926513671875</ele>
        <time>2026-08-31T23:19:05.000Z</time>
        <extensions>
          <ns3:TrackPointExtension>
            <ns3:atemp>30.0</ns3:atemp>
            <ns3:hr>165</ns3:hr>
            <ns3:cad>83</ns3:cad>
          </ns3:TrackPointExtension>
        </extensions>
      </trkpt>
      <trkpt lat="30.2075864374637603759765625" lon="120.26032411493360996246337890625">
        <ele>7.400000095367431640625</ele>
        <time>2026-08-31T23:19:06.000Z</time>
        <extensions>
          <ns3:TrackPointExtension>
            <ns3:atemp>29.0</ns3:atemp>
            <ns3:hr>164</ns3:hr>
            <ns3:cad>84</ns3:cad>
          </ns3:TrackPointExtension>
        </extensions>
      </trkpt>
      <trkpt lat="30.20755953155457973480224609375" lon="120.2603225223720073699951171875">
        <ele>7.400000095367431640625</ele>
        <time>2026-08-31T23:19:07.000Z</time>
        <extensions>
          <ns3:TrackPointExtension>
            <ns3:atemp>30.0</ns3:atemp>
            <ns3:hr>164</ns3:hr>
            <ns3:cad>85</ns3:cad>
          </ns3:TrackPointExtension>
        </extensions>
      </trkpt>
      <trkpt lat="30.20753539167344570159912109375" lon="120.2603164874017238616943359375">
        <ele>7.400000095367431640625</ele>
        <time>2026-08-31T23:19:08.000Z</time>
        <extensions>
          <ns3:TrackPointExtension>
            <ns3:atemp>29.0</ns3:atemp>
            <ns3:hr>163</ns3:hr>
            <ns3:cad>86</ns3:cad>
          </ns3:TrackPointExtension>
        </extensions>
      </trkpt>
      <trkpt lat="30.2075099945068359375" lon="120.2603188343346118927001953125">
        <ele>7.400000095367431640625</ele>
        <time>2026-08-31T23:19:09.000Z</time>
        <extensions>
          <ns3:TrackPointExtension>
            <ns3:atemp>29.0</ns3:atemp>
            <ns3:hr>163</ns3:hr>
            <ns3:cad>86</ns3:cad>
          </ns3:TrackPointExtension>
        </extensions>
      </trkpt>
      <trkpt lat="30.2074826695024967193603515625" lon="120.26031506247818470001220703125">
        <ele>7.400000095367431640625</ele>
        <time>2026-08-31T23:19:10.000Z</time>
        <extensions>
          <ns3:TrackPointExtension>
            <ns3:atemp>29.0</ns3:atemp>
            <ns3:hr>164</ns3:hr>
            <ns3:cad>86</ns3:cad>
          </ns3:TrackPointExtension>
        </extensions>
      </trkpt>
      <trkpt lat="30.20746129564940929412841796875" lon="120.26031640358269214630126953125">
        <ele>7.400000095367431640625</ele>
        <time>2026-08-31T23:19:11.000Z</time>
        <extensions>
          <ns3:TrackPointExtension>
            <ns3:atemp>30.0</ns3:atemp>
            <ns3:hr>164</ns3:hr>
            <ns3:cad>86</ns3:cad>
          </ns3:TrackPointExtension>
        </extensions>
      </trkpt>
      <trkpt lat="30.2074308693408966064453125" lon="120.26031254790723323822021484375">
        <ele>7.400000095367431640625</ele>
        <time>2026-08-31T23:19:12.000Z</time>
        <extensions>
          <ns3:TrackPointExtension>
            <ns3:atemp>29.0</ns3:atemp>
            <ns3:hr>164</ns3:hr>
            <ns3:cad>86</ns3:cad>
          </ns3:TrackPointExtension>
        </extensions>
      </trkpt>
      <trkpt lat="30.20740815438330173492431640625" lon="120.260310955345630645751953125">
        <ele>7.400000095367431640625</ele>
        <time>2026-08-31T23:19:13.000Z</time>
        <extensions>
          <ns3:TrackPointExtension>
            <ns3:atemp>30.0</ns3:atemp>
            <ns3:hr>163</ns3:hr>
            <ns3:cad>87</ns3:cad>
          </ns3:TrackPointExtension>
        </extensions>
      </trkpt>
      <trkpt lat="30.20737865008413791656494140625" lon="120.2603064291179180145263671875">
        <ele>7.400000095367431640625</ele>
        <time>2026-08-31T23:19:14.000Z</time>
        <extensions>
          <ns3:TrackPointExtension>
            <ns3:atemp>29.0</ns3:atemp>
            <ns3:hr>163</ns3:hr>
            <ns3:cad>87</ns3:cad>
          </ns3:TrackPointExtension>
        </extensions>
      </trkpt>
      <trkpt lat="30.20735668949782848358154296875" lon="120.26030651293694972991943359375">
        <ele>7.400000095367431640625</ele>
        <time>2026-08-31T23:19:15.000Z</time>
        <extensions>
          <ns3:TrackPointExtension>
            <ns3:atemp>29.0</ns3:atemp>
            <ns3:hr>163</ns3:hr>
            <ns3:cad>87</ns3:cad>
          </ns3:TrackPointExtension>
        </extensions>
      </trkpt>
      <trkpt lat="30.20733037032186985015869140625" lon="120.2603027410805225372314453125">
        <ele>7.400000095367431640625</ele>
        <time>2026-08-31T23:19:16.000Z</time>
        <extensions>
          <ns3:TrackPointExtension>
            <ns3:atemp>30.0</ns3:atemp>
            <ns3:hr>163</ns3:hr>
            <ns3:cad>87</ns3:cad>
          </ns3:TrackPointExtension>
        </extensions>
      </trkpt>
      <trkpt lat="30.2073019556701183319091796875" lon="120.26029896922409534454345703125">
        <ele>7.400000095367431640625</ele>
        <time>2026-08-31T23:19:17.000Z</time>
        <extensions>
          <ns3:TrackPointExtension>
            <ns3:atemp>30.0</ns3:atemp>
            <ns3:hr>163</ns3:hr>
            <ns3:cad>87</ns3:cad>
          </ns3:TrackPointExtension>
        </extensions>
      </trkpt>
      <trkpt lat="30.20727437920868396759033203125" lon="120.2602973766624927520751953125">
        <ele>7.400000095367431640625</ele>
        <time>2026-08-31T23:19:18.000Z</time>
        <extensions>
          <ns3:TrackPointExtension>
            <ns3:atemp>29.0</ns3:atemp>
            <ns3:hr>162</ns3:hr>
            <ns3:cad>87</ns3:cad>
          </ns3:TrackPointExtension>
        </extensions>
      </trkpt>
      <trkpt lat="30.207248814404010772705078125" lon="120.26029494591057300567626953125">
        <ele>7.400000095367431640625</ele>
        <time>2026-08-31T23:19:19.000Z</time>
        <extensions>
          <ns3:TrackPointExtension>
            <ns3:atemp>29.0</ns3:atemp>
            <ns3:hr>162</ns3:hr>
            <ns3:cad>87</ns3:cad>
          </ns3:TrackPointExtension>
        </extensions>
      </trkpt>
      <trkpt lat="30.207224674522876739501953125" lon="120.26030114851891994476318359375">
        <ele>7.400000095367431640625</ele>
        <time>2026-08-31T23:19:20.000Z</time>
        <extensions>
          <ns3:TrackPointExtension>
            <ns3:atemp>29.0</ns3:atemp>
            <ns3:hr>162</ns3:hr>
            <ns3:cad>87</ns3:cad>
          </ns3:TrackPointExtension>
        </extensions>
      </trkpt>
      <trkpt lat="30.20719810388982295989990234375" lon="120.2603074349462985992431640625">
        <ele>7.400000095367431640625</ele>
        <time>2026-08-31T23:19:21.000Z</time>
        <extensions>
          <ns3:TrackPointExtension>
            <ns3:atemp>29.0</ns3:atemp>
            <ns3:hr>163</ns3:hr>
            <ns3:cad>87</ns3:cad>
          </ns3:TrackPointExtension>
        </extensions>
      </trkpt>
      <trkpt lat="30.2071799151599407196044921875" lon="120.26032227091491222381591796875">
        <ele>7.400000095367431640625</ele>
        <time>2026-08-31T23:19:22.000Z</time>
        <extensions>
          <ns3:TrackPointExtension>
            <ns3:atemp>29.0</ns3:atemp>
            <ns3:hr>163</ns3:hr>
            <ns3:cad>87</ns3:cad>
          </ns3:TrackPointExtension>
        </extensions>
      </trkpt>
      <trkpt lat="30.20715518854558467864990234375" lon="120.2603428065776824951171875">
        <ele>7.19999980926513671875</ele>
        <time>2026-08-31T23:19:23.000Z</time>
        <extensions>
          <ns3:TrackPointExtension>
            <ns3:atemp>29.0</ns3:atemp>
            <ns3:hr>163</ns3:hr>
            <ns3:cad>87</ns3:cad>
          </ns3:TrackPointExtension>
        </extensions>
      </trkpt>
      <trkpt lat="30.20713876001536846160888671875" lon="120.260357894003391265869140625">
        <ele>7.400000095367431640625</ele>
        <time>2026-08-31T23:19:24.000Z</time>
        <extensions>
          <ns3:TrackPointExtension>
            <ns3:atemp>29.0</ns3:atemp>
            <ns3:hr>163</ns3:hr>
            <ns3:cad>86</ns3:cad>
          </ns3:TrackPointExtension>
        </extensions>
      </trkpt>
      <trkpt lat="30.2071188949048519134521484375" lon="120.260380692780017852783203125">
        <ele>7.599999904632568359375</ele>
        <time>2026-08-31T23:19:25.000Z</time>
        <extensions>
          <ns3:TrackPointExtension>
            <ns3:atemp>29.0</ns3:atemp>
            <ns3:hr>163</ns3:hr>
            <ns3:cad>86</ns3:cad>
          </ns3:TrackPointExtension>
        </extensions>
      </trkpt>
      <trkpt lat="30.20710204727947711944580078125" lon="120.260402821004390716552734375">
        <ele>7.599999904632568359375</ele>
        <time>2026-08-31T23:19:26.000Z</time>
        <extensions>
          <ns3:TrackPointExtension>
            <ns3:atemp>30.0</ns3:atemp>
            <ns3:hr>164</ns3:hr>
            <ns3:cad>87</ns3:cad>
          </ns3:TrackPointExtension>
        </extensions>
      </trkpt>
      <trkpt lat="30.20709383301436901092529296875" lon="120.26042997837066650390625">
        <ele>7.80000019073486328125</ele>
        <time>2026-08-31T23:19:27.000Z</time>
        <extensions>
          <ns3:TrackPointExtension>
            <ns3:atemp>29.0</ns3:atemp>
            <ns3:hr>164</ns3:hr>
            <ns3:cad>87</ns3:cad>
          </ns3:TrackPointExtension>
        </extensions>
      </trkpt>
      <trkpt lat="30.20708796568214893341064453125" lon="120.260462500154972076416015625">
        <ele>7.80000019073486328125</ele>
        <time>2026-08-31T23:19:28.000Z</time>
        <extensions>
          <ns3:TrackPointExtension>
            <ns3:atemp>30.0</ns3:atemp>
            <ns3:hr>164</ns3:hr>
            <ns3:cad>87</ns3:cad>
          </ns3:TrackPointExtension>
        </extensions>
      </trkpt>
      <trkpt lat="30.20708947442471981048583984375" lon="120.2604904957115650177001953125">
        <ele>7.599999904632568359375</ele>
        <time>2026-08-31T23:19:29.000Z</time>
        <extensions>
          <ns3:TrackPointExtension>
            <ns3:atemp>30.0</ns3:atemp>
            <ns3:hr>164</ns3:hr>
            <ns3:cad>86</ns3:cad>
          </ns3:TrackPointExtension>
        </extensions>
      </trkpt>
      <trkpt lat="30.20709031261503696441650390625" lon="120.26052318513393402099609375">
        <ele>7.400000095367431640625</ele>
        <time>2026-08-31T23:19:30.000Z</time>
        <extensions>
          <ns3:TrackPointExtension>
            <ns3:atemp>29.0</ns3:atemp>
            <ns3:hr>164</ns3:hr>
            <ns3:cad>86</ns3:cad>
          </ns3:TrackPointExtension>
        </extensions>
      </trkpt>
      <trkpt lat="30.20709182135760784149169921875" lon="120.26055294089019298553466796875">
        <ele>7.400000095367431640625</ele>
        <time>2026-08-31T23:19:31.000Z</time>
        <extensions>
          <ns3:TrackPointExtension>
            <ns3:atemp>29.0</ns3:atemp>
            <ns3:hr>164</ns3:hr>
            <ns3:cad>86</ns3:cad>
          </ns3:TrackPointExtension>
        </extensions>
      </trkpt>
      <trkpt lat="30.20709089934825897216796875" lon="120.26058697141706943511962890625">
        <ele>7.19999980926513671875</ele>
        <time>2026-08-31T23:19:32.000Z</time>
        <extensions>
          <ns3:TrackPointExtension>
            <ns3:atemp>29.0</ns3:atemp>
            <ns3:hr>165</ns3:hr>
            <ns3:cad>86</ns3:cad>
          </ns3:TrackPointExtension>
        </extensions>
      </trkpt>
      <trkpt lat="30.207091905176639556884765625" lon="120.26061882264912128448486328125">
        <ele>7.19999980926513671875</ele>
        <time>2026-08-31T23:19:33.000Z</time>
        <extensions>
          <ns3:TrackPointExtension>
            <ns3:atemp>29.0</ns3:atemp>
            <ns3:hr>165</ns3:hr>
            <ns3:cad>86</ns3:cad>
          </ns3:TrackPointExtension>
        </extensions>
      </trkpt>
      <trkpt lat="30.207092575728893280029296875" lon="120.2606527693569660186767578125">
        <ele>7.400000095367431640625</ele>
        <time>2026-08-31T23:19:34.000Z</time>
        <extensions>
          <ns3:TrackPointExtension>
            <ns3:atemp>29.0</ns3:atemp>
            <ns3:hr>166</ns3:hr>
            <ns3:cad>87</ns3:cad>
          </ns3:TrackPointExtension>
        </extensions>
      </trkpt>
      <trkpt lat="30.20709299482405185699462890625" lon="120.26068353094160556793212890625">
        <ele>7.400000095367431640625</ele>
        <time>2026-08-31T23:19:35.000Z</time>
        <extensions>
          <ns3:TrackPointExtension>
            <ns3:atemp>29.0</ns3:atemp>
            <ns3:hr>166</ns3:hr>
            <ns3:cad>86</ns3:cad>
          </ns3:TrackPointExtension>
        </extensions>
      </trkpt>
      <trkpt lat="30.20709383301436901092529296875" lon="120.26071471162140369415283203125">
        <ele>7.400000095367431640625</ele>
        <time>2026-08-31T23:19:36.000Z</time>
        <extensions>
          <ns3:TrackPointExtension>
            <ns3:atemp>29.0</ns3:atemp>
            <ns3:hr>166</ns3:hr>
            <ns3:cad>87</ns3:cad>
          </ns3:TrackPointExtension>
        </extensions>
      </trkpt>
      <trkpt lat="30.20709450356662273406982421875" lon="120.26074488647282123565673828125">
        <ele>7.400000095367431640625</ele>
        <time>2026-08-31T23:19:37.000Z</time>
        <extensions>
          <ns3:TrackPointExtension>
            <ns3:atemp>29.0</ns3:atemp>
            <ns3:hr>167</ns3:hr>
            <ns3:cad>87</ns3:cad>
          </ns3:TrackPointExtension>
        </extensions>
      </trkpt>
      <trkpt lat="30.20709433592855930328369140625" lon="120.2607746422290802001953125">
        <ele>7.19999980926513671875</ele>
        <time>2026-08-31T23:19:38.000Z</time>
        <extensions>
          <ns3:TrackPointExtension>
            <ns3:atemp>29.0</ns3:atemp>
            <ns3:hr>168</ns3:hr>
            <ns3:cad>86</ns3:cad>
          </ns3:TrackPointExtension>
        </extensions>
      </trkpt>
      <trkpt lat="30.20709400065243244171142578125" lon="120.26081043295562267303466796875">
        <ele>7.19999980926513671875</ele>
        <time>2026-08-31T23:19:39.000Z</time>
        <extensions>
          <ns3:TrackPointExtension>
            <ns3:atemp>29.0</ns3:atemp>
            <ns3:hr>168</ns3:hr>
            <ns3:cad>86</ns3:cad>
          </ns3:TrackPointExtension>
        </extensions>
      </trkpt>
      <trkpt lat="30.207097940146923065185546875" lon="120.26083876378834247589111328125">
        <ele>7.19999980926513671875</ele>
        <time>2026-08-31T23:19:40.000Z</time>
        <extensions>
          <ns3:TrackPointExtension>
            <ns3:atemp>29.0</ns3:atemp>
            <ns3:hr>168</ns3:hr>
            <ns3:cad>86</ns3:cad>
          </ns3:TrackPointExtension>
        </extensions>
      </trkpt>
      <trkpt lat="30.20709735341370105743408203125" lon="120.260873548686504364013671875">
        <ele>7.400000095367431640625</ele>
        <time>2026-08-31T23:19:41.000Z</time>
        <extensions>
          <ns3:TrackPointExtension>
            <ns3:atemp>29.0</ns3:atemp>
            <ns3:hr>168</ns3:hr>
            <ns3:cad>87</ns3:cad>
          </ns3:TrackPointExtension>
        </extensions>
      </trkpt>
      <trkpt lat="30.207099616527557373046875" lon="120.26090246625244617462158203125">
        <ele>7.400000095367431640625</ele>
        <time>2026-08-31T23:19:42.000Z</time>
        <extensions>
          <ns3:TrackPointExtension>
            <ns3:atemp>29.0</ns3:atemp>
            <ns3:hr>167</ns3:hr>
            <ns3:cad>87</ns3:cad>
          </ns3:TrackPointExtension>
        </extensions>
      </trkpt>
      <trkpt lat="30.20709852688014507293701171875" lon="120.2609360776841640472412109375">
        <ele>7.400000095367431640625</ele>
        <time>2026-08-31T23:19:43.000Z</time>
        <extensions>
          <ns3:TrackPointExtension>
            <ns3:atemp>29.0</ns3:atemp>
            <ns3:hr>167</ns3:hr>
            <ns3:cad>87</ns3:cad>
          </ns3:TrackPointExtension>
        </extensions>
      </trkpt>
      <trkpt lat="30.2070994488894939422607421875" lon="120.2609675936400890350341796875">
        <ele>7.400000095367431640625</ele>
        <time>2026-08-31T23:19:44.000Z</time>
        <extensions>
          <ns3:TrackPointExtension>
            <ns3:atemp>29.0</ns3:atemp>
            <ns3:hr>166</ns3:hr>
            <ns3:cad>87</ns3:cad>
          </ns3:TrackPointExtension>
        </extensions>
      </trkpt>
      <trkpt lat="30.2070954255759716033935546875" lon="120.26100061833858489990234375">
        <ele>7.400000095367431640625</ele>
        <time>2026-08-31T23:19:45.000Z</time>
        <extensions>
          <ns3:TrackPointExtension>
            <ns3:atemp>29.0</ns3:atemp>
            <ns3:hr>166</ns3:hr>
            <ns3:cad>87</ns3:cad>
          </ns3:TrackPointExtension>
        </extensions>
      </trkpt>
      <trkpt lat="30.207089222967624664306640625" lon="120.26103003881871700286865234375">
        <ele>7.19999980926513671875</ele>
        <time>2026-08-31T23:19:46.000Z</time>
        <extensions>
          <ns3:TrackPointExtension>
            <ns3:atemp>29.0</ns3:atemp>
            <ns3:hr>166</ns3:hr>
            <ns3:cad>87</ns3:cad>
          </ns3:TrackPointExtension>
        </extensions>
      </trkpt>
      <trkpt lat="30.207085199654102325439453125" lon="120.2610628120601177215576171875">
        <ele>7.19999980926513671875</ele>
        <time>2026-08-31T23:19:47.000Z</time>
        <extensions>
          <ns3:TrackPointExtension>
            <ns3:atemp>29.0</ns3:atemp>
            <ns3:hr>166</ns3:hr>
            <ns3:cad>87</ns3:cad>
          </ns3:TrackPointExtension>
        </extensions>
      </trkpt>
      <trkpt lat="30.20708578638732433319091796875" lon="120.26109323836863040924072265625">
        <ele>7.19999980926513671875</ele>
        <time>2026-08-31T23:19:48.000Z</time>
        <extensions>
          <ns3:TrackPointExtension>
            <ns3:atemp>29.0</ns3:atemp>
            <ns3:hr>166</ns3:hr>
            <ns3:cad>87</ns3:cad>
          </ns3:TrackPointExtension>
        </extensions>
      </trkpt>
      <trkpt lat="30.20708846859633922576904296875" lon="120.26112492196261882781982421875">
        <ele>7.400000095367431640625</ele>
        <time>2026-08-31T23:19:49.000Z</time>
        <extensions>
          <ns3:TrackPointExtension>
            <ns3:atemp>29.0</ns3:atemp>
            <ns3:hr>165</ns3:hr>
            <ns3:cad>87</ns3:cad>
          </ns3:TrackPointExtension>
        </extensions>
      </trkpt>
      <trkpt lat="30.207088887691497802734375" lon="120.2611573599278926849365234375">
        <ele>7.400000095367431640625</ele>
        <time>2026-08-31T23:19:50.000Z</time>
        <extensions>
          <ns3:TrackPointExtension>
            <ns3:atemp>29.0</ns3:atemp>
            <ns3:hr>166</ns3:hr>
            <ns3:cad>87</ns3:cad>
          </ns3:TrackPointExtension>
        </extensions>
      </trkpt>
      <trkpt lat="30.2070900611579418182373046875" lon="120.2611888758838176727294921875">
        <ele>7.400000095367431640625</ele>
        <time>2026-08-31T23:19:51.000Z</time>
        <extensions>
          <ns3:TrackPointExtension>
            <ns3:atemp>29.0</ns3:atemp>
            <ns3:hr>165</ns3:hr>
            <ns3:cad>87</ns3:cad>
          </ns3:TrackPointExtension>
        </extensions>
      </trkpt>
      <trkpt lat="30.20709148608148097991943359375" lon="120.26122047565877437591552734375">
        <ele>7.400000095367431640625</ele>
        <time>2026-08-31T23:19:52.000Z</time>
        <extensions>
          <ns3:TrackPointExtension>
            <ns3:atemp>29.0</ns3:atemp>
            <ns3:hr>165</ns3:hr>
            <ns3:cad>87</ns3:cad>
          </ns3:TrackPointExtension>
        </extensions>
      </trkpt>
      <trkpt lat="30.2070903964340686798095703125" lon="120.26124469935894012451171875">
        <ele>7.400000095367431640625</ele>
        <time>2026-08-31T23:19:53.000Z</time>
        <extensions>
          <ns3:TrackPointExtension>
            <ns3:atemp>29.0</ns3:atemp>
            <ns3:hr>165</ns3:hr>
            <ns3:cad>87</ns3:cad>
          </ns3:TrackPointExtension>
        </extensions>
      </trkpt>
      <trkpt lat="30.20708628930151462554931640625" lon="120.261278562247753143310546875">
        <ele>7.400000095367431640625</ele>
        <time>2026-08-31T23:19:54.000Z</time>
        <extensions>
          <ns3:TrackPointExtension>
            <ns3:atemp>29.0</ns3:atemp>
            <ns3:hr>165</ns3:hr>
            <ns3:cad>88</ns3:cad>
          </ns3:TrackPointExtension>
        </extensions>
      </trkpt>
      <trkpt lat="30.20707338117063045501708984375" lon="120.26130848564207553863525390625">
        <ele>7.400000095367431640625</ele>
        <time>2026-08-31T23:19:55.000Z</time>
        <extensions>
          <ns3:TrackPointExtension>
            <ns3:atemp>29.0</ns3:atemp>
            <ns3:hr>165</ns3:hr>
            <ns3:cad>88</ns3:cad>
          </ns3:TrackPointExtension>
        </extensions>
      </trkpt>
      <trkpt lat="30.2070665918290615081787109375" lon="120.26134436018764972686767578125">
        <ele>7.400000095367431640625</ele>
        <time>2026-08-31T23:19:56.000Z</time>
        <extensions>
          <ns3:TrackPointExtension>
            <ns3:atemp>29.0</ns3:atemp>
            <ns3:hr>165</ns3:hr>
            <ns3:cad>88</ns3:cad>
          </ns3:TrackPointExtension>
        </extensions>
      </trkpt>
      <trkpt lat="30.20706533454358577728271484375" lon="120.26137939654290676116943359375">
        <ele>7.400000095367431640625</ele>
        <time>2026-08-31T23:19:57.000Z</time>
        <extensions>
          <ns3:TrackPointExtension>
            <ns3:atemp>29.0</ns3:atemp>
            <ns3:hr>165</ns3:hr>
            <ns3:cad>88</ns3:cad>
          </ns3:TrackPointExtension>
        </extensions>
      </trkpt>
      <trkpt lat="30.2070696093142032623291015625" lon="120.2614076435565948486328125">
        <ele>7.400000095367431640625</ele>
        <time>2026-08-31T23:19:58.000Z</time>
        <extensions>
          <ns3:TrackPointExtension>
            <ns3:atemp>29.0</ns3:atemp>
            <ns3:hr>165</ns3:hr>
            <ns3:cad>88</ns3:cad>
          </ns3:TrackPointExtension>
        </extensions>
      </trkpt>
      <trkpt lat="30.2070669271051883697509765625" lon="120.26144309900701045989990234375">
        <ele>7.400000095367431640625</ele>
        <time>2026-08-31T23:19:59.000Z</time>
        <extensions>
          <ns3:TrackPointExtension>
            <ns3:atemp>29.0</ns3:atemp>
            <ns3:hr>165</ns3:hr>
            <ns3:cad>87</ns3:cad>
          </ns3:TrackPointExtension>
        </extensions>
      </trkpt>
      <trkpt lat="30.2070682682096958160400390625" lon="120.261473022401332855224609375">
        <ele>7.400000095367431640625</ele>
        <time>2026-08-31T23:20:00.000Z</time>
        <extensions>
          <ns3:TrackPointExtension>
            <ns3:atemp>29.0</ns3:atemp>
            <ns3:hr>165</ns3:hr>
            <ns3:cad>87</ns3:cad>
          </ns3:TrackPointExtension>
        </extensions>
      </trkpt>
      <trkpt lat="30.2070689387619495391845703125" lon="120.26151426136493682861328125">
        <ele>7.400000095367431640625</ele>
        <time>2026-08-31T23:20:01.000Z</time>
        <extensions>
          <ns3:TrackPointExtension>
            <ns3:atemp>29.0</ns3:atemp>
            <ns3:hr>166</ns3:hr>
            <ns3:cad>87</ns3:cad>
          </ns3:TrackPointExtension>
        </extensions>
      </trkpt>
      <trkpt lat="30.20706810057163238525390625" lon="120.2615399099886417388916015625">
        <ele>7.400000095367431640625</ele>
        <time>2026-08-31T23:20:02.000Z</time>
        <extensions>
          <ns3:TrackPointExtension>
            <ns3:atemp>29.0</ns3:atemp>
            <ns3:hr>166</ns3:hr>
            <ns3:cad>87</ns3:cad>
          </ns3:TrackPointExtension>
        </extensions>
      </trkpt>
      <trkpt lat="30.207064412534236907958984375" lon="120.2615731023252010345458984375">
        <ele>7.599999904632568359375</ele>
        <time>2026-08-31T23:20:03.000Z</time>
        <extensions>
          <ns3:TrackPointExtension>
            <ns3:atemp>29.0</ns3:atemp>
            <ns3:hr>167</ns3:hr>
            <ns3:cad>87</ns3:cad>
          </ns3:TrackPointExtension>
        </extensions>
      </trkpt>
      <trkpt lat="30.20706281997263431549072265625" lon="120.26160302571952342987060546875">
        <ele>7.400000095367431640625</ele>
        <time>2026-08-31T23:20:04.000Z</time>
        <extensions>
          <ns3:TrackPointExtension>
            <ns3:atemp>29.0</ns3:atemp>
            <ns3:hr>168</ns3:hr>
            <ns3:cad>87</ns3:cad>
          </ns3:TrackPointExtension>
        </extensions>
      </trkpt>
      <trkpt lat="30.2070625685155391693115234375" lon="120.26163923554122447967529296875">
        <ele>7.400000095367431640625</ele>
        <time>2026-08-31T23:20:05.000Z</time>
        <extensions>
          <ns3:TrackPointExtension>
            <ns3:atemp>29.0</ns3:atemp>
            <ns3:hr>168</ns3:hr>
            <ns3:cad>87</ns3:cad>
          </ns3:TrackPointExtension>
        </extensions>
      </trkpt>
      <trkpt lat="30.2070645801723003387451171875" lon="120.26166991330683231353759765625">
        <ele>7.599999904632568359375</ele>
        <time>2026-08-31T23:20:06.000Z</time>
        <extensions>
          <ns3:TrackPointExtension>
            <ns3:atemp>29.0</ns3:atemp>
            <ns3:hr>168</ns3:hr>
            <ns3:cad>86</ns3:cad>
          </ns3:TrackPointExtension>
        </extensions>
      </trkpt>
      <trkpt lat="30.20706734620034694671630859375" lon="120.261699669063091278076171875">
        <ele>7.599999904632568359375</ele>
        <time>2026-08-31T23:20:07.000Z</time>
        <extensions>
          <ns3:TrackPointExtension>
            <ns3:atemp>29.0</ns3:atemp>
            <ns3:hr>168</ns3:hr>
            <ns3:cad>86</ns3:cad>
          </ns3:TrackPointExtension>
        </extensions>
      </trkpt>
      <trkpt lat="30.20706399343907833099365234375" lon="120.26172724552452564239501953125">
        <ele>7.599999904632568359375</ele>
        <time>2026-08-31T23:20:08.000Z</time>
        <extensions>
          <ns3:TrackPointExtension>
            <ns3:atemp>29.0</ns3:atemp>
            <ns3:hr>168</ns3:hr>
            <ns3:cad>86</ns3:cad>
          </ns3:TrackPointExtension>
        </extensions>
      </trkpt>
      <trkpt lat="30.207063071429729461669921875" lon="120.2617531456053256988525390625">
        <ele>7.599999904632568359375</ele>
        <time>2026-08-31T23:20:09.000Z</time>
        <extensions>
          <ns3:TrackPointExtension>
            <ns3:atemp>29.0</ns3:atemp>
            <ns3:hr>168</ns3:hr>
            <ns3:cad>86</ns3:cad>
          </ns3:TrackPointExtension>
        </extensions>
      </trkpt>
      <trkpt lat="30.20706281997263431549072265625" lon="120.261784829199314117431640625">
        <ele>7.599999904632568359375</ele>
        <time>2026-08-31T23:20:10.000Z</time>
        <extensions>
          <ns3:TrackPointExtension>
            <ns3:atemp>30.0</ns3:atemp>
            <ns3:hr>168</ns3:hr>
            <ns3:cad>88</ns3:cad>
          </ns3:TrackPointExtension>
        </extensions>
      </trkpt>
      <trkpt lat="30.2070605568587779998779296875" lon="120.2618108130991458892822265625">
        <ele>7.599999904632568359375</ele>
        <time>2026-08-31T23:20:11.000Z</time>
        <extensions>
          <ns3:TrackPointExtension>
            <ns3:atemp>29.0</ns3:atemp>
            <ns3:hr>168</ns3:hr>
            <ns3:cad>88</ns3:cad>
          </ns3:TrackPointExtension>
        </extensions>
      </trkpt>
      <trkpt lat="30.20705980248749256134033203125" lon="120.26184358634054660797119140625">
        <ele>7.599999904632568359375</ele>
        <time>2026-08-31T23:20:12.000Z</time>
        <extensions>
          <ns3:TrackPointExtension>
            <ns3:atemp>29.0</ns3:atemp>
            <ns3:hr>168</ns3:hr>
            <ns3:cad>87</ns3:cad>
          </ns3:TrackPointExtension>
        </extensions>
      </trkpt>
      <trkpt lat="30.20705913193523883819580078125" lon="120.2618730068206787109375">
        <ele>7.599999904632568359375</ele>
        <time>2026-08-31T23:20:13.000Z</time>
        <extensions>
          <ns3:TrackPointExtension>
            <ns3:atemp>29.0</ns3:atemp>
            <ns3:hr>168</ns3:hr>
            <ns3:cad>87</ns3:cad>
          </ns3:TrackPointExtension>
        </extensions>
      </trkpt>
      <trkpt lat="30.2070578746497631072998046875" lon="120.26191013865172863006591796875">
        <ele>7.599999904632568359375</ele>
        <time>2026-08-31T23:20:14.000Z</time>
        <extensions>
          <ns3:TrackPointExtension>
            <ns3:atemp>29.0</ns3:atemp>
            <ns3:hr>168</ns3:hr>
            <ns3:cad>87</ns3:cad>
          </ns3:TrackPointExtension>
        </extensions>
      </trkpt>
      <trkpt lat="30.20705292932689189910888671875" lon="120.26194433681666851043701171875">
        <ele>7.80000019073486328125</ele>
        <time>2026-08-31T23:20:15.000Z</time>
        <extensions>
          <ns3:TrackPointExtension>
            <ns3:atemp>29.0</ns3:atemp>
            <ns3:hr>169</ns3:hr>
            <ns3:cad>87</ns3:cad>
          </ns3:TrackPointExtension>
        </extensions>
      </trkpt>
      <trkpt lat="30.2070511691272258758544921875" lon="120.2619744278490543365478515625">
        <ele>7.80000019073486328125</ele>
        <time>2026-08-31T23:20:16.000Z</time>
        <extensions>
          <ns3:TrackPointExtension>
            <ns3:atemp>29.0</ns3:atemp>
            <ns3:hr>169</ns3:hr>
            <ns3:cad>87</ns3:cad>
          </ns3:TrackPointExtension>
        </extensions>
      </trkpt>
      <trkpt lat="30.20705326460301876068115234375" lon="120.26200711727142333984375">
        <ele>7.80000019073486328125</ele>
        <time>2026-08-31T23:20:17.000Z</time>
        <extensions>
          <ns3:TrackPointExtension>
            <ns3:atemp>29.0</ns3:atemp>
            <ns3:hr>170</ns3:hr>
            <ns3:cad>87</ns3:cad>
          </ns3:TrackPointExtension>
        </extensions>
      </trkpt>
      <trkpt lat="30.20705544389784336090087890625" lon="120.26202916167676448822021484375">
        <ele>7.80000019073486328125</ele>
        <time>2026-08-31T23:20:18.000Z</time>
        <extensions>
          <ns3:TrackPointExtension>
            <ns3:atemp>29.0</ns3:atemp>
            <ns3:hr>170</ns3:hr>
            <ns3:cad>88</ns3:cad>
          </ns3:TrackPointExtension>
        </extensions>
      </trkpt>
      <trkpt lat="30.20705795846879482269287109375" lon="120.26205397211015224456787109375">
        <ele>7.599999904632568359375</ele>
        <time>2026-08-31T23:20:19.000Z</time>
        <extensions>
          <ns3:TrackPointExtension>
            <ns3:atemp>29.0</ns3:atemp>
            <ns3:hr>171</ns3:hr>
            <ns3:cad>87</ns3:cad>
          </ns3:TrackPointExtension>
        </extensions>
      </trkpt>
      <trkpt lat="30.2070592157542705535888671875" lon="120.2620773576200008392333984375">
        <ele>7.599999904632568359375</ele>
        <time>2026-08-31T23:20:20.000Z</time>
        <extensions>
          <ns3:TrackPointExtension>
            <ns3:atemp>29.0</ns3:atemp>
            <ns3:hr>171</ns3:hr>
            <ns3:cad>86</ns3:cad>
          </ns3:TrackPointExtension>
        </extensions>
      </trkpt>
      <trkpt lat="30.20706265233457088470458984375" lon="120.26210040785372257232666015625">
        <ele>7.400000095367431640625</ele>
        <time>2026-08-31T23:20:21.000Z</time>
        <extensions>
          <ns3:TrackPointExtension>
            <ns3:atemp>29.0</ns3:atemp>
            <ns3:hr>171</ns3:hr>
            <ns3:cad>86</ns3:cad>
          </ns3:TrackPointExtension>
        </extensions>
      </trkpt>
      <trkpt lat="30.207057707011699676513671875" lon="120.2621333487331867218017578125">
        <ele>7.400000095367431640625</ele>
        <time>2026-08-31T23:20:22.000Z</time>
        <extensions>
          <ns3:TrackPointExtension>
            <ns3:atemp>30.0</ns3:atemp>
            <ns3:hr>171</ns3:hr>
            <ns3:cad>83</ns3:cad>
          </ns3:TrackPointExtension>
        </extensions>
      </trkpt>
      <trkpt lat="30.20705737173557281494140625" lon="120.2621641941368579864501953125">
        <ele>7.400000095367431640625</ele>
        <time>2026-08-31T23:20:23.000Z</time>
        <extensions>
          <ns3:TrackPointExtension>
            <ns3:atemp>29.0</ns3:atemp>
            <ns3:hr>171</ns3:hr>
            <ns3:cad>82</ns3:cad>
          </ns3:TrackPointExtension>
        </extensions>
      </trkpt>
      <trkpt lat="30.2070592157542705535888671875" lon="120.2622017450630664825439453125">
        <ele>7.400000095367431640625</ele>
        <time>2026-08-31T23:20:24.000Z</time>
        <extensions>
          <ns3:TrackPointExtension>
            <ns3:atemp>29.0</ns3:atemp>
            <ns3:hr>171</ns3:hr>
            <ns3:cad>82</ns3:cad>
          </ns3:TrackPointExtension>
        </extensions>
      </trkpt>
      <trkpt lat="30.20706131123006343841552734375" lon="120.26222504675388336181640625">
        <ele>7.400000095367431640625</ele>
        <time>2026-08-31T23:20:25.000Z</time>
        <extensions>
          <ns3:TrackPointExtension>
            <ns3:atemp>29.0</ns3:atemp>
            <ns3:hr>171</ns3:hr>
            <ns3:cad>81</ns3:cad>
          </ns3:TrackPointExtension>
        </extensions>
      </trkpt>
      <trkpt lat="30.2070526778697967529296875" lon="120.26225723326206207275390625">
        <ele>7.400000095367431640625</ele>
        <time>2026-08-31T23:20:26.000Z</time>
        <extensions>
          <ns3:TrackPointExtension>
            <ns3:atemp>30.0</ns3:atemp>
            <ns3:hr>170</ns3:hr>
            <ns3:cad>81</ns3:cad>
          </ns3:TrackPointExtension>
        </extensions>
      </trkpt>
      <trkpt lat="30.2070553600788116455078125" lon="120.262281708419322967529296875">
        <ele>7.400000095367431640625</ele>
        <time>2026-08-31T23:20:27.000Z</time>
        <extensions>
          <ns3:TrackPointExtension>
            <ns3:atemp>30.0</ns3:atemp>
            <ns3:hr>169</ns3:hr>
            <ns3:cad>86</ns3:cad>
          </ns3:TrackPointExtension>
        </extensions>
      </trkpt>
      <trkpt lat="30.20705041475594043731689453125" lon="120.26231364347040653228759765625">
        <ele>7.400000095367431640625</ele>
        <time>2026-08-31T23:20:28.000Z</time>
        <extensions>
          <ns3:TrackPointExtension>
            <ns3:atemp>30.0</ns3:atemp>
            <ns3:hr>169</ns3:hr>
            <ns3:cad>87</ns3:cad>
          </ns3:TrackPointExtension>
        </extensions>
      </trkpt>
      <trkpt lat="30.20705561153590679168701171875" lon="120.2623445726931095123291015625">
        <ele>7.400000095367431640625</ele>
        <time>2026-08-31T23:20:29.000Z</time>
        <extensions>
          <ns3:TrackPointExtension>
            <ns3:atemp>30.0</ns3:atemp>
            <ns3:hr>167</ns3:hr>
            <ns3:cad>87</ns3:cad>
          </ns3:TrackPointExtension>
        </extensions>
      </trkpt>
      <trkpt lat="30.2070535160601139068603515625" lon="120.2623794414103031158447265625">
        <ele>7.400000095367431640625</ele>
        <time>2026-08-31T23:20:30.000Z</time>
        <extensions>
          <ns3:TrackPointExtension>
            <ns3:atemp>30.0</ns3:atemp>
            <ns3:hr>167</ns3:hr>
            <ns3:cad>87</ns3:cad>
          </ns3:TrackPointExtension>
        </extensions>
      </trkpt>
      <trkpt lat="30.20704991184175014495849609375" lon="120.26240802370011806488037109375">
        <ele>7.400000095367431640625</ele>
        <time>2026-08-31T23:20:31.000Z</time>
        <extensions>
          <ns3:TrackPointExtension>
            <ns3:atemp>30.0</ns3:atemp>
            <ns3:hr>167</ns3:hr>
            <ns3:cad>87</ns3:cad>
          </ns3:TrackPointExtension>
        </extensions>
      </trkpt>
      <trkpt lat="30.2070478163659572601318359375" lon="120.26244230568408966064453125">
        <ele>7.400000095367431640625</ele>
        <time>2026-08-31T23:20:32.000Z</time>
        <extensions>
          <ns3:TrackPointExtension>
            <ns3:atemp>30.0</ns3:atemp>
            <ns3:hr>167</ns3:hr>
            <ns3:cad>87</ns3:cad>
          </ns3:TrackPointExtension>
        </extensions>
      </trkpt>
      <trkpt lat="30.2070525102317333221435546875" lon="120.262471474707126617431640625">
        <ele>7.400000095367431640625</ele>
        <time>2026-08-31T23:20:33.000Z</time>
        <extensions>
          <ns3:TrackPointExtension>
            <ns3:atemp>30.0</ns3:atemp>
            <ns3:hr>168</ns3:hr>
            <ns3:cad>87</ns3:cad>
          </ns3:TrackPointExtension>
        </extensions>
      </trkpt>
      <trkpt lat="30.207054354250431060791015625" lon="120.2625046670436859130859375">
        <ele>7.400000095367431640625</ele>
        <time>2026-08-31T23:20:34.000Z</time>
        <extensions>
          <ns3:TrackPointExtension>
            <ns3:atemp>29.0</ns3:atemp>
            <ns3:hr>168</ns3:hr>
            <ns3:cad>87</ns3:cad>
          </ns3:TrackPointExtension>
        </extensions>
      </trkpt>
      <trkpt lat="30.2070568688213825225830078125" lon="120.2625376917421817779541015625">
        <ele>7.400000095367431640625</ele>
        <time>2026-08-31T23:20:35.000Z</time>
        <extensions>
          <ns3:TrackPointExtension>
            <ns3:atemp>29.0</ns3:atemp>
            <ns3:hr>168</ns3:hr>
            <ns3:cad>87</ns3:cad>
          </ns3:TrackPointExtension>
        </extensions>
      </trkpt>
      <trkpt lat="30.20705829374492168426513671875" lon="120.26256962679326534271240234375">
        <ele>7.400000095367431640625</ele>
        <time>2026-08-31T23:20:36.000Z</time>
        <extensions>
          <ns3:TrackPointExtension>
            <ns3:atemp>29.0</ns3:atemp>
            <ns3:hr>168</ns3:hr>
            <ns3:cad>88</ns3:cad>
          </ns3:TrackPointExtension>
        </extensions>
      </trkpt>
      <trkpt lat="30.20705862902104854583740234375" lon="120.26260600425302982330322265625">
        <ele>7.19999980926513671875</ele>
        <time>2026-08-31T23:20:37.000Z</time>
        <extensions>
          <ns3:TrackPointExtension>
            <ns3:atemp>29.0</ns3:atemp>
            <ns3:hr>168</ns3:hr>
            <ns3:cad>89</ns3:cad>
          </ns3:TrackPointExtension>
        </extensions>
      </trkpt>
      <trkpt lat="30.2070632390677928924560546875" lon="120.2626339159905910491943359375">
        <ele>7.19999980926513671875</ele>
        <time>2026-08-31T23:20:38.000Z</time>
        <extensions>
          <ns3:TrackPointExtension>
            <ns3:atemp>29.0</ns3:atemp>
            <ns3:hr>168</ns3:hr>
            <ns3:cad>89</ns3:cad>
          </ns3:TrackPointExtension>
        </extensions>
      </trkpt>
      <trkpt lat="30.207062065601348876953125" lon="120.2626724727451801300048828125">
        <ele>7.19999980926513671875</ele>
        <time>2026-08-31T23:20:39.000Z</time>
        <extensions>
          <ns3:TrackPointExtension>
            <ns3:atemp>29.0</ns3:atemp>
            <ns3:hr>168</ns3:hr>
            <ns3:cad>87</ns3:cad>
          </ns3:TrackPointExtension>
        </extensions>
      </trkpt>
      <trkpt lat="30.2070635743439197540283203125" lon="120.26269954629242420196533203125">
        <ele>7.19999980926513671875</ele>
        <time>2026-08-31T23:20:40.000Z</time>
        <extensions>
          <ns3:TrackPointExtension>
            <ns3:atemp>30.0</ns3:atemp>
            <ns3:hr>169</ns3:hr>
            <ns3:cad>87</ns3:cad>
          </ns3:TrackPointExtension>
        </extensions>
      </trkpt>
      <trkpt lat="30.20706315524876117706298828125" lon="120.2627361752092838287353515625">
        <ele>7.19999980926513671875</ele>
        <time>2026-08-31T23:20:41.000Z</time>
        <extensions>
          <ns3:TrackPointExtension>
            <ns3:atemp>29.0</ns3:atemp>
            <ns3:hr>169</ns3:hr>
            <ns3:cad>87</ns3:cad>
          </ns3:TrackPointExtension>
        </extensions>
      </trkpt>
      <trkpt lat="30.2070649154484272003173828125" lon="120.26276023127138614654541015625">
        <ele>7.19999980926513671875</ele>
        <time>2026-08-31T23:20:42.000Z</time>
        <extensions>
          <ns3:TrackPointExtension>
            <ns3:atemp>29.0</ns3:atemp>
            <ns3:hr>169</ns3:hr>
            <ns3:cad>87</ns3:cad>
          </ns3:TrackPointExtension>
        </extensions>
      </trkpt>
      <trkpt lat="30.20706432871520519256591796875" lon="120.26279476471245288848876953125">
        <ele>7.19999980926513671875</ele>
        <time>2026-08-31T23:20:43.000Z</time>
        <extensions>
          <ns3:TrackPointExtension>
            <ns3:atemp>30.0</ns3:atemp>
            <ns3:hr>170</ns3:hr>
            <ns3:cad>88</ns3:cad>
          </ns3:TrackPointExtension>
        </extensions>
      </trkpt>
      <trkpt lat="30.20705879665911197662353515625" lon="120.26282225735485553741455078125">
        <ele>7.19999980926513671875</ele>
        <time>2026-08-31T23:20:44.000Z</time>
        <extensions>
          <ns3:TrackPointExtension>
            <ns3:atemp>30.0</ns3:atemp>
            <ns3:hr>170</ns3:hr>
            <ns3:cad>88</ns3:cad>
          </ns3:TrackPointExtension>
        </extensions>
      </trkpt>
      <trkpt lat="30.207052342593669891357421875" lon="120.2628535218536853790283203125">
        <ele>7.19999980926513671875</ele>
        <time>2026-08-31T23:20:45.000Z</time>
        <extensions>
          <ns3:TrackPointExtension>
            <ns3:atemp>29.0</ns3:atemp>
            <ns3:hr>170</ns3:hr>
            <ns3:cad>88</ns3:cad>
          </ns3:TrackPointExtension>
        </extensions>
      </trkpt>
      <trkpt lat="30.20704488269984722137451171875" lon="120.26288352906703948974609375">
        <ele>7.19999980926513671875</ele>
        <time>2026-08-31T23:20:46.000Z</time>
        <extensions>
          <ns3:TrackPointExtension>
            <ns3:atemp>29.0</ns3:atemp>
            <ns3:hr>170</ns3:hr>
            <ns3:cad>87</ns3:cad>
          </ns3:TrackPointExtension>
        </extensions>
      </trkpt>
      <trkpt lat="30.20704119466245174407958984375" lon="120.2629155479371547698974609375">
        <ele>7.19999980926513671875</ele>
        <time>2026-08-31T23:20:47.000Z</time>
        <extensions>
          <ns3:TrackPointExtension>
            <ns3:atemp>30.0</ns3:atemp>
            <ns3:hr>170</ns3:hr>
            <ns3:cad>87</ns3:cad>
          </ns3:TrackPointExtension>
        </extensions>
      </trkpt>
      <trkpt lat="30.207039602100849151611328125" lon="120.2629473991692066192626953125">
        <ele>7.19999980926513671875</ele>
        <time>2026-08-31T23:20:48.000Z</time>
        <extensions>
          <ns3:TrackPointExtension>
            <ns3:atemp>30.0</ns3:atemp>
            <ns3:hr>170</ns3:hr>
            <ns3:cad>87</ns3:cad>
          </ns3:TrackPointExtension>
        </extensions>
      </trkpt>
      <trkpt lat="30.20704018883407115936279296875" lon="120.26297447271645069122314453125">
        <ele>7.19999980926513671875</ele>
        <time>2026-08-31T23:20:49.000Z</time>
        <extensions>
          <ns3:TrackPointExtension>
            <ns3:atemp>30.0</ns3:atemp>
            <ns3:hr>169</ns3:hr>
            <ns3:cad>87</ns3:cad>
          </ns3:TrackPointExtension>
        </extensions>
      </trkpt>
      <trkpt lat="30.20703583024442195892333984375" lon="120.26300699450075626373291015625">
        <ele>7.19999980926513671875</ele>
        <time>2026-08-31T23:20:50.000Z</time>
        <extensions>
          <ns3:TrackPointExtension>
            <ns3:atemp>30.0</ns3:atemp>
            <ns3:hr>169</ns3:hr>
            <ns3:cad>87</ns3:cad>
          </ns3:TrackPointExtension>
        </extensions>
      </trkpt>
      <trkpt lat="30.20703935064375400543212890625" lon="120.26302979327738285064697265625">
        <ele>7.19999980926513671875</ele>
        <time>2026-08-31T23:20:51.000Z</time>
        <extensions>
          <ns3:TrackPointExtension>
            <ns3:atemp>30.0</ns3:atemp>
            <ns3:hr>169</ns3:hr>
            <ns3:cad>87</ns3:cad>
          </ns3:TrackPointExtension>
        </extensions>
      </trkpt>
      <trkpt lat="30.207032226026058197021484375" lon="120.26306130923330783843994140625">
        <ele>7.19999980926513671875</ele>
        <time>2026-08-31T23:20:52.000Z</time>
        <extensions>
          <ns3:TrackPointExtension>
            <ns3:atemp>29.0</ns3:atemp>
            <ns3:hr>169</ns3:hr>
            <ns3:cad>87</ns3:cad>
          </ns3:TrackPointExtension>
        </extensions>
      </trkpt>
      <trkpt lat="30.207035578787326812744140625" lon="120.26308896951377391815185546875">
        <ele>7.19999980926513671875</ele>
        <time>2026-08-31T23:20:53.000Z</time>
        <extensions>
          <ns3:TrackPointExtension>
            <ns3:atemp>30.0</ns3:atemp>
            <ns3:hr>169</ns3:hr>
            <ns3:cad>87</ns3:cad>
          </ns3:TrackPointExtension>
        </extensions>
      </trkpt>
      <trkpt lat="30.2070312201976776123046875" lon="120.26312635280191898345947265625">
        <ele>7.19999980926513671875</ele>
        <time>2026-08-31T23:20:54.000Z</time>
        <extensions>
          <ns3:TrackPointExtension>
            <ns3:atemp>30.0</ns3:atemp>
            <ns3:hr>170</ns3:hr>
            <ns3:cad>87</ns3:cad>
          </ns3:TrackPointExtension>
        </extensions>
      </trkpt>
      <trkpt lat="30.20703063346445560455322265625" lon="120.263159461319446563720703125">
        <ele>7.19999980926513671875</ele>
        <time>2026-08-31T23:20:55.000Z</time>
        <extensions>
          <ns3:TrackPointExtension>
            <ns3:atemp>30.0</ns3:atemp>
            <ns3:hr>170</ns3:hr>
            <ns3:cad>86</ns3:cad>
          </ns3:TrackPointExtension>
        </extensions>
      </trkpt>
      <trkpt lat="30.2070364169776439666748046875" lon="120.263180918991565704345703125">
        <ele>7.19999980926513671875</ele>
        <time>2026-08-31T23:20:56.000Z</time>
        <extensions>
          <ns3:TrackPointExtension>
            <ns3:atemp>30.0</ns3:atemp>
            <ns3:hr>170</ns3:hr>
            <ns3:cad>86</ns3:cad>
          </ns3:TrackPointExtension>
        </extensions>
      </trkpt>
      <trkpt lat="30.20702744834125041961669921875" lon="120.26320598088204860687255859375">
        <ele>7.19999980926513671875</ele>
        <time>2026-08-31T23:20:57.000Z</time>
        <extensions>
          <ns3:TrackPointExtension>
            <ns3:atemp>30.0</ns3:atemp>
            <ns3:hr>170</ns3:hr>
            <ns3:cad>86</ns3:cad>
          </ns3:TrackPointExtension>
        </extensions>
      </trkpt>
      <trkpt lat="30.20702275447547435760498046875" lon="120.26322676800191402435302734375">
        <ele>7</ele>
        <time>2026-08-31T23:20:58.000Z</time>
        <extensions>
          <ns3:TrackPointExtension>
            <ns3:atemp>30.0</ns3:atemp>
            <ns3:hr>169</ns3:hr>
            <ns3:cad>86</ns3:cad>
          </ns3:TrackPointExtension>
        </extensions>
      </trkpt>
      <trkpt lat="30.2070216648280620574951171875" lon="120.263253338634967803955078125">
        <ele>7</ele>
        <time>2026-08-31T23:20:59.000Z</time>
        <extensions>
          <ns3:TrackPointExtension>
            <ns3:atemp>30.0</ns3:atemp>
            <ns3:hr>169</ns3:hr>
            <ns3:cad>86</ns3:cad>
          </ns3:TrackPointExtension>
        </extensions>
      </trkpt>
      <trkpt lat="30.20702510140836238861083984375" lon="120.26327840052545070648193359375">
        <ele>7</ele>
        <time>2026-08-31T23:21:00.000Z</time>
        <extensions>
          <ns3:TrackPointExtension>
            <ns3:atemp>30.0</ns3:atemp>
            <ns3:hr>169</ns3:hr>
            <ns3:cad>84</ns3:cad>
          </ns3:TrackPointExtension>
        </extensions>
      </trkpt>
      <trkpt lat="30.20702241919934749603271484375" lon="120.26331025175750255584716796875">
        <ele>6.80000019073486328125</ele>
        <time>2026-08-31T23:21:01.000Z</time>
        <extensions>
          <ns3:TrackPointExtension>
            <ns3:atemp>30.0</ns3:atemp>
            <ns3:hr>169</ns3:hr>
            <ns3:cad>84</ns3:cad>
          </ns3:TrackPointExtension>
        </extensions>
      </trkpt>
      <trkpt lat="30.20702057518064975738525390625" lon="120.263337157666683197021484375">
        <ele>6.80000019073486328125</ele>
        <time>2026-08-31T23:21:02.000Z</time>
        <extensions>
          <ns3:TrackPointExtension>
            <ns3:atemp>29.0</ns3:atemp>
            <ns3:hr>168</ns3:hr>
            <ns3:cad>84</ns3:cad>
          </ns3:TrackPointExtension>
        </extensions>
      </trkpt>
      <trkpt lat="30.2070236764848232269287109375" lon="120.2633750438690185546875">
        <ele>7</ele>
        <time>2026-08-31T23:21:03.000Z</time>
        <extensions>
          <ns3:TrackPointExtension>
            <ns3:atemp>29.0</ns3:atemp>
            <ns3:hr>168</ns3:hr>
            <ns3:cad>84</ns3:cad>
          </ns3:TrackPointExtension>
        </extensions>
      </trkpt>
      <trkpt lat="30.207031555473804473876953125" lon="120.26339909993112087249755859375">
        <ele>7</ele>
        <time>2026-08-31T23:21:04.000Z</time>
        <extensions>
          <ns3:TrackPointExtension>
            <ns3:atemp>30.0</ns3:atemp>
            <ns3:hr>168</ns3:hr>
            <ns3:cad>84</ns3:cad>
          </ns3:TrackPointExtension>
        </extensions>
      </trkpt>
      <trkpt lat="30.20704035647213459014892578125" lon="120.2634295262396335601806640625">
        <ele>7</ele>
        <time>2026-08-31T23:21:05.000Z</time>
        <extensions>
          <ns3:TrackPointExtension>
            <ns3:atemp>30.0</ns3:atemp>
            <ns3:hr>167</ns3:hr>
            <ns3:cad>85</ns3:cad>
          </ns3:TrackPointExtension>
        </extensions>
      </trkpt>
      <trkpt lat="30.207052342593669891357421875" lon="120.2634546719491481781005859375">
        <ele>7</ele>
        <time>2026-08-31T23:21:06.000Z</time>
        <extensions>
          <ns3:TrackPointExtension>
            <ns3:atemp>30.0</ns3:atemp>
            <ns3:hr>167</ns3:hr>
            <ns3:cad>85</ns3:cad>
          </ns3:TrackPointExtension>
        </extensions>
      </trkpt>
      <trkpt lat="30.207072794437408447265625" lon="120.26347856037318706512451171875">
        <ele>7</ele>
        <time>2026-08-31T23:21:07.000Z</time>
        <extensions>
          <ns3:TrackPointExtension>
            <ns3:atemp>30.0</ns3:atemp>
            <ns3:hr>168</ns3:hr>
            <ns3:cad>86</ns3:cad>
          </ns3:TrackPointExtension>
        </extensions>
      </trkpt>
      <trkpt lat="30.20709567703306674957275390625" lon="120.263496749103069305419921875">
        <ele>7.19999980926513671875</ele>
        <time>2026-08-31T23:21:08.000Z</time>
        <extensions>
          <ns3:TrackPointExtension>
            <ns3:atemp>30.0</ns3:atemp>
            <ns3:hr>168</ns3:hr>
            <ns3:cad>86</ns3:cad>
          </ns3:TrackPointExtension>
        </extensions>
      </trkpt>
      <trkpt lat="30.20711746998131275177001953125" lon="120.263506807386875152587890625">
        <ele>7</ele>
        <time>2026-08-31T23:21:09.000Z</time>
        <extensions>
          <ns3:TrackPointExtension>
            <ns3:atemp>30.0</ns3:atemp>
            <ns3:hr>168</ns3:hr>
            <ns3:cad>87</ns3:cad>
          </ns3:TrackPointExtension>
        </extensions>
      </trkpt>
      <trkpt lat="30.207147561013698577880859375" lon="120.26353052817285060882568359375">
        <ele>7.19999980926513671875</ele>
        <time>2026-08-31T23:21:10.000Z</time>
        <extensions>
          <ns3:TrackPointExtension>
            <ns3:atemp>30.0</ns3:atemp>
            <ns3:hr>168</ns3:hr>
            <ns3:cad>87</ns3:cad>
          </ns3:TrackPointExtension>
        </extensions>
      </trkpt>
      <trkpt lat="30.20717144943773746490478515625" lon="120.26353790424764156341552734375">
        <ele>7.19999980926513671875</ele>
        <time>2026-08-31T23:21:11.000Z</time>
        <extensions>
          <ns3:TrackPointExtension>
            <ns3:atemp>30.0</ns3:atemp>
            <ns3:hr>168</ns3:hr>
            <ns3:cad>86</ns3:cad>
          </ns3:TrackPointExtension>
        </extensions>
      </trkpt>
      <trkpt lat="30.20720531232655048370361328125" lon="120.2635482139885425567626953125">
        <ele>7</ele>
        <time>2026-08-31T23:21:12.000Z</time>
        <extensions>
          <ns3:TrackPointExtension>
            <ns3:atemp>29.0</ns3:atemp>
            <ns3:hr>169</ns3:hr>
            <ns3:cad>87</ns3:cad>
          </ns3:TrackPointExtension>
        </extensions>
      </trkpt>
      <trkpt lat="30.2072315476834774017333984375" lon="120.26355466805398464202880859375">
        <ele>7.19999980926513671875</ele>
        <time>2026-08-31T23:21:13.000Z</time>
        <extensions>
          <ns3:TrackPointExtension>
            <ns3:atemp>30.0</ns3:atemp>
            <ns3:hr>169</ns3:hr>
            <ns3:cad>86</ns3:cad>
          </ns3:TrackPointExtension>
        </extensions>
      </trkpt>
      <trkpt lat="30.2072613872587680816650390625" lon="120.26355936191976070404052734375">
        <ele>7.19999980926513671875</ele>
        <time>2026-08-31T23:21:14.000Z</time>
        <extensions>
          <ns3:TrackPointExtension>
            <ns3:atemp>30.0</ns3:atemp>
            <ns3:hr>169</ns3:hr>
            <ns3:cad>86</ns3:cad>
          </ns3:TrackPointExtension>
        </extensions>
      </trkpt>
      <trkpt lat="30.2072848565876483917236328125" lon="120.26355919428169727325439453125">
        <ele>7.19999980926513671875</ele>
        <time>2026-08-31T23:21:15.000Z</time>
        <extensions>
          <ns3:TrackPointExtension>
            <ns3:atemp>30.0</ns3:atemp>
            <ns3:hr>169</ns3:hr>
            <ns3:cad>87</ns3:cad>
          </ns3:TrackPointExtension>
        </extensions>
      </trkpt>
      <trkpt lat="30.2073157019913196563720703125" lon="120.26355936191976070404052734375">
        <ele>7.19999980926513671875</ele>
        <time>2026-08-31T23:21:16.000Z</time>
        <extensions>
          <ns3:TrackPointExtension>
            <ns3:atemp>30.0</ns3:atemp>
            <ns3:hr>169</ns3:hr>
            <ns3:cad>87</ns3:cad>
          </ns3:TrackPointExtension>
        </extensions>
      </trkpt>
      <trkpt lat="30.20734327845275402069091796875" lon="120.26356212794780731201171875">
        <ele>7.19999980926513671875</ele>
        <time>2026-08-31T23:21:17.000Z</time>
        <extensions>
          <ns3:TrackPointExtension>
            <ns3:atemp>30.0</ns3:atemp>
            <ns3:hr>169</ns3:hr>
            <ns3:cad>87</ns3:cad>
          </ns3:TrackPointExtension>
        </extensions>
      </trkpt>
      <trkpt lat="30.20736708305776119232177734375" lon="120.26356321759521961212158203125">
        <ele>7.19999980926513671875</ele>
        <time>2026-08-31T23:21:18.000Z</time>
        <extensions>
          <ns3:TrackPointExtension>
            <ns3:atemp>30.0</ns3:atemp>
            <ns3:hr>169</ns3:hr>
            <ns3:cad>87</ns3:cad>
          </ns3:TrackPointExtension>
        </extensions>
      </trkpt>
      <trkpt lat="30.20739893428981304168701171875" lon="120.26356942020356655120849609375">
        <ele>7.19999980926513671875</ele>
        <time>2026-08-31T23:21:19.000Z</time>
        <extensions>
          <ns3:TrackPointExtension>
            <ns3:atemp>30.0</ns3:atemp>
            <ns3:hr>169</ns3:hr>
            <ns3:cad>87</ns3:cad>
          </ns3:TrackPointExtension>
        </extensions>
      </trkpt>
      <trkpt lat="30.207421816885471343994140625" lon="120.26356707327067852020263671875">
        <ele>7.19999980926513671875</ele>
        <time>2026-08-31T23:21:20.000Z</time>
        <extensions>
          <ns3:TrackPointExtension>
            <ns3:atemp>30.0</ns3:atemp>
            <ns3:hr>168</ns3:hr>
            <ns3:cad>87</ns3:cad>
          </ns3:TrackPointExtension>
        </extensions>
      </trkpt>
      <trkpt lat="30.207451321184635162353515625" lon="120.26356791146099567413330078125">
        <ele>7</ele>
        <time>2026-08-31T23:21:21.000Z</time>
        <extensions>
          <ns3:TrackPointExtension>
            <ns3:atemp>30.0</ns3:atemp>
            <ns3:hr>168</ns3:hr>
            <ns3:cad>86</ns3:cad>
          </ns3:TrackPointExtension>
        </extensions>
      </trkpt>
      <trkpt lat="30.2074719406664371490478515625" lon="120.263570509850978851318359375">
        <ele>7</ele>
        <time>2026-08-31T23:21:22.000Z</time>
        <extensions>
          <ns3:TrackPointExtension>
            <ns3:atemp>30.0</ns3:atemp>
            <ns3:hr>168</ns3:hr>
            <ns3:cad>86</ns3:cad>
          </ns3:TrackPointExtension>
        </extensions>
      </trkpt>
      <trkpt lat="30.20750018768012523651123046875" lon="120.2635747008025646209716796875">
        <ele>7</ele>
        <time>2026-08-31T23:21:23.000Z</time>
        <extensions>
          <ns3:TrackPointExtension>
            <ns3:atemp>30.0</ns3:atemp>
            <ns3:hr>168</ns3:hr>
            <ns3:cad>87</ns3:cad>
          </ns3:TrackPointExtension>
        </extensions>
      </trkpt>
      <trkpt lat="30.20751946605741977691650390625" lon="120.26358115486800670623779296875">
        <ele>7.19999980926513671875</ele>
        <time>2026-08-31T23:21:24.000Z</time>
        <extensions>
          <ns3:TrackPointExtension>
            <ns3:atemp>30.0</ns3:atemp>
            <ns3:hr>168</ns3:hr>
            <ns3:cad>88</ns3:cad>
          </ns3:TrackPointExtension>
        </extensions>
      </trkpt>
      <trkpt lat="30.20755064673721790313720703125" lon="120.263582579791545867919921875">
        <ele>7.19999980926513671875</ele>
        <time>2026-08-31T23:21:25.000Z</time>
        <extensions>
          <ns3:TrackPointExtension>
            <ns3:atemp>30.0</ns3:atemp>
            <ns3:hr>168</ns3:hr>
            <ns3:cad>88</ns3:cad>
          </ns3:TrackPointExtension>
        </extensions>
      </trkpt>
      <trkpt lat="30.20757780410349369049072265625" lon="120.263589285314083099365234375">
        <ele>7.19999980926513671875</ele>
        <time>2026-08-31T23:21:26.000Z</time>
        <extensions>
          <ns3:TrackPointExtension>
            <ns3:atemp>30.0</ns3:atemp>
            <ns3:hr>169</ns3:hr>
            <ns3:cad>87</ns3:cad>
          </ns3:TrackPointExtension>
        </extensions>
      </trkpt>
      <trkpt lat="30.2076047100126743316650390625" lon="120.26359557174146175384521484375">
        <ele>7</ele>
        <time>2026-08-31T23:21:27.000Z</time>
        <extensions>
          <ns3:TrackPointExtension>
            <ns3:atemp>30.0</ns3:atemp>
            <ns3:hr>168</ns3:hr>
            <ns3:cad>87</ns3:cad>
          </ns3:TrackPointExtension>
        </extensions>
      </trkpt>
      <trkpt lat="30.2076298557221889495849609375" lon="120.26360278017818927764892578125">
        <ele>7</ele>
        <time>2026-08-31T23:21:28.000Z</time>
        <extensions>
          <ns3:TrackPointExtension>
            <ns3:atemp>30.0</ns3:atemp>
            <ns3:hr>168</ns3:hr>
            <ns3:cad>87</ns3:cad>
          </ns3:TrackPointExtension>
        </extensions>
      </trkpt>
      <trkpt lat="30.20765659399330615997314453125" lon="120.26360780932009220123291015625">
        <ele>7</ele>
        <time>2026-08-31T23:21:29.000Z</time>
        <extensions>
          <ns3:TrackPointExtension>
            <ns3:atemp>30.0</ns3:atemp>
            <ns3:hr>168</ns3:hr>
            <ns3:cad>87</ns3:cad>
          </ns3:TrackPointExtension>
        </extensions>
      </trkpt>
      <trkpt lat="30.20768224261701107025146484375" lon="120.2636110782623291015625">
        <ele>7</ele>
        <time>2026-08-31T23:21:30.000Z</time>
        <extensions>
          <ns3:TrackPointExtension>
            <ns3:atemp>30.0</ns3:atemp>
            <ns3:hr>169</ns3:hr>
            <ns3:cad>87</ns3:cad>
          </ns3:TrackPointExtension>
        </extensions>
      </trkpt>
      <trkpt lat="30.20770780742168426513671875" lon="120.26360998861491680145263671875">
        <ele>7</ele>
        <time>2026-08-31T23:21:31.000Z</time>
        <extensions>
          <ns3:TrackPointExtension>
            <ns3:atemp>30.0</ns3:atemp>
            <ns3:hr>169</ns3:hr>
            <ns3:cad>87</ns3:cad>
          </ns3:TrackPointExtension>
        </extensions>
      </trkpt>
      <trkpt lat="30.207732282578945159912109375" lon="120.26361308991909027099609375">
        <ele>7</ele>
        <time>2026-08-31T23:21:32.000Z</time>
        <extensions>
          <ns3:TrackPointExtension>
            <ns3:atemp>30.0</ns3:atemp>
            <ns3:hr>169</ns3:hr>
            <ns3:cad>88</ns3:cad>
          </ns3:TrackPointExtension>
        </extensions>
      </trkpt>
      <trkpt lat="30.2077582664787769317626953125" lon="120.26361652649939060211181640625">
        <ele>7</ele>
        <time>2026-08-31T23:21:33.000Z</time>
        <extensions>
          <ns3:TrackPointExtension>
            <ns3:atemp>30.0</ns3:atemp>
            <ns3:hr>169</ns3:hr>
            <ns3:cad>88</ns3:cad>
          </ns3:TrackPointExtension>
        </extensions>
      </trkpt>
      <trkpt lat="30.2077901177108287811279296875" lon="120.2636280097067356109619140625">
        <ele>7</ele>
        <time>2026-08-31T23:21:34.000Z</time>
        <extensions>
          <ns3:TrackPointExtension>
            <ns3:atemp>30.0</ns3:atemp>
            <ns3:hr>168</ns3:hr>
            <ns3:cad>87</ns3:cad>
          </ns3:TrackPointExtension>
        </extensions>
      </trkpt>
      <trkpt lat="30.20781031809747219085693359375" lon="120.2636310271918773651123046875">
        <ele>7</ele>
        <time>2026-08-31T23:21:35.000Z</time>
        <extensions>
          <ns3:TrackPointExtension>
            <ns3:atemp>30.0</ns3:atemp>
            <ns3:hr>169</ns3:hr>
            <ns3:cad>87</ns3:cad>
          </ns3:TrackPointExtension>
        </extensions>
      </trkpt>
      <trkpt lat="30.2078404091298580169677734375" lon="120.2636380679905414581298828125">
        <ele>7</ele>
        <time>2026-08-31T23:21:36.000Z</time>
        <extensions>
          <ns3:TrackPointExtension>
            <ns3:atemp>30.0</ns3:atemp>
            <ns3:hr>169</ns3:hr>
            <ns3:cad>87</ns3:cad>
          </ns3:TrackPointExtension>
        </extensions>
      </trkpt>
      <trkpt lat="30.20786496810615062713623046875" lon="120.2636474557220935821533203125">
        <ele>7</ele>
        <time>2026-08-31T23:21:37.000Z</time>
        <extensions>
          <ns3:TrackPointExtension>
            <ns3:atemp>30.0</ns3:atemp>
            <ns3:hr>168</ns3:hr>
            <ns3:cad>87</ns3:cad>
          </ns3:TrackPointExtension>
        </extensions>
      </trkpt>
      <trkpt lat="30.20789246074855327606201171875" lon="120.26365156285464763641357421875">
        <ele>7</ele>
        <time>2026-08-31T23:21:38.000Z</time>
        <extensions>
          <ns3:TrackPointExtension>
            <ns3:atemp>30.0</ns3:atemp>
            <ns3:hr>169</ns3:hr>
            <ns3:cad>87</ns3:cad>
          </ns3:TrackPointExtension>
        </extensions>
      </trkpt>
      <trkpt lat="30.20791961811482906341552734375" lon="120.26365692727267742156982421875">
        <ele>7</ele>
        <time>2026-08-31T23:21:39.000Z</time>
        <extensions>
          <ns3:TrackPointExtension>
            <ns3:atemp>30.0</ns3:atemp>
            <ns3:hr>169</ns3:hr>
            <ns3:cad>87</ns3:cad>
          </ns3:TrackPointExtension>
        </extensions>
      </trkpt>
      <trkpt lat="30.20794375799596309661865234375" lon="120.26366111822426319122314453125">
        <ele>7</ele>
        <time>2026-08-31T23:21:40.000Z</time>
        <extensions>
          <ns3:TrackPointExtension>
            <ns3:atemp>30.0</ns3:atemp>
            <ns3:hr>169</ns3:hr>
            <ns3:cad>87</ns3:cad>
          </ns3:TrackPointExtension>
        </extensions>
      </trkpt>
      <trkpt lat="30.20797091536223888397216796875" lon="120.2636675722897052764892578125">
        <ele>7.19999980926513671875</ele>
        <time>2026-08-31T23:21:41.000Z</time>
        <extensions>
          <ns3:TrackPointExtension>
            <ns3:atemp>30.0</ns3:atemp>
            <ns3:hr>169</ns3:hr>
            <ns3:cad>86</ns3:cad>
          </ns3:TrackPointExtension>
        </extensions>
      </trkpt>
      <trkpt lat="30.20799153484404087066650390625" lon="120.2636705897748470306396484375">
        <ele>7.19999980926513671875</ele>
        <time>2026-08-31T23:21:42.000Z</time>
        <extensions>
          <ns3:TrackPointExtension>
            <ns3:atemp>30.0</ns3:atemp>
            <ns3:hr>170</ns3:hr>
            <ns3:cad>86</ns3:cad>
          </ns3:TrackPointExtension>
        </extensions>
      </trkpt>
      <trkpt lat="30.208018608391284942626953125" lon="120.26367469690740108489990234375">
        <ele>7.19999980926513671875</ele>
        <time>2026-08-31T23:21:43.000Z</time>
        <extensions>
          <ns3:TrackPointExtension>
            <ns3:atemp>30.0</ns3:atemp>
            <ns3:hr>170</ns3:hr>
            <ns3:cad>85</ns3:cad>
          </ns3:TrackPointExtension>
        </extensions>
      </trkpt>
      <trkpt lat="30.208042077720165252685546875" lon="120.26367469690740108489990234375">
        <ele>7.19999980926513671875</ele>
        <time>2026-08-31T23:21:44.000Z</time>
        <extensions>
          <ns3:TrackPointExtension>
            <ns3:atemp>30.0</ns3:atemp>
            <ns3:hr>170</ns3:hr>
            <ns3:cad>85</ns3:cad>
          </ns3:TrackPointExtension>
        </extensions>
      </trkpt>
      <trkpt lat="30.20806730724871158599853515625" lon="120.26367922313511371612548828125">
        <ele>7</ele>
        <time>2026-08-31T23:21:45.000Z</time>
        <extensions>
          <ns3:TrackPointExtension>
            <ns3:atemp>30.0</ns3:atemp>
            <ns3:hr>170</ns3:hr>
            <ns3:cad>86</ns3:cad>
          </ns3:TrackPointExtension>
        </extensions>
      </trkpt>
      <trkpt lat="30.20809329114854335784912109375" lon="120.2636910416185855865478515625">
        <ele>6.80000019073486328125</ele>
        <time>2026-08-31T23:21:46.000Z</time>
        <extensions>
          <ns3:TrackPointExtension>
            <ns3:atemp>30.0</ns3:atemp>
            <ns3:hr>169</ns3:hr>
            <ns3:cad>86</ns3:cad>
          </ns3:TrackPointExtension>
        </extensions>
      </trkpt>
      <trkpt lat="30.20811474882066249847412109375" lon="120.26370001025497913360595703125">
        <ele>6.80000019073486328125</ele>
        <time>2026-08-31T23:21:47.000Z</time>
        <extensions>
          <ns3:TrackPointExtension>
            <ns3:atemp>30.0</ns3:atemp>
            <ns3:hr>169</ns3:hr>
            <ns3:cad>86</ns3:cad>
          </ns3:TrackPointExtension>
        </extensions>
      </trkpt>
      <trkpt lat="30.2081434987485408782958984375" lon="120.26371023617684841156005859375">
        <ele>6.80000019073486328125</ele>
        <time>2026-08-31T23:21:48.000Z</time>
        <extensions>
          <ns3:TrackPointExtension>
            <ns3:atemp>30.0</ns3:atemp>
            <ns3:hr>169</ns3:hr>
            <ns3:cad>86</ns3:cad>
          </ns3:TrackPointExtension>
        </extensions>
      </trkpt>
      <trkpt lat="30.20816151984035968780517578125" lon="120.26371593587100505828857421875">
        <ele>6.80000019073486328125</ele>
        <time>2026-08-31T23:21:49.000Z</time>
        <extensions>
          <ns3:TrackPointExtension>
            <ns3:atemp>30.0</ns3:atemp>
            <ns3:hr>170</ns3:hr>
            <ns3:cad>86</ns3:cad>
          </ns3:TrackPointExtension>
        </extensions>
      </trkpt>
      <trkpt lat="30.2081890963017940521240234375" lon="120.2637212164700031280517578125">
        <ele>6.80000019073486328125</ele>
        <time>2026-08-31T23:21:50.000Z</time>
        <extensions>
          <ns3:TrackPointExtension>
            <ns3:atemp>30.0</ns3:atemp>
            <ns3:hr>169</ns3:hr>
            <ns3:cad>86</ns3:cad>
          </ns3:TrackPointExtension>
        </extensions>
      </trkpt>
      <trkpt lat="30.208211727440357208251953125" lon="120.2637282572686672210693359375">
        <ele>6.80000019073486328125</ele>
        <time>2026-08-31T23:21:51.000Z</time>
        <extensions>
          <ns3:TrackPointExtension>
            <ns3:atemp>30.0</ns3:atemp>
            <ns3:hr>170</ns3:hr>
            <ns3:cad>86</ns3:cad>
          </ns3:TrackPointExtension>
        </extensions>
      </trkpt>
      <trkpt lat="30.20823494531214237213134765625" lon="120.26373236440122127532958984375">
        <ele>6.80000019073486328125</ele>
        <time>2026-08-31T23:21:52.000Z</time>
        <extensions>
          <ns3:TrackPointExtension>
            <ns3:atemp>30.0</ns3:atemp>
            <ns3:hr>170</ns3:hr>
            <ns3:cad>86</ns3:cad>
          </ns3:TrackPointExtension>
        </extensions>
      </trkpt>
      <trkpt lat="30.2082618512213230133056640625" lon="120.26374057866632938385009765625">
        <ele>6.80000019073486328125</ele>
        <time>2026-08-31T23:21:53.000Z</time>
        <extensions>
          <ns3:TrackPointExtension>
            <ns3:atemp>30.0</ns3:atemp>
            <ns3:hr>170</ns3:hr>
            <ns3:cad>86</ns3:cad>
          </ns3:TrackPointExtension>
        </extensions>
      </trkpt>
      <trkpt lat="30.20828490145504474639892578125" lon="120.26374275796115398406982421875">
        <ele>6.599999904632568359375</ele>
        <time>2026-08-31T23:21:54.000Z</time>
        <extensions>
          <ns3:TrackPointExtension>
            <ns3:atemp>30.0</ns3:atemp>
            <ns3:hr>170</ns3:hr>
            <ns3:cad>86</ns3:cad>
          </ns3:TrackPointExtension>
        </extensions>
      </trkpt>
      <trkpt lat="30.2083161659538745880126953125" lon="120.26375197805464267730712890625">
        <ele>6.599999904632568359375</ele>
        <time>2026-08-31T23:21:55.000Z</time>
        <extensions>
          <ns3:TrackPointExtension>
            <ns3:atemp>30.0</ns3:atemp>
            <ns3:hr>170</ns3:hr>
            <ns3:cad>86</ns3:cad>
          </ns3:TrackPointExtension>
        </extensions>
      </trkpt>
      <trkpt lat="30.20834080874919891357421875" lon="120.263754911720752716064453125">
        <ele>6.80000019073486328125</ele>
        <time>2026-08-31T23:21:56.000Z</time>
        <extensions>
          <ns3:TrackPointExtension>
            <ns3:atemp>30.0</ns3:atemp>
            <ns3:hr>170</ns3:hr>
            <ns3:cad>86</ns3:cad>
          </ns3:TrackPointExtension>
        </extensions>
      </trkpt>
      <trkpt lat="30.20837324671447277069091796875" lon="120.2637604437768459320068359375">
        <ele>6.80000019073486328125</ele>
        <time>2026-08-31T23:21:57.000Z</time>
        <extensions>
          <ns3:TrackPointExtension>
            <ns3:atemp>30.0</ns3:atemp>
            <ns3:hr>171</ns3:hr>
            <ns3:cad>86</ns3:cad>
          </ns3:TrackPointExtension>
        </extensions>
      </trkpt>
      <trkpt lat="30.20840090699493885040283203125" lon="120.26376270689070224761962890625">
        <ele>6.599999904632568359375</ele>
        <time>2026-08-31T23:21:58.000Z</time>
        <extensions>
          <ns3:TrackPointExtension>
            <ns3:atemp>30.0</ns3:atemp>
            <ns3:hr>170</ns3:hr>
            <ns3:cad>87</ns3:cad>
          </ns3:TrackPointExtension>
        </extensions>
      </trkpt>
      <trkpt lat="30.20843200385570526123046875" lon="120.2637637965381145477294921875">
        <ele>6.80000019073486328125</ele>
        <time>2026-08-31T23:21:59.000Z</time>
        <extensions>
          <ns3:TrackPointExtension>
            <ns3:atemp>30.0</ns3:atemp>
            <ns3:hr>170</ns3:hr>
            <ns3:cad>87</ns3:cad>
          </ns3:TrackPointExtension>
        </extensions>
      </trkpt>
      <trkpt lat="30.20845656283199787139892578125" lon="120.26376974768936634063720703125">
        <ele>6.80000019073486328125</ele>
        <time>2026-08-31T23:22:00.000Z</time>
        <extensions>
          <ns3:TrackPointExtension>
            <ns3:atemp>30.0</ns3:atemp>
            <ns3:hr>170</ns3:hr>
            <ns3:cad>87</ns3:cad>
          </ns3:TrackPointExtension>
        </extensions>
      </trkpt>
      <trkpt lat="30.20848103798925876617431640625" lon="120.26377008296549320220947265625">
        <ele>6.80000019073486328125</ele>
        <time>2026-08-31T23:22:01.000Z</time>
        <extensions>
          <ns3:TrackPointExtension>
            <ns3:atemp>30.0</ns3:atemp>
            <ns3:hr>170</ns3:hr>
            <ns3:cad>87</ns3:cad>
          </ns3:TrackPointExtension>
        </extensions>
      </trkpt>
      <trkpt lat="30.20850903354585170745849609375" lon="120.26377678848803043365478515625">
        <ele>6.80000019073486328125</ele>
        <time>2026-08-31T23:22:02.000Z</time>
        <extensions>
          <ns3:TrackPointExtension>
            <ns3:atemp>30.0</ns3:atemp>
            <ns3:hr>170</ns3:hr>
            <ns3:cad>87</ns3:cad>
          </ns3:TrackPointExtension>
        </extensions>
      </trkpt>
      <trkpt lat="30.20853535272181034088134765625" lon="120.26377595029771327972412109375">
        <ele>6.80000019073486328125</ele>
        <time>2026-08-31T23:22:03.000Z</time>
        <extensions>
          <ns3:TrackPointExtension>
            <ns3:atemp>30.0</ns3:atemp>
            <ns3:hr>170</ns3:hr>
            <ns3:cad>87</ns3:cad>
          </ns3:TrackPointExtension>
        </extensions>
      </trkpt>
      <trkpt lat="30.20856066606938838958740234375" lon="120.26376790367066860198974609375">
        <ele>6.80000019073486328125</ele>
        <time>2026-08-31T23:22:04.000Z</time>
        <extensions>
          <ns3:TrackPointExtension>
            <ns3:atemp>30.0</ns3:atemp>
            <ns3:hr>170</ns3:hr>
            <ns3:cad>87</ns3:cad>
          </ns3:TrackPointExtension>
        </extensions>
      </trkpt>
      <trkpt lat="30.20858354866504669189453125" lon="120.263763628900051116943359375">
        <ele>6.80000019073486328125</ele>
        <time>2026-08-31T23:22:05.000Z</time>
        <extensions>
          <ns3:TrackPointExtension>
            <ns3:atemp>30.0</ns3:atemp>
            <ns3:hr>170</ns3:hr>
            <ns3:cad>87</ns3:cad>
          </ns3:TrackPointExtension>
        </extensions>
      </trkpt>
      <trkpt lat="30.20859939046204090118408203125" lon="120.263747870922088623046875">
        <ele>6.80000019073486328125</ele>
        <time>2026-08-31T23:22:06.000Z</time>
        <extensions>
          <ns3:TrackPointExtension>
            <ns3:atemp>30.0</ns3:atemp>
            <ns3:hr>170</ns3:hr>
            <ns3:cad>87</ns3:cad>
          </ns3:TrackPointExtension>
        </extensions>
      </trkpt>
      <trkpt lat="30.20860970020294189453125" lon="120.26372532360255718231201171875">
        <ele>6.80000019073486328125</ele>
        <time>2026-08-31T23:22:07.000Z</time>
        <extensions>
          <ns3:TrackPointExtension>
            <ns3:atemp>30.0</ns3:atemp>
            <ns3:hr>171</ns3:hr>
            <ns3:cad>87</ns3:cad>
          </ns3:TrackPointExtension>
        </extensions>
      </trkpt>
      <trkpt lat="30.20861330442130565643310546875" lon="120.26368550956249237060546875">
        <ele>6.80000019073486328125</ele>
        <time>2026-08-31T23:22:08.000Z</time>
        <extensions>
          <ns3:TrackPointExtension>
            <ns3:atemp>30.0</ns3:atemp>
            <ns3:hr>170</ns3:hr>
            <ns3:cad>87</ns3:cad>
          </ns3:TrackPointExtension>
        </extensions>
      </trkpt>
      <trkpt lat="30.2086199261248111724853515625" lon="120.263656675815582275390625">
        <ele>6.599999904632568359375</ele>
        <time>2026-08-31T23:22:09.000Z</time>
        <extensions>
          <ns3:TrackPointExtension>
            <ns3:atemp>30.0</ns3:atemp>
            <ns3:hr>170</ns3:hr>
            <ns3:cad>86</ns3:cad>
          </ns3:TrackPointExtension>
        </extensions>
      </trkpt>
      <trkpt lat="30.20862101577222347259521484375" lon="120.26362658478319644927978515625">
        <ele>6.599999904632568359375</ele>
        <time>2026-08-31T23:22:10.000Z</time>
        <extensions>
          <ns3:TrackPointExtension>
            <ns3:atemp>30.0</ns3:atemp>
            <ns3:hr>171</ns3:hr>
            <ns3:cad>87</ns3:cad>
          </ns3:TrackPointExtension>
        </extensions>
      </trkpt>
      <trkpt lat="30.20862109959125518798828125" lon="120.2635921351611614227294921875">
        <ele>6.599999904632568359375</ele>
        <time>2026-08-31T23:22:11.000Z</time>
        <extensions>
          <ns3:TrackPointExtension>
            <ns3:atemp>30.0</ns3:atemp>
            <ns3:hr>171</ns3:hr>
            <ns3:cad>87</ns3:cad>
          </ns3:TrackPointExtension>
        </extensions>
      </trkpt>
      <trkpt lat="30.20861598663032054901123046875" lon="120.263565480709075927734375">
        <ele>6.599999904632568359375</ele>
        <time>2026-08-31T23:22:12.000Z</time>
        <extensions>
          <ns3:TrackPointExtension>
            <ns3:atemp>30.0</ns3:atemp>
            <ns3:hr>171</ns3:hr>
            <ns3:cad>87</ns3:cad>
          </ns3:TrackPointExtension>
        </extensions>
      </trkpt>
      <trkpt lat="30.2086185850203037261962890625" lon="120.263530947268009185791015625">
        <ele>6.599999904632568359375</ele>
        <time>2026-08-31T23:22:13.000Z</time>
        <extensions>
          <ns3:TrackPointExtension>
            <ns3:atemp>30.0</ns3:atemp>
            <ns3:hr>171</ns3:hr>
            <ns3:cad>86</ns3:cad>
          </ns3:TrackPointExtension>
        </extensions>
      </trkpt>
      <trkpt lat="30.20861716009676456451416015625" lon="120.2635046280920505523681640625">
        <ele>6.599999904632568359375</ele>
        <time>2026-08-31T23:22:14.000Z</time>
        <extensions>
          <ns3:TrackPointExtension>
            <ns3:atemp>30.0</ns3:atemp>
            <ns3:hr>172</ns3:hr>
            <ns3:cad>86</ns3:cad>
          </ns3:TrackPointExtension>
        </extensions>
      </trkpt>
      <trkpt lat="30.20862017758190631866455078125" lon="120.26347520761191844940185546875">
        <ele>6.599999904632568359375</ele>
        <time>2026-08-31T23:22:15.000Z</time>
        <extensions>
          <ns3:TrackPointExtension>
            <ns3:atemp>30.0</ns3:atemp>
            <ns3:hr>172</ns3:hr>
            <ns3:cad>86</ns3:cad>
          </ns3:TrackPointExtension>
        </extensions>
      </trkpt>
      <trkpt lat="30.2086212672293186187744140625" lon="120.26344670914113521575927734375">
        <ele>6.599999904632568359375</ele>
        <time>2026-08-31T23:22:16.000Z</time>
        <extensions>
          <ns3:TrackPointExtension>
            <ns3:atemp>30.0</ns3:atemp>
            <ns3:hr>172</ns3:hr>
            <ns3:cad>85</ns3:cad>
          </ns3:TrackPointExtension>
        </extensions>
      </trkpt>
      <trkpt lat="30.20862252451479434967041015625" lon="120.2634191326797008514404296875">
        <ele>6.599999904632568359375</ele>
        <time>2026-08-31T23:22:17.000Z</time>
        <extensions>
          <ns3:TrackPointExtension>
            <ns3:atemp>30.0</ns3:atemp>
            <ns3:hr>172</ns3:hr>
            <ns3:cad>85</ns3:cad>
          </ns3:TrackPointExtension>
        </extensions>
      </trkpt>
      <trkpt lat="30.20862973295152187347412109375" lon="120.2633913047611713409423828125">
        <ele>6.599999904632568359375</ele>
        <time>2026-08-31T23:22:18.000Z</time>
        <extensions>
          <ns3:TrackPointExtension>
            <ns3:atemp>30.0</ns3:atemp>
            <ns3:hr>173</ns3:hr>
            <ns3:cad>85</ns3:cad>
          </ns3:TrackPointExtension>
        </extensions>
      </trkpt>
      <trkpt lat="30.20863853394985198974609375" lon="120.26336766779422760009765625">
        <ele>6.599999904632568359375</ele>
        <time>2026-08-31T23:22:19.000Z</time>
        <extensions>
          <ns3:TrackPointExtension>
            <ns3:atemp>30.0</ns3:atemp>
            <ns3:hr>172</ns3:hr>
            <ns3:cad>85</ns3:cad>
          </ns3:TrackPointExtension>
        </extensions>
      </trkpt>
      <trkpt lat="30.2086467482149600982666015625" lon="120.2633403427898883819580078125">
        <ele>6.599999904632568359375</ele>
        <time>2026-08-31T23:22:20.000Z</time>
        <extensions>
          <ns3:TrackPointExtension>
            <ns3:atemp>30.0</ns3:atemp>
            <ns3:hr>172</ns3:hr>
            <ns3:cad>85</ns3:cad>
          </ns3:TrackPointExtension>
        </extensions>
      </trkpt>
      <trkpt lat="30.20865194499492645263671875" lon="120.263313353061676025390625">
        <ele>6.599999904632568359375</ele>
        <time>2026-08-31T23:22:21.000Z</time>
        <extensions>
          <ns3:TrackPointExtension>
            <ns3:atemp>30.0</ns3:atemp>
            <ns3:hr>173</ns3:hr>
            <ns3:cad>86</ns3:cad>
          </ns3:TrackPointExtension>
        </extensions>
      </trkpt>
      <trkpt lat="30.208661668002605438232421875" lon="120.263284184038639068603515625">
        <ele>6.80000019073486328125</ele>
        <time>2026-08-31T23:22:22.000Z</time>
        <extensions>
          <ns3:TrackPointExtension>
            <ns3:atemp>30.0</ns3:atemp>
            <ns3:hr>172</ns3:hr>
            <ns3:cad>86</ns3:cad>
          </ns3:TrackPointExtension>
        </extensions>
      </trkpt>
      <trkpt lat="30.2086588181555271148681640625" lon="120.2632585354149341583251953125">
        <ele>6.80000019073486328125</ele>
        <time>2026-08-31T23:22:23.000Z</time>
        <extensions>
          <ns3:TrackPointExtension>
            <ns3:atemp>30.0</ns3:atemp>
            <ns3:hr>172</ns3:hr>
            <ns3:cad>86</ns3:cad>
          </ns3:TrackPointExtension>
        </extensions>
      </trkpt>
      <trkpt lat="30.208660997450351715087890625" lon="120.263225845992565155029296875">
        <ele>6.80000019073486328125</ele>
        <time>2026-08-31T23:22:24.000Z</time>
        <extensions>
          <ns3:TrackPointExtension>
            <ns3:atemp>30.0</ns3:atemp>
            <ns3:hr>173</ns3:hr>
            <ns3:cad>86</ns3:cad>
          </ns3:TrackPointExtension>
        </extensions>
      </trkpt>
      <trkpt lat="30.20866334438323974609375" lon="120.2631913125514984130859375">
        <ele>6.80000019073486328125</ele>
        <time>2026-08-31T23:22:25.000Z</time>
        <extensions>
          <ns3:TrackPointExtension>
            <ns3:atemp>30.0</ns3:atemp>
            <ns3:hr>172</ns3:hr>
            <ns3:cad>86</ns3:cad>
          </ns3:TrackPointExtension>
        </extensions>
      </trkpt>
      <trkpt lat="30.20866242237389087677001953125" lon="120.2631549350917339324951171875">
        <ele>6.80000019073486328125</ele>
        <time>2026-08-31T23:22:26.000Z</time>
        <extensions>
          <ns3:TrackPointExtension>
            <ns3:atemp>30.0</ns3:atemp>
            <ns3:hr>172</ns3:hr>
            <ns3:cad>87</ns3:cad>
          </ns3:TrackPointExtension>
        </extensions>
      </trkpt>
      <trkpt lat="30.2086551301181316375732421875" lon="120.263120234012603759765625">
        <ele>6.80000019073486328125</ele>
        <time>2026-08-31T23:22:27.000Z</time>
        <extensions>
          <ns3:TrackPointExtension>
            <ns3:atemp>30.0</ns3:atemp>
            <ns3:hr>173</ns3:hr>
            <ns3:cad>87</ns3:cad>
          </ns3:TrackPointExtension>
        </extensions>
      </trkpt>
      <trkpt lat="30.20865052007138729095458984375" lon="120.26308871805667877197265625">
        <ele>6.80000019073486328125</ele>
        <time>2026-08-31T23:22:28.000Z</time>
        <extensions>
          <ns3:TrackPointExtension>
            <ns3:atemp>30.0</ns3:atemp>
            <ns3:hr>172</ns3:hr>
            <ns3:cad>87</ns3:cad>
          </ns3:TrackPointExtension>
        </extensions>
      </trkpt>
      <trkpt lat="30.20864800550043582916259765625" lon="120.2630520053207874298095703125">
        <ele>6.80000019073486328125</ele>
        <time>2026-08-31T23:22:29.000Z</time>
        <extensions>
          <ns3:TrackPointExtension>
            <ns3:atemp>30.0</ns3:atemp>
            <ns3:hr>172</ns3:hr>
            <ns3:cad>87</ns3:cad>
          </ns3:TrackPointExtension>
        </extensions>
      </trkpt>
      <trkpt lat="30.2086524479091167449951171875" lon="120.2630265243351459503173828125">
        <ele>6.80000019073486328125</ele>
        <time>2026-08-31T23:22:30.000Z</time>
        <extensions>
          <ns3:TrackPointExtension>
            <ns3:atemp>30.0</ns3:atemp>
            <ns3:hr>172</ns3:hr>
            <ns3:cad>87</ns3:cad>
          </ns3:TrackPointExtension>
        </extensions>
      </trkpt>
      <trkpt lat="30.20866175182163715362548828125" lon="120.26299760676920413970947265625">
        <ele>6.80000019073486328125</ele>
        <time>2026-08-31T23:22:31.000Z</time>
        <extensions>
          <ns3:TrackPointExtension>
            <ns3:atemp>30.0</ns3:atemp>
            <ns3:hr>172</ns3:hr>
            <ns3:cad>87</ns3:cad>
          </ns3:TrackPointExtension>
        </extensions>
      </trkpt>
      <trkpt lat="30.20866678096354007720947265625" lon="120.2629665099084377288818359375">
        <ele>6.80000019073486328125</ele>
        <time>2026-08-31T23:22:32.000Z</time>
        <extensions>
          <ns3:TrackPointExtension>
            <ns3:atemp>30.0</ns3:atemp>
            <ns3:hr>172</ns3:hr>
            <ns3:cad>87</ns3:cad>
          </ns3:TrackPointExtension>
        </extensions>
      </trkpt>
      <trkpt lat="30.2086695469915866851806640625" lon="120.26293172501027584075927734375">
        <ele>6.80000019073486328125</ele>
        <time>2026-08-31T23:22:33.000Z</time>
        <extensions>
          <ns3:TrackPointExtension>
            <ns3:atemp>30.0</ns3:atemp>
            <ns3:hr>172</ns3:hr>
            <ns3:cad>87</ns3:cad>
          </ns3:TrackPointExtension>
        </extensions>
      </trkpt>
      <trkpt lat="30.2086668647825717926025390625" lon="120.26290087960660457611083984375">
        <ele>6.599999904632568359375</ele>
        <time>2026-08-31T23:22:34.000Z</time>
        <extensions>
          <ns3:TrackPointExtension>
            <ns3:atemp>30.0</ns3:atemp>
            <ns3:hr>172</ns3:hr>
            <ns3:cad>86</ns3:cad>
          </ns3:TrackPointExtension>
        </extensions>
      </trkpt>
      <trkpt lat="30.20866912789642810821533203125" lon="120.26287523098289966583251953125">
        <ele>6.599999904632568359375</ele>
        <time>2026-08-31T23:22:35.000Z</time>
        <extensions>
          <ns3:TrackPointExtension>
            <ns3:atemp>30.0</ns3:atemp>
            <ns3:hr>172</ns3:hr>
            <ns3:cad>86</ns3:cad>
          </ns3:TrackPointExtension>
        </extensions>
      </trkpt>
      <trkpt lat="30.20867407321929931640625" lon="120.26284639723598957061767578125">
        <ele>6.80000019073486328125</ele>
        <time>2026-08-31T23:22:36.000Z</time>
        <extensions>
          <ns3:TrackPointExtension>
            <ns3:atemp>30.0</ns3:atemp>
            <ns3:hr>171</ns3:hr>
            <ns3:cad>86</ns3:cad>
          </ns3:TrackPointExtension>
        </extensions>
      </trkpt>
      <trkpt lat="30.20868035964667797088623046875" lon="120.26282762177288532257080078125">
        <ele>6.80000019073486328125</ele>
        <time>2026-08-31T23:22:37.000Z</time>
        <extensions>
          <ns3:TrackPointExtension>
            <ns3:atemp>30.0</ns3:atemp>
            <ns3:hr>171</ns3:hr>
            <ns3:cad>86</ns3:cad>
          </ns3:TrackPointExtension>
        </extensions>
      </trkpt>
      <trkpt lat="30.20868136547505855560302734375" lon="120.26280264370143413543701171875">
        <ele>6.80000019073486328125</ele>
        <time>2026-08-31T23:22:38.000Z</time>
        <extensions>
          <ns3:TrackPointExtension>
            <ns3:atemp>30.0</ns3:atemp>
            <ns3:hr>171</ns3:hr>
            <ns3:cad>86</ns3:cad>
          </ns3:TrackPointExtension>
        </extensions>
      </trkpt>
      <trkpt lat="30.20867985673248767852783203125" lon="120.26278034783899784088134765625">
        <ele>6.80000019073486328125</ele>
        <time>2026-08-31T23:22:39.000Z</time>
        <extensions>
          <ns3:TrackPointExtension>
            <ns3:atemp>30.0</ns3:atemp>
            <ns3:hr>171</ns3:hr>
            <ns3:cad>86</ns3:cad>
          </ns3:TrackPointExtension>
        </extensions>
      </trkpt>
      <trkpt lat="30.208685807883739471435546875" lon="120.262755453586578369140625">
        <ele>6.80000019073486328125</ele>
        <time>2026-08-31T23:22:40.000Z</time>
        <extensions>
          <ns3:TrackPointExtension>
            <ns3:atemp>30.0</ns3:atemp>
            <ns3:hr>170</ns3:hr>
            <ns3:cad>86</ns3:cad>
          </ns3:TrackPointExtension>
        </extensions>
      </trkpt>
      <trkpt lat="30.208689831197261810302734375" lon="120.2627313137054443359375">
        <ele>6.80000019073486328125</ele>
        <time>2026-08-31T23:22:41.000Z</time>
        <extensions>
          <ns3:TrackPointExtension>
            <ns3:atemp>30.0</ns3:atemp>
            <ns3:hr>170</ns3:hr>
            <ns3:cad>86</ns3:cad>
          </ns3:TrackPointExtension>
        </extensions>
      </trkpt>
      <trkpt lat="30.208696536719799041748046875" lon="120.26270491071045398712158203125">
        <ele>6.80000019073486328125</ele>
        <time>2026-08-31T23:22:42.000Z</time>
        <extensions>
          <ns3:TrackPointExtension>
            <ns3:atemp>30.0</ns3:atemp>
            <ns3:hr>171</ns3:hr>
            <ns3:cad>86</ns3:cad>
          </ns3:TrackPointExtension>
        </extensions>
      </trkpt>
      <trkpt lat="30.20870349369943141937255859375" lon="120.26267423294484615325927734375">
        <ele>7</ele>
        <time>2026-08-31T23:22:43.000Z</time>
        <extensions>
          <ns3:TrackPointExtension>
            <ns3:atemp>30.0</ns3:atemp>
            <ns3:hr>171</ns3:hr>
            <ns3:cad>86</ns3:cad>
          </ns3:TrackPointExtension>
        </extensions>
      </trkpt>
      <trkpt lat="30.208707265555858612060546875" lon="120.2626476623117923736572265625">
        <ele>7</ele>
        <time>2026-08-31T23:22:44.000Z</time>
        <extensions>
          <ns3:TrackPointExtension>
            <ns3:atemp>30.0</ns3:atemp>
            <ns3:hr>171</ns3:hr>
            <ns3:cad>86</ns3:cad>
          </ns3:TrackPointExtension>
        </extensions>
      </trkpt>
      <trkpt lat="30.20870156586170196533203125" lon="120.262608267366886138916015625">
        <ele>7</ele>
        <time>2026-08-31T23:22:45.000Z</time>
        <extensions>
          <ns3:TrackPointExtension>
            <ns3:atemp>30.0</ns3:atemp>
            <ns3:hr>171</ns3:hr>
            <ns3:cad>86</ns3:cad>
          </ns3:TrackPointExtension>
        </extensions>
      </trkpt>
      <trkpt lat="30.20869980566203594207763671875" lon="120.26257230900228023529052734375">
        <ele>7</ele>
        <time>2026-08-31T23:22:46.000Z</time>
        <extensions>
          <ns3:TrackPointExtension>
            <ns3:atemp>30.0</ns3:atemp>
            <ns3:hr>171</ns3:hr>
            <ns3:cad>86</ns3:cad>
          </ns3:TrackPointExtension>
        </extensions>
      </trkpt>
      <trkpt lat="30.2087044157087802886962890625" lon="120.2625326626002788543701171875">
        <ele>7</ele>
        <time>2026-08-31T23:22:47.000Z</time>
        <extensions>
          <ns3:TrackPointExtension>
            <ns3:atemp>30.0</ns3:atemp>
            <ns3:hr>171</ns3:hr>
            <ns3:cad>86</ns3:cad>
          </ns3:TrackPointExtension>
        </extensions>
      </trkpt>
      <trkpt lat="30.20871841348707675933837890625" lon="120.26250374503433704376220703125">
        <ele>7</ele>
        <time>2026-08-31T23:22:48.000Z</time>
        <extensions>
          <ns3:TrackPointExtension>
            <ns3:atemp>30.0</ns3:atemp>
            <ns3:hr>171</ns3:hr>
            <ns3:cad>86</ns3:cad>
          </ns3:TrackPointExtension>
        </extensions>
      </trkpt>
      <trkpt lat="30.20872713066637516021728515625" lon="120.26247289963066577911376953125">
        <ele>6.80000019073486328125</ele>
        <time>2026-08-31T23:22:49.000Z</time>
        <extensions>
          <ns3:TrackPointExtension>
            <ns3:atemp>30.0</ns3:atemp>
            <ns3:hr>171</ns3:hr>
            <ns3:cad>86</ns3:cad>
          </ns3:TrackPointExtension>
        </extensions>
      </trkpt>
      <trkpt lat="30.20873366855084896087646484375" lon="120.26244121603667736053466796875">
        <ele>6.80000019073486328125</ele>
        <time>2026-08-31T23:22:50.000Z</time>
        <extensions>
          <ns3:TrackPointExtension>
            <ns3:atemp>30.0</ns3:atemp>
            <ns3:hr>171</ns3:hr>
            <ns3:cad>86</ns3:cad>
          </ns3:TrackPointExtension>
        </extensions>
      </trkpt>
      <trkpt lat="30.20873467437922954559326171875" lon="120.26241707615554332733154296875">
        <ele>6.80000019073486328125</ele>
        <time>2026-08-31T23:22:51.000Z</time>
        <extensions>
          <ns3:TrackPointExtension>
            <ns3:atemp>30.0</ns3:atemp>
            <ns3:hr>171</ns3:hr>
            <ns3:cad>85</ns3:cad>
          </ns3:TrackPointExtension>
        </extensions>
      </trkpt>
      <trkpt lat="30.2087382785975933074951171875" lon="120.262387655675411224365234375">
        <ele>6.80000019073486328125</ele>
        <time>2026-08-31T23:22:52.000Z</time>
        <extensions>
          <ns3:TrackPointExtension>
            <ns3:atemp>30.0</ns3:atemp>
            <ns3:hr>171</ns3:hr>
            <ns3:cad>85</ns3:cad>
          </ns3:TrackPointExtension>
        </extensions>
      </trkpt>
      <trkpt lat="30.20874045789241790771484375" lon="120.2623660303652286529541015625">
        <ele>6.80000019073486328125</ele>
        <time>2026-08-31T23:22:53.000Z</time>
        <extensions>
          <ns3:TrackPointExtension>
            <ns3:atemp>30.0</ns3:atemp>
            <ns3:hr>171</ns3:hr>
            <ns3:cad>85</ns3:cad>
          </ns3:TrackPointExtension>
        </extensions>
      </trkpt>
      <trkpt lat="30.2087443135678768157958984375" lon="120.26234147138893604278564453125">
        <ele>6.80000019073486328125</ele>
        <time>2026-08-31T23:22:54.000Z</time>
        <extensions>
          <ns3:TrackPointExtension>
            <ns3:atemp>30.0</ns3:atemp>
            <ns3:hr>171</ns3:hr>
            <ns3:cad>85</ns3:cad>
          </ns3:TrackPointExtension>
        </extensions>
      </trkpt>
      <trkpt lat="30.2087506838142871856689453125" lon="120.2623110450804233551025390625">
        <ele>6.80000019073486328125</ele>
        <time>2026-08-31T23:22:55.000Z</time>
        <extensions>
          <ns3:TrackPointExtension>
            <ns3:atemp>30.0</ns3:atemp>
            <ns3:hr>171</ns3:hr>
            <ns3:cad>85</ns3:cad>
          </ns3:TrackPointExtension>
        </extensions>
      </trkpt>
      <trkpt lat="30.208746828138828277587890625" lon="120.262289755046367645263671875">
        <ele>7</ele>
        <time>2026-08-31T23:22:56.000Z</time>
        <extensions>
          <ns3:TrackPointExtension>
            <ns3:atemp>30.0</ns3:atemp>
            <ns3:hr>171</ns3:hr>
            <ns3:cad>84</ns3:cad>
          </ns3:TrackPointExtension>
        </extensions>
      </trkpt>
      <trkpt lat="30.20875428803265094757080078125" lon="120.26225111447274684906005859375">
        <ele>6.80000019073486328125</ele>
        <time>2026-08-31T23:22:57.000Z</time>
        <extensions>
          <ns3:TrackPointExtension>
            <ns3:atemp>30.0</ns3:atemp>
            <ns3:hr>171</ns3:hr>
            <ns3:cad>84</ns3:cad>
          </ns3:TrackPointExtension>
        </extensions>
      </trkpt>
      <trkpt lat="30.2087553776800632476806640625" lon="120.26222378946840763092041015625">
        <ele>6.80000019073486328125</ele>
        <time>2026-08-31T23:22:58.000Z</time>
        <extensions>
          <ns3:TrackPointExtension>
            <ns3:atemp>30.0</ns3:atemp>
            <ns3:hr>171</ns3:hr>
            <ns3:cad>84</ns3:cad>
          </ns3:TrackPointExtension>
        </extensions>
      </trkpt>
      <trkpt lat="30.2087583951652050018310546875" lon="120.26219244115054607391357421875">
        <ele>6.80000019073486328125</ele>
        <time>2026-08-31T23:22:59.000Z</time>
        <extensions>
          <ns3:TrackPointExtension>
            <ns3:atemp>30.0</ns3:atemp>
            <ns3:hr>172</ns3:hr>
            <ns3:cad>84</ns3:cad>
          </ns3:TrackPointExtension>
        </extensions>
      </trkpt>
      <trkpt lat="30.20876250229775905609130859375" lon="120.2621682174503803253173828125">
        <ele>6.80000019073486328125</ele>
        <time>2026-08-31T23:23:00.000Z</time>
        <extensions>
          <ns3:TrackPointExtension>
            <ns3:atemp>30.0</ns3:atemp>
            <ns3:hr>171</ns3:hr>
            <ns3:cad>85</ns3:cad>
          </ns3:TrackPointExtension>
        </extensions>
      </trkpt>
      <trkpt lat="30.20876434631645679473876953125" lon="120.2621373720467090606689453125">
        <ele>6.80000019073486328125</ele>
        <time>2026-08-31T23:23:01.000Z</time>
        <extensions>
          <ns3:TrackPointExtension>
            <ns3:atemp>30.0</ns3:atemp>
            <ns3:hr>171</ns3:hr>
            <ns3:cad>85</ns3:cad>
          </ns3:TrackPointExtension>
        </extensions>
      </trkpt>
      <trkpt lat="30.20876971073448657989501953125" lon="120.26210459880530834197998046875">
        <ele>6.80000019073486328125</ele>
        <time>2026-08-31T23:23:02.000Z</time>
        <extensions>
          <ns3:TrackPointExtension>
            <ns3:atemp>30.0</ns3:atemp>
            <ns3:hr>171</ns3:hr>
            <ns3:cad>86</ns3:cad>
          </ns3:TrackPointExtension>
        </extensions>
      </trkpt>
      <trkpt lat="30.20876887254416942596435546875" lon="120.262075178325176239013671875">
        <ele>6.80000019073486328125</ele>
        <time>2026-08-31T23:23:03.000Z</time>
        <extensions>
          <ns3:TrackPointExtension>
            <ns3:atemp>30.0</ns3:atemp>
            <ns3:hr>172</ns3:hr>
            <ns3:cad>86</ns3:cad>
          </ns3:TrackPointExtension>
        </extensions>
      </trkpt>
      <trkpt lat="30.2087620832026004791259765625" lon="120.26204173453152179718017578125">
        <ele>6.80000019073486328125</ele>
        <time>2026-08-31T23:23:04.000Z</time>
        <extensions>
          <ns3:TrackPointExtension>
            <ns3:atemp>30.0</ns3:atemp>
            <ns3:hr>171</ns3:hr>
            <ns3:cad>86</ns3:cad>
          </ns3:TrackPointExtension>
        </extensions>
      </trkpt>
      <trkpt lat="30.2087563835084438323974609375" lon="120.2620149962604045867919921875">
        <ele>6.80000019073486328125</ele>
        <time>2026-08-31T23:23:05.000Z</time>
        <extensions>
          <ns3:TrackPointExtension>
            <ns3:atemp>30.0</ns3:atemp>
            <ns3:hr>171</ns3:hr>
            <ns3:cad>86</ns3:cad>
          </ns3:TrackPointExtension>
        </extensions>
      </trkpt>
      <trkpt lat="30.20875521004199981689453125" lon="120.26197954080998897552490234375">
        <ele>6.80000019073486328125</ele>
        <time>2026-08-31T23:23:06.000Z</time>
        <extensions>
          <ns3:TrackPointExtension>
            <ns3:atemp>30.0</ns3:atemp>
            <ns3:hr>172</ns3:hr>
            <ns3:cad>86</ns3:cad>
          </ns3:TrackPointExtension>
        </extensions>
      </trkpt>
      <trkpt lat="30.20875395275652408599853515625" lon="120.26195414364337921142578125">
        <ele>6.599999904632568359375</ele>
        <time>2026-08-31T23:23:07.000Z</time>
        <extensions>
          <ns3:TrackPointExtension>
            <ns3:atemp>30.0</ns3:atemp>
            <ns3:hr>171</ns3:hr>
            <ns3:cad>86</ns3:cad>
          </ns3:TrackPointExtension>
        </extensions>
      </trkpt>
      <trkpt lat="30.20875596441328525543212890625" lon="120.2619199454784393310546875">
        <ele>6.599999904632568359375</ele>
        <time>2026-08-31T23:23:08.000Z</time>
        <extensions>
          <ns3:TrackPointExtension>
            <ns3:atemp>30.0</ns3:atemp>
            <ns3:hr>171</ns3:hr>
            <ns3:cad>86</ns3:cad>
          </ns3:TrackPointExtension>
        </extensions>
      </trkpt>
      <trkpt lat="30.2087533660233020782470703125" lon="120.2618919499218463897705078125">
        <ele>6.599999904632568359375</ele>
        <time>2026-08-31T23:23:09.000Z</time>
        <extensions>
          <ns3:TrackPointExtension>
            <ns3:atemp>30.0</ns3:atemp>
            <ns3:hr>172</ns3:hr>
            <ns3:cad>86</ns3:cad>
          </ns3:TrackPointExtension>
        </extensions>
      </trkpt>
      <trkpt lat="30.20875428803265094757080078125" lon="120.2618584223091602325439453125">
        <ele>6.599999904632568359375</ele>
        <time>2026-08-31T23:23:10.000Z</time>
        <extensions>
          <ns3:TrackPointExtension>
            <ns3:atemp>30.0</ns3:atemp>
            <ns3:hr>172</ns3:hr>
            <ns3:cad>87</ns3:cad>
          </ns3:TrackPointExtension>
        </extensions>
      </trkpt>
      <trkpt lat="30.20875613205134868621826171875" lon="120.26183067820966243743896484375">
        <ele>6.599999904632568359375</ele>
        <time>2026-08-31T23:23:11.000Z</time>
        <extensions>
          <ns3:TrackPointExtension>
            <ns3:atemp>30.0</ns3:atemp>
            <ns3:hr>172</ns3:hr>
            <ns3:cad>87</ns3:cad>
          </ns3:TrackPointExtension>
        </extensions>
      </trkpt>
      <trkpt lat="30.20875747315585613250732421875" lon="120.26180150918662548065185546875">
        <ele>6.599999904632568359375</ele>
        <time>2026-08-31T23:23:12.000Z</time>
        <extensions>
          <ns3:TrackPointExtension>
            <ns3:atemp>30.0</ns3:atemp>
            <ns3:hr>172</ns3:hr>
            <ns3:cad>87</ns3:cad>
          </ns3:TrackPointExtension>
        </extensions>
      </trkpt>
      <trkpt lat="30.208757556974887847900390625" lon="120.26177150197327136993408203125">
        <ele>6.599999904632568359375</ele>
        <time>2026-08-31T23:23:13.000Z</time>
        <extensions>
          <ns3:TrackPointExtension>
            <ns3:atemp>30.0</ns3:atemp>
            <ns3:hr>172</ns3:hr>
            <ns3:cad>87</ns3:cad>
          </ns3:TrackPointExtension>
        </extensions>
      </trkpt>
      <trkpt lat="30.2087567187845706939697265625" lon="120.26174568571150302886962890625">
        <ele>6.599999904632568359375</ele>
        <time>2026-08-31T23:23:14.000Z</time>
        <extensions>
          <ns3:TrackPointExtension>
            <ns3:atemp>30.0</ns3:atemp>
            <ns3:hr>171</ns3:hr>
            <ns3:cad>87</ns3:cad>
          </ns3:TrackPointExtension>
        </extensions>
      </trkpt>
      <trkpt lat="30.20875814370810985565185546875" lon="120.26171316392719745635986328125">
        <ele>6.599999904632568359375</ele>
        <time>2026-08-31T23:23:15.000Z</time>
        <extensions>
          <ns3:TrackPointExtension>
            <ns3:atemp>30.0</ns3:atemp>
            <ns3:hr>172</ns3:hr>
            <ns3:cad>87</ns3:cad>
          </ns3:TrackPointExtension>
        </extensions>
      </trkpt>
      <trkpt lat="30.20875680260360240936279296875" lon="120.261685587465763092041015625">
        <ele>6.599999904632568359375</ele>
        <time>2026-08-31T23:23:16.000Z</time>
        <extensions>
          <ns3:TrackPointExtension>
            <ns3:atemp>30.0</ns3:atemp>
            <ns3:hr>172</ns3:hr>
            <ns3:cad>87</ns3:cad>
          </ns3:TrackPointExtension>
        </extensions>
      </trkpt>
      <trkpt lat="30.20876015536487102508544921875" lon="120.261650383472442626953125">
        <ele>6.599999904632568359375</ele>
        <time>2026-08-31T23:23:17.000Z</time>
        <extensions>
          <ns3:TrackPointExtension>
            <ns3:atemp>30.0</ns3:atemp>
            <ns3:hr>172</ns3:hr>
            <ns3:cad>87</ns3:cad>
          </ns3:TrackPointExtension>
        </extensions>
      </trkpt>
      <trkpt lat="30.20875864662230014801025390625" lon="120.26162666268646717071533203125">
        <ele>6.599999904632568359375</ele>
        <time>2026-08-31T23:23:18.000Z</time>
        <extensions>
          <ns3:TrackPointExtension>
            <ns3:atemp>30.0</ns3:atemp>
            <ns3:hr>171</ns3:hr>
            <ns3:cad>87</ns3:cad>
          </ns3:TrackPointExtension>
        </extensions>
      </trkpt>
      <trkpt lat="30.20875948481261730194091796875" lon="120.26159263215959072113037109375">
        <ele>6.599999904632568359375</ele>
        <time>2026-08-31T23:23:19.000Z</time>
        <extensions>
          <ns3:TrackPointExtension>
            <ns3:atemp>30.0</ns3:atemp>
            <ns3:hr>172</ns3:hr>
            <ns3:cad>87</ns3:cad>
          </ns3:TrackPointExtension>
        </extensions>
      </trkpt>
      <trkpt lat="30.2087567187845706939697265625" lon="120.261563546955585479736328125">
        <ele>6.599999904632568359375</ele>
        <time>2026-08-31T23:23:20.000Z</time>
        <extensions>
          <ns3:TrackPointExtension>
            <ns3:atemp>30.0</ns3:atemp>
            <ns3:hr>172</ns3:hr>
            <ns3:cad>87</ns3:cad>
          </ns3:TrackPointExtension>
        </extensions>
      </trkpt>
      <trkpt lat="30.2087583951652050018310546875" lon="120.261532030999660491943359375">
        <ele>6.599999904632568359375</ele>
        <time>2026-08-31T23:23:21.000Z</time>
        <extensions>
          <ns3:TrackPointExtension>
            <ns3:atemp>30.0</ns3:atemp>
            <ns3:hr>171</ns3:hr>
            <ns3:cad>87</ns3:cad>
          </ns3:TrackPointExtension>
        </extensions>
      </trkpt>
      <trkpt lat="30.208758227527141571044921875" lon="120.26150378398597240447998046875">
        <ele>6.599999904632568359375</ele>
        <time>2026-08-31T23:23:22.000Z</time>
        <extensions>
          <ns3:TrackPointExtension>
            <ns3:atemp>30.0</ns3:atemp>
            <ns3:hr>171</ns3:hr>
            <ns3:cad>87</ns3:cad>
          </ns3:TrackPointExtension>
        </extensions>
      </trkpt>
      <trkpt lat="30.20875764079391956329345703125" lon="120.261474363505840301513671875">
        <ele>6.599999904632568359375</ele>
        <time>2026-08-31T23:23:23.000Z</time>
        <extensions>
          <ns3:TrackPointExtension>
            <ns3:atemp>30.0</ns3:atemp>
            <ns3:hr>170</ns3:hr>
            <ns3:cad>87</ns3:cad>
          </ns3:TrackPointExtension>
        </extensions>
      </trkpt>
      <trkpt lat="30.20875764079391956329345703125" lon="120.26144410483539104461669921875">
        <ele>6.599999904632568359375</ele>
        <time>2026-08-31T23:23:24.000Z</time>
        <extensions>
          <ns3:TrackPointExtension>
            <ns3:atemp>30.0</ns3:atemp>
            <ns3:hr>170</ns3:hr>
            <ns3:cad>87</ns3:cad>
          </ns3:TrackPointExtension>
        </extensions>
      </trkpt>
      <trkpt lat="30.20875495858490467071533203125" lon="120.2614210546016693115234375">
        <ele>6.599999904632568359375</ele>
        <time>2026-08-31T23:23:25.000Z</time>
        <extensions>
          <ns3:TrackPointExtension>
            <ns3:atemp>30.0</ns3:atemp>
            <ns3:hr>169</ns3:hr>
            <ns3:cad>87</ns3:cad>
          </ns3:TrackPointExtension>
        </extensions>
      </trkpt>
      <trkpt lat="30.2087563835084438323974609375" lon="120.26139146648347377777099609375">
        <ele>6.599999904632568359375</ele>
        <time>2026-08-31T23:23:26.000Z</time>
        <extensions>
          <ns3:TrackPointExtension>
            <ns3:atemp>30.0</ns3:atemp>
            <ns3:hr>169</ns3:hr>
            <ns3:cad>87</ns3:cad>
          </ns3:TrackPointExtension>
        </extensions>
      </trkpt>
      <trkpt lat="30.208752863109111785888671875" lon="120.261361710727214813232421875">
        <ele>6.599999904632568359375</ele>
        <time>2026-08-31T23:23:27.000Z</time>
        <extensions>
          <ns3:TrackPointExtension>
            <ns3:atemp>30.0</ns3:atemp>
            <ns3:hr>169</ns3:hr>
            <ns3:cad>87</ns3:cad>
          </ns3:TrackPointExtension>
        </extensions>
      </trkpt>
      <trkpt lat="30.20875412039458751678466796875" lon="120.261329524219036102294921875">
        <ele>6.599999904632568359375</ele>
        <time>2026-08-31T23:23:28.000Z</time>
        <extensions>
          <ns3:TrackPointExtension>
            <ns3:atemp>30.0</ns3:atemp>
            <ns3:hr>169</ns3:hr>
            <ns3:cad>87</ns3:cad>
          </ns3:TrackPointExtension>
        </extensions>
      </trkpt>
      <trkpt lat="30.2087547071278095245361328125" lon="120.2612998522818088531494140625">
        <ele>6.599999904632568359375</ele>
        <time>2026-08-31T23:23:29.000Z</time>
        <extensions>
          <ns3:TrackPointExtension>
            <ns3:atemp>30.0</ns3:atemp>
            <ns3:hr>169</ns3:hr>
            <ns3:cad>87</ns3:cad>
          </ns3:TrackPointExtension>
        </extensions>
      </trkpt>
      <trkpt lat="30.20875043235719203948974609375" lon="120.2612681686878204345703125">
        <ele>6.599999904632568359375</ele>
        <time>2026-08-31T23:23:30.000Z</time>
        <extensions>
          <ns3:TrackPointExtension>
            <ns3:atemp>30.0</ns3:atemp>
            <ns3:hr>169</ns3:hr>
            <ns3:cad>87</ns3:cad>
          </ns3:TrackPointExtension>
        </extensions>
      </trkpt>
      <trkpt lat="30.2087506838142871856689453125" lon="120.2612327970564365386962890625">
        <ele>6.599999904632568359375</ele>
        <time>2026-08-31T23:23:31.000Z</time>
        <extensions>
          <ns3:TrackPointExtension>
            <ns3:atemp>30.0</ns3:atemp>
            <ns3:hr>170</ns3:hr>
            <ns3:cad>86</ns3:cad>
          </ns3:TrackPointExtension>
        </extensions>
      </trkpt>
      <trkpt lat="30.20874892361462116241455078125" lon="120.26120555587112903594970703125">
        <ele>6.599999904632568359375</ele>
        <time>2026-08-31T23:23:32.000Z</time>
        <extensions>
          <ns3:TrackPointExtension>
            <ns3:atemp>30.0</ns3:atemp>
            <ns3:hr>169</ns3:hr>
            <ns3:cad>85</ns3:cad>
          </ns3:TrackPointExtension>
        </extensions>
      </trkpt>
      <trkpt lat="30.20874942652881145477294921875" lon="120.26116917841136455535888671875">
        <ele>6.599999904632568359375</ele>
        <time>2026-08-31T23:23:33.000Z</time>
        <extensions>
          <ns3:TrackPointExtension>
            <ns3:atemp>30.0</ns3:atemp>
            <ns3:hr>169</ns3:hr>
            <ns3:cad>86</ns3:cad>
          </ns3:TrackPointExtension>
        </extensions>
      </trkpt>
      <trkpt lat="30.20874775014817714691162109375" lon="120.261141099035739898681640625">
        <ele>6.599999904632568359375</ele>
        <time>2026-08-31T23:23:34.000Z</time>
        <extensions>
          <ns3:TrackPointExtension>
            <ns3:atemp>30.0</ns3:atemp>
            <ns3:hr>170</ns3:hr>
            <ns3:cad>86</ns3:cad>
          </ns3:TrackPointExtension>
        </extensions>
      </trkpt>
      <trkpt lat="30.2087493427097797393798828125" lon="120.261099524796009063720703125">
        <ele>6.599999904632568359375</ele>
        <time>2026-08-31T23:23:35.000Z</time>
        <extensions>
          <ns3:TrackPointExtension>
            <ns3:atemp>30.0</ns3:atemp>
            <ns3:hr>169</ns3:hr>
            <ns3:cad>86</ns3:cad>
          </ns3:TrackPointExtension>
        </extensions>
      </trkpt>
      <trkpt lat="30.20875378511846065521240234375" lon="120.2610665000975131988525390625">
        <ele>6.80000019073486328125</ele>
        <time>2026-08-31T23:23:36.000Z</time>
        <extensions>
          <ns3:TrackPointExtension>
            <ns3:atemp>30.0</ns3:atemp>
            <ns3:hr>169</ns3:hr>
            <ns3:cad>86</ns3:cad>
          </ns3:TrackPointExtension>
        </extensions>
      </trkpt>
      <trkpt lat="30.20875529386103153228759765625" lon="120.26102744042873382568359375">
        <ele>6.80000019073486328125</ele>
        <time>2026-08-31T23:23:37.000Z</time>
        <extensions>
          <ns3:TrackPointExtension>
            <ns3:atemp>30.0</ns3:atemp>
            <ns3:hr>169</ns3:hr>
            <ns3:cad>86</ns3:cad>
          </ns3:TrackPointExtension>
        </extensions>
      </trkpt>
      <trkpt lat="30.20875562913715839385986328125" lon="120.2609947510063648223876953125">
        <ele>6.80000019073486328125</ele>
        <time>2026-08-31T23:23:38.000Z</time>
        <extensions>
          <ns3:TrackPointExtension>
            <ns3:atemp>30.0</ns3:atemp>
            <ns3:hr>170</ns3:hr>
            <ns3:cad>86</ns3:cad>
          </ns3:TrackPointExtension>
        </extensions>
      </trkpt>
      <trkpt lat="30.20875110290944576263427734375" lon="120.26096298359334468841552734375">
        <ele>6.80000019073486328125</ele>
        <time>2026-08-31T23:23:39.000Z</time>
        <extensions>
          <ns3:TrackPointExtension>
            <ns3:atemp>30.0</ns3:atemp>
            <ns3:hr>169</ns3:hr>
            <ns3:cad>86</ns3:cad>
          </ns3:TrackPointExtension>
        </extensions>
      </trkpt>
      <trkpt lat="30.2087526954710483551025390625" lon="120.2609333954751491546630859375">
        <ele>6.80000019073486328125</ele>
        <time>2026-08-31T23:23:40.000Z</time>
        <extensions>
          <ns3:TrackPointExtension>
            <ns3:atemp>30.0</ns3:atemp>
            <ns3:hr>169</ns3:hr>
            <ns3:cad>87</ns3:cad>
          </ns3:TrackPointExtension>
        </extensions>
      </trkpt>
      <trkpt lat="30.20875210873782634735107421875" lon="120.2609060704708099365234375">
        <ele>6.80000019073486328125</ele>
        <time>2026-08-31T23:23:41.000Z</time>
        <extensions>
          <ns3:TrackPointExtension>
            <ns3:atemp>30.0</ns3:atemp>
            <ns3:hr>169</ns3:hr>
            <ns3:cad>87</ns3:cad>
          </ns3:TrackPointExtension>
        </extensions>
      </trkpt>
      <trkpt lat="30.2087560482323169708251953125" lon="120.26087597943842411041259765625">
        <ele>6.80000019073486328125</ele>
        <time>2026-08-31T23:23:42.000Z</time>
        <extensions>
          <ns3:TrackPointExtension>
            <ns3:atemp>30.0</ns3:atemp>
            <ns3:hr>170</ns3:hr>
            <ns3:cad>87</ns3:cad>
          </ns3:TrackPointExtension>
        </extensions>
      </trkpt>
      <trkpt lat="30.20875562913715839385986328125" lon="120.260852091014385223388671875">
        <ele>6.80000019073486328125</ele>
        <time>2026-08-31T23:23:43.000Z</time>
        <extensions>
          <ns3:TrackPointExtension>
            <ns3:atemp>30.0</ns3:atemp>
            <ns3:hr>170</ns3:hr>
            <ns3:cad>87</ns3:cad>
          </ns3:TrackPointExtension>
        </extensions>
      </trkpt>
      <trkpt lat="30.2087585628032684326171875" lon="120.26082367636263370513916015625">
        <ele>6.80000019073486328125</ele>
        <time>2026-08-31T23:23:44.000Z</time>
        <extensions>
          <ns3:TrackPointExtension>
            <ns3:atemp>30.0</ns3:atemp>
            <ns3:hr>170</ns3:hr>
            <ns3:cad>87</ns3:cad>
          </ns3:TrackPointExtension>
        </extensions>
      </trkpt>
      <trkpt lat="30.20875814370810985565185546875" lon="120.26079869829118251800537109375">
        <ele>6.80000019073486328125</ele>
        <time>2026-08-31T23:23:45.000Z</time>
        <extensions>
          <ns3:TrackPointExtension>
            <ns3:atemp>30.0</ns3:atemp>
            <ns3:hr>171</ns3:hr>
            <ns3:cad>87</ns3:cad>
          </ns3:TrackPointExtension>
        </extensions>
      </trkpt>
      <trkpt lat="30.20876057446002960205078125" lon="120.26076349429786205291748046875">
        <ele>6.80000019073486328125</ele>
        <time>2026-08-31T23:23:46.000Z</time>
        <extensions>
          <ns3:TrackPointExtension>
            <ns3:atemp>30.0</ns3:atemp>
            <ns3:hr>171</ns3:hr>
            <ns3:cad>87</ns3:cad>
          </ns3:TrackPointExtension>
        </extensions>
      </trkpt>
      <trkpt lat="30.2087540365755558013916015625" lon="120.26073382236063480377197265625">
        <ele>6.80000019073486328125</ele>
        <time>2026-08-31T23:23:47.000Z</time>
        <extensions>
          <ns3:TrackPointExtension>
            <ns3:atemp>30.0</ns3:atemp>
            <ns3:hr>171</ns3:hr>
            <ns3:cad>88</ns3:cad>
          </ns3:TrackPointExtension>
        </extensions>
      </trkpt>
      <trkpt lat="30.208753533661365509033203125" lon="120.260701216757297515869140625">
        <ele>6.80000019073486328125</ele>
        <time>2026-08-31T23:23:48.000Z</time>
        <extensions>
          <ns3:TrackPointExtension>
            <ns3:atemp>30.0</ns3:atemp>
            <ns3:hr>171</ns3:hr>
            <ns3:cad>88</ns3:cad>
          </ns3:TrackPointExtension>
        </extensions>
      </trkpt>
      <trkpt lat="30.20875412039458751678466796875" lon="120.26066936552524566650390625">
        <ele>6.80000019073486328125</ele>
        <time>2026-08-31T23:23:49.000Z</time>
        <extensions>
          <ns3:TrackPointExtension>
            <ns3:atemp>30.0</ns3:atemp>
            <ns3:hr>171</ns3:hr>
            <ns3:cad>88</ns3:cad>
          </ns3:TrackPointExtension>
        </extensions>
      </trkpt>
      <trkpt lat="30.20875160582363605499267578125" lon="120.260641872882843017578125">
        <ele>6.80000019073486328125</ele>
        <time>2026-08-31T23:23:50.000Z</time>
        <extensions>
          <ns3:TrackPointExtension>
            <ns3:atemp>30.0</ns3:atemp>
            <ns3:hr>171</ns3:hr>
            <ns3:cad>88</ns3:cad>
          </ns3:TrackPointExtension>
        </extensions>
      </trkpt>
      <trkpt lat="30.20875244401395320892333984375" lon="120.26061303913593292236328125">
        <ele>6.80000019073486328125</ele>
        <time>2026-08-31T23:23:51.000Z</time>
        <extensions>
          <ns3:TrackPointExtension>
            <ns3:atemp>30.0</ns3:atemp>
            <ns3:hr>171</ns3:hr>
            <ns3:cad>87</ns3:cad>
          </ns3:TrackPointExtension>
        </extensions>
      </trkpt>
      <trkpt lat="30.208752863109111785888671875" lon="120.2605850435793399810791015625">
        <ele>6.80000019073486328125</ele>
        <time>2026-08-31T23:23:52.000Z</time>
        <extensions>
          <ns3:TrackPointExtension>
            <ns3:atemp>30.0</ns3:atemp>
            <ns3:hr>172</ns3:hr>
            <ns3:cad>87</ns3:cad>
          </ns3:TrackPointExtension>
        </extensions>
      </trkpt>
      <trkpt lat="30.20875428803265094757080078125" lon="120.26055361144244670867919921875">
        <ele>6.80000019073486328125</ele>
        <time>2026-08-31T23:23:53.000Z</time>
        <extensions>
          <ns3:TrackPointExtension>
            <ns3:atemp>30.0</ns3:atemp>
            <ns3:hr>171</ns3:hr>
            <ns3:cad>87</ns3:cad>
          </ns3:TrackPointExtension>
        </extensions>
      </trkpt>
      <trkpt lat="30.20875680260360240936279296875" lon="120.26052880100905895233154296875">
        <ele>6.80000019073486328125</ele>
        <time>2026-08-31T23:23:54.000Z</time>
        <extensions>
          <ns3:TrackPointExtension>
            <ns3:atemp>30.0</ns3:atemp>
            <ns3:hr>171</ns3:hr>
            <ns3:cad>87</ns3:cad>
          </ns3:TrackPointExtension>
        </extensions>
      </trkpt>
      <trkpt lat="30.20876350812613964080810546875" lon="120.26049862615764141082763671875">
        <ele>6.80000019073486328125</ele>
        <time>2026-08-31T23:23:55.000Z</time>
        <extensions>
          <ns3:TrackPointExtension>
            <ns3:atemp>30.0</ns3:atemp>
            <ns3:hr>171</ns3:hr>
            <ns3:cad>87</ns3:cad>
          </ns3:TrackPointExtension>
        </extensions>
      </trkpt>
      <trkpt lat="30.20876568742096424102783203125" lon="120.26047063060104846954345703125">
        <ele>6.80000019073486328125</ele>
        <time>2026-08-31T23:23:56.000Z</time>
        <extensions>
          <ns3:TrackPointExtension>
            <ns3:atemp>30.0</ns3:atemp>
            <ns3:hr>171</ns3:hr>
            <ns3:cad>87</ns3:cad>
          </ns3:TrackPointExtension>
        </extensions>
      </trkpt>
      <trkpt lat="30.20876652561128139495849609375" lon="120.26044129393994808197021484375">
        <ele>6.80000019073486328125</ele>
        <time>2026-08-31T23:23:57.000Z</time>
        <extensions>
          <ns3:TrackPointExtension>
            <ns3:atemp>30.0</ns3:atemp>
            <ns3:hr>171</ns3:hr>
            <ns3:cad>87</ns3:cad>
          </ns3:TrackPointExtension>
        </extensions>
      </trkpt>
      <trkpt lat="30.2087637595832347869873046875" lon="120.2604086883366107940673828125">
        <ele>7</ele>
        <time>2026-08-31T23:23:58.000Z</time>
        <extensions>
          <ns3:TrackPointExtension>
            <ns3:atemp>30.0</ns3:atemp>
            <ns3:hr>171</ns3:hr>
            <ns3:cad>87</ns3:cad>
          </ns3:TrackPointExtension>
        </extensions>
      </trkpt>
      <trkpt lat="30.20875252783298492431640625" lon="120.2603872306644916534423828125">
        <ele>7</ele>
        <time>2026-08-31T23:23:59.000Z</time>
        <extensions>
          <ns3:TrackPointExtension>
            <ns3:atemp>30.0</ns3:atemp>
            <ns3:hr>170</ns3:hr>
            <ns3:cad>87</ns3:cad>
          </ns3:TrackPointExtension>
        </extensions>
      </trkpt>
      <trkpt lat="30.20873065106570720672607421875" lon="120.26037256233394145965576171875">
        <ele>7</ele>
        <time>2026-08-31T23:24:00.000Z</time>
        <extensions>
          <ns3:TrackPointExtension>
            <ns3:atemp>30.0</ns3:atemp>
            <ns3:hr>171</ns3:hr>
            <ns3:cad>87</ns3:cad>
          </ns3:TrackPointExtension>
        </extensions>
      </trkpt>
      <trkpt lat="30.20871573127806186676025390625" lon="120.26036501862108707427978515625">
        <ele>7</ele>
        <time>2026-08-31T23:24:01.000Z</time>
        <extensions>
          <ns3:TrackPointExtension>
            <ns3:atemp>30.0</ns3:atemp>
            <ns3:hr>171</ns3:hr>
            <ns3:cad>86</ns3:cad>
          </ns3:TrackPointExtension>
        </extensions>
      </trkpt>
      <trkpt lat="30.2086916752159595489501953125" lon="120.260360576212406158447265625">
        <ele>7</ele>
        <time>2026-08-31T23:24:02.000Z</time>
        <extensions>
          <ns3:TrackPointExtension>
            <ns3:atemp>30.0</ns3:atemp>
            <ns3:hr>170</ns3:hr>
            <ns3:cad>86</ns3:cad>
          </ns3:TrackPointExtension>
        </extensions>
      </trkpt>
      <trkpt lat="30.208671055734157562255859375" lon="120.260361246764659881591796875">
        <ele>7</ele>
        <time>2026-08-31T23:24:03.000Z</time>
        <extensions>
          <ns3:TrackPointExtension>
            <ns3:atemp>30.0</ns3:atemp>
            <ns3:hr>171</ns3:hr>
            <ns3:cad>85</ns3:cad>
          </ns3:TrackPointExtension>
        </extensions>
      </trkpt>
      <trkpt lat="30.2086485922336578369140625" lon="120.2603624202311038970947265625">
        <ele>7.19999980926513671875</ele>
        <time>2026-08-31T23:24:04.000Z</time>
        <extensions>
          <ns3:TrackPointExtension>
            <ns3:atemp>30.0</ns3:atemp>
            <ns3:hr>171</ns3:hr>
            <ns3:cad>85</ns3:cad>
          </ns3:TrackPointExtension>
        </extensions>
      </trkpt>
      <trkpt lat="30.20862503908574581146240234375" lon="120.26036133058369159698486328125">
        <ele>7.19999980926513671875</ele>
        <time>2026-08-31T23:24:05.000Z</time>
        <extensions>
          <ns3:TrackPointExtension>
            <ns3:atemp>30.0</ns3:atemp>
            <ns3:hr>170</ns3:hr>
            <ns3:cad>85</ns3:cad>
          </ns3:TrackPointExtension>
        </extensions>
      </trkpt>
      <trkpt lat="30.208601653575897216796875" lon="120.26036233641207218170166015625">
        <ele>7.19999980926513671875</ele>
        <time>2026-08-31T23:24:06.000Z</time>
        <extensions>
          <ns3:TrackPointExtension>
            <ns3:atemp>30.0</ns3:atemp>
            <ns3:hr>171</ns3:hr>
            <ns3:cad>85</ns3:cad>
          </ns3:TrackPointExtension>
        </extensions>
      </trkpt>
      <trkpt lat="30.2085749991238117218017578125" lon="120.260362923145294189453125">
        <ele>7.19999980926513671875</ele>
        <time>2026-08-31T23:24:07.000Z</time>
        <extensions>
          <ns3:TrackPointExtension>
            <ns3:atemp>30.0</ns3:atemp>
            <ns3:hr>171</ns3:hr>
            <ns3:cad>85</ns3:cad>
          </ns3:TrackPointExtension>
        </extensions>
      </trkpt>
      <trkpt lat="30.20855245180428028106689453125" lon="120.26036300696432590484619140625">
        <ele>7.19999980926513671875</ele>
        <time>2026-08-31T23:24:08.000Z</time>
        <extensions>
          <ns3:TrackPointExtension>
            <ns3:atemp>30.0</ns3:atemp>
            <ns3:hr>170</ns3:hr>
            <ns3:cad>86</ns3:cad>
          </ns3:TrackPointExtension>
        </extensions>
      </trkpt>
      <trkpt lat="30.20852127112448215484619140625" lon="120.26035814546048641204833984375">
        <ele>7.19999980926513671875</ele>
        <time>2026-08-31T23:24:09.000Z</time>
        <extensions>
          <ns3:TrackPointExtension>
            <ns3:atemp>30.0</ns3:atemp>
            <ns3:hr>170</ns3:hr>
            <ns3:cad>86</ns3:cad>
          </ns3:TrackPointExtension>
        </extensions>
      </trkpt>
      <trkpt lat="30.20850081928074359893798828125" lon="120.26035194285213947296142578125">
        <ele>7.19999980926513671875</ele>
        <time>2026-08-31T23:24:10.000Z</time>
        <extensions>
          <ns3:TrackPointExtension>
            <ns3:atemp>30.0</ns3:atemp>
            <ns3:hr>170</ns3:hr>
            <ns3:cad>86</ns3:cad>
          </ns3:TrackPointExtension>
        </extensions>
      </trkpt>
      <trkpt lat="30.20847416482865810394287109375" lon="120.2603481709957122802734375">
        <ele>7.19999980926513671875</ele>
        <time>2026-08-31T23:24:11.000Z</time>
        <extensions>
          <ns3:TrackPointExtension>
            <ns3:atemp>30.0</ns3:atemp>
            <ns3:hr>170</ns3:hr>
            <ns3:cad>86</ns3:cad>
          </ns3:TrackPointExtension>
        </extensions>
      </trkpt>
      <trkpt lat="30.2084502764046192169189453125" lon="120.2603339217603206634521484375">
        <ele>7.19999980926513671875</ele>
        <time>2026-08-31T23:24:12.000Z</time>
        <extensions>
          <ns3:TrackPointExtension>
            <ns3:atemp>30.0</ns3:atemp>
            <ns3:hr>171</ns3:hr>
            <ns3:cad>85</ns3:cad>
          </ns3:TrackPointExtension>
        </extensions>
      </trkpt>
      <trkpt lat="30.20842839963734149932861328125" lon="120.260330736637115478515625">
        <ele>7.19999980926513671875</ele>
        <time>2026-08-31T23:24:13.000Z</time>
        <extensions>
          <ns3:TrackPointExtension>
            <ns3:atemp>30.0</ns3:atemp>
            <ns3:hr>170</ns3:hr>
            <ns3:cad>85</ns3:cad>
          </ns3:TrackPointExtension>
        </extensions>
      </trkpt>
      <trkpt lat="30.2083996497094631195068359375" lon="120.26032612659037113189697265625">
        <ele>7.19999980926513671875</ele>
        <time>2026-08-31T23:24:14.000Z</time>
        <extensions>
          <ns3:TrackPointExtension>
            <ns3:atemp>30.0</ns3:atemp>
            <ns3:hr>170</ns3:hr>
            <ns3:cad>84</ns3:cad>
          </ns3:TrackPointExtension>
        </extensions>
      </trkpt>
      <trkpt lat="30.208380036056041717529296875" lon="120.26033082045614719390869140625">
        <ele>7.19999980926513671875</ele>
        <time>2026-08-31T23:24:15.000Z</time>
        <extensions>
          <ns3:TrackPointExtension>
            <ns3:atemp>30.0</ns3:atemp>
            <ns3:hr>171</ns3:hr>
            <ns3:cad>84</ns3:cad>
          </ns3:TrackPointExtension>
        </extensions>
      </trkpt>
      <trkpt lat="30.20835011266171932220458984375" lon="120.260335765779018402099609375">
        <ele>7.19999980926513671875</ele>
        <time>2026-08-31T23:24:16.000Z</time>
        <extensions>
          <ns3:TrackPointExtension>
            <ns3:atemp>30.0</ns3:atemp>
            <ns3:hr>171</ns3:hr>
            <ns3:cad>84</ns3:cad>
          </ns3:TrackPointExtension>
        </extensions>
      </trkpt>
      <trkpt lat="30.20832546986639499664306640625" lon="120.2603362686932086944580078125">
        <ele>7.400000095367431640625</ele>
        <time>2026-08-31T23:24:17.000Z</time>
        <extensions>
          <ns3:TrackPointExtension>
            <ns3:atemp>30.0</ns3:atemp>
            <ns3:hr>172</ns3:hr>
            <ns3:cad>84</ns3:cad>
          </ns3:TrackPointExtension>
        </extensions>
      </trkpt>
      <trkpt lat="30.20830518566071987152099609375" lon="120.26034213602542877197265625">
        <ele>7.400000095367431640625</ele>
        <time>2026-08-31T23:24:18.000Z</time>
        <extensions>
          <ns3:TrackPointExtension>
            <ns3:atemp>30.0</ns3:atemp>
            <ns3:hr>172</ns3:hr>
            <ns3:cad>84</ns3:cad>
          </ns3:TrackPointExtension>
        </extensions>
      </trkpt>
      <trkpt lat="30.208272077143192291259765625" lon="120.26034741662442684173583984375">
        <ele>7.19999980926513671875</ele>
        <time>2026-08-31T23:24:19.000Z</time>
        <extensions>
          <ns3:TrackPointExtension>
            <ns3:atemp>30.0</ns3:atemp>
            <ns3:hr>172</ns3:hr>
            <ns3:cad>86</ns3:cad>
          </ns3:TrackPointExtension>
        </extensions>
      </trkpt>
      <trkpt lat="30.20825455896556377410888671875" lon="120.2603483386337757110595703125">
        <ele>7.400000095367431640625</ele>
        <time>2026-08-31T23:24:20.000Z</time>
        <extensions>
          <ns3:TrackPointExtension>
            <ns3:atemp>30.0</ns3:atemp>
            <ns3:hr>172</ns3:hr>
            <ns3:cad>86</ns3:cad>
          </ns3:TrackPointExtension>
        </extensions>
      </trkpt>
      <trkpt lat="30.20822823978960514068603515625" lon="120.2603486739099025726318359375">
        <ele>7.400000095367431640625</ele>
        <time>2026-08-31T23:24:21.000Z</time>
        <extensions>
          <ns3:TrackPointExtension>
            <ns3:atemp>30.0</ns3:atemp>
            <ns3:hr>172</ns3:hr>
            <ns3:cad>86</ns3:cad>
          </ns3:TrackPointExtension>
        </extensions>
      </trkpt>
      <trkpt lat="30.2082048542797565460205078125" lon="120.2603463269770145416259765625">
        <ele>7.400000095367431640625</ele>
        <time>2026-08-31T23:24:22.000Z</time>
        <extensions>
          <ns3:TrackPointExtension>
            <ns3:atemp>30.0</ns3:atemp>
            <ns3:hr>172</ns3:hr>
            <ns3:cad>85</ns3:cad>
          </ns3:TrackPointExtension>
        </extensions>
      </trkpt>
      <trkpt lat="30.20817627198994159698486328125" lon="120.26034171693027019500732421875">
        <ele>7.400000095367431640625</ele>
        <time>2026-08-31T23:24:23.000Z</time>
        <extensions>
          <ns3:TrackPointExtension>
            <ns3:atemp>30.0</ns3:atemp>
            <ns3:hr>172</ns3:hr>
            <ns3:cad>85</ns3:cad>
          </ns3:TrackPointExtension>
        </extensions>
      </trkpt>
      <trkpt lat="30.20815129391849040985107421875" lon="120.26034456677734851837158203125">
        <ele>7.400000095367431640625</ele>
        <time>2026-08-31T23:24:24.000Z</time>
        <extensions>
          <ns3:TrackPointExtension>
            <ns3:atemp>30.0</ns3:atemp>
            <ns3:hr>172</ns3:hr>
            <ns3:cad>85</ns3:cad>
          </ns3:TrackPointExtension>
        </extensions>
      </trkpt>
      <trkpt lat="30.2081257291138172149658203125" lon="120.2603466622531414031982421875">
        <ele>7.400000095367431640625</ele>
        <time>2026-08-31T23:24:25.000Z</time>
        <extensions>
          <ns3:TrackPointExtension>
            <ns3:atemp>30.0</ns3:atemp>
            <ns3:hr>171</ns3:hr>
            <ns3:cad>85</ns3:cad>
          </ns3:TrackPointExtension>
        </extensions>
      </trkpt>
      <trkpt lat="30.20809832029044628143310546875" lon="120.2603429742157459259033203125">
        <ele>7.400000095367431640625</ele>
        <time>2026-08-31T23:24:26.000Z</time>
        <extensions>
          <ns3:TrackPointExtension>
            <ns3:atemp>30.0</ns3:atemp>
            <ns3:hr>171</ns3:hr>
            <ns3:cad>85</ns3:cad>
          </ns3:TrackPointExtension>
        </extensions>
      </trkpt>
      <trkpt lat="30.20807585678994655609130859375" lon="120.2603443153202533721923828125">
        <ele>7.400000095367431640625</ele>
        <time>2026-08-31T23:24:27.000Z</time>
        <extensions>
          <ns3:TrackPointExtension>
            <ns3:atemp>30.0</ns3:atemp>
            <ns3:hr>171</ns3:hr>
            <ns3:cad>85</ns3:cad>
          </ns3:TrackPointExtension>
        </extensions>
      </trkpt>
      <trkpt lat="30.20804601721465587615966796875" lon="120.26033987291157245635986328125">
        <ele>7.400000095367431640625</ele>
        <time>2026-08-31T23:24:28.000Z</time>
        <extensions>
          <ns3:TrackPointExtension>
            <ns3:atemp>30.0</ns3:atemp>
            <ns3:hr>171</ns3:hr>
            <ns3:cad>86</ns3:cad>
          </ns3:TrackPointExtension>
        </extensions>
      </trkpt>
      <trkpt lat="30.20802472718060016632080078125" lon="120.26033802889287471771240234375">
        <ele>7.400000095367431640625</ele>
        <time>2026-08-31T23:24:29.000Z</time>
        <extensions>
          <ns3:TrackPointExtension>
            <ns3:atemp>30.0</ns3:atemp>
            <ns3:hr>172</ns3:hr>
            <ns3:cad>87</ns3:cad>
          </ns3:TrackPointExtension>
        </extensions>
      </trkpt>
      <trkpt lat="30.20799723453819751739501953125" lon="120.26033283211290836334228515625">
        <ele>7.400000095367431640625</ele>
        <time>2026-08-31T23:24:30.000Z</time>
        <extensions>
          <ns3:TrackPointExtension>
            <ns3:atemp>30.0</ns3:atemp>
            <ns3:hr>171</ns3:hr>
            <ns3:cad>87</ns3:cad>
          </ns3:TrackPointExtension>
        </extensions>
      </trkpt>
      <trkpt lat="30.2079761959612369537353515625" lon="120.2603292278945446014404296875">
        <ele>7.400000095367431640625</ele>
        <time>2026-08-31T23:24:31.000Z</time>
        <extensions>
          <ns3:TrackPointExtension>
            <ns3:atemp>30.0</ns3:atemp>
            <ns3:hr>171</ns3:hr>
            <ns3:cad>87</ns3:cad>
          </ns3:TrackPointExtension>
        </extensions>
      </trkpt>
      <trkpt lat="30.2079487033188343048095703125" lon="120.26032646186649799346923828125">
        <ele>7.400000095367431640625</ele>
        <time>2026-08-31T23:24:32.000Z</time>
        <extensions>
          <ns3:TrackPointExtension>
            <ns3:atemp>30.0</ns3:atemp>
            <ns3:hr>171</ns3:hr>
            <ns3:cad>87</ns3:cad>
          </ns3:TrackPointExtension>
        </extensions>
      </trkpt>
      <trkpt lat="30.2079243957996368408203125" lon="120.260320007801055908203125">
        <ele>7.400000095367431640625</ele>
        <time>2026-08-31T23:24:33.000Z</time>
        <extensions>
          <ns3:TrackPointExtension>
            <ns3:atemp>30.0</ns3:atemp>
            <ns3:hr>171</ns3:hr>
            <ns3:cad>87</ns3:cad>
          </ns3:TrackPointExtension>
        </extensions>
      </trkpt>
      <trkpt lat="30.207900591194629669189453125" lon="120.26031757704913616180419921875">
        <ele>7.400000095367431640625</ele>
        <time>2026-08-31T23:24:34.000Z</time>
        <extensions>
          <ns3:TrackPointExtension>
            <ns3:atemp>30.0</ns3:atemp>
            <ns3:hr>171</ns3:hr>
            <ns3:cad>87</ns3:cad>
          </ns3:TrackPointExtension>
        </extensions>
      </trkpt>
      <trkpt lat="30.20787519402801990509033203125" lon="120.260310955345630645751953125">
        <ele>7.400000095367431640625</ele>
        <time>2026-08-31T23:24:35.000Z</time>
        <extensions>
          <ns3:TrackPointExtension>
            <ns3:atemp>30.0</ns3:atemp>
            <ns3:hr>172</ns3:hr>
            <ns3:cad>87</ns3:cad>
          </ns3:TrackPointExtension>
        </extensions>
      </trkpt>
      <trkpt lat="30.2078551612794399261474609375" lon="120.26031338609755039215087890625">
        <ele>7.19999980926513671875</ele>
        <time>2026-08-31T23:24:36.000Z</time>
        <extensions>
          <ns3:TrackPointExtension>
            <ns3:atemp>30.0</ns3:atemp>
            <ns3:hr>172</ns3:hr>
            <ns3:cad>87</ns3:cad>
          </ns3:TrackPointExtension>
        </extensions>
      </trkpt>
      <trkpt lat="30.2078316919505596160888671875" lon="120.260308943688869476318359375">
        <ele>7.19999980926513671875</ele>
        <time>2026-08-31T23:24:37.000Z</time>
        <extensions>
          <ns3:TrackPointExtension>
            <ns3:atemp>30.0</ns3:atemp>
            <ns3:hr>173</ns3:hr>
            <ns3:cad>87</ns3:cad>
          </ns3:TrackPointExtension>
        </extensions>
      </trkpt>
      <trkpt lat="30.20781165920197963714599609375" lon="120.26030265726149082183837890625">
        <ele>7.19999980926513671875</ele>
        <time>2026-08-31T23:24:38.000Z</time>
        <extensions>
          <ns3:TrackPointExtension>
            <ns3:atemp>30.0</ns3:atemp>
            <ns3:hr>173</ns3:hr>
            <ns3:cad>87</ns3:cad>
          </ns3:TrackPointExtension>
        </extensions>
      </trkpt>
      <trkpt lat="30.20779489539563655853271484375" lon="120.26029796339571475982666015625">
        <ele>7.19999980926513671875</ele>
        <time>2026-08-31T23:24:39.000Z</time>
        <extensions>
          <ns3:TrackPointExtension>
            <ns3:atemp>30.0</ns3:atemp>
            <ns3:hr>173</ns3:hr>
            <ns3:cad>87</ns3:cad>
          </ns3:TrackPointExtension>
        </extensions>
      </trkpt>
      <trkpt lat="30.20778559148311614990234375" lon="120.260298214852809906005859375">
        <ele>7</ele>
        <time>2026-08-31T23:24:40.000Z</time>
        <extensions>
          <ns3:TrackPointExtension>
            <ns3:atemp>30.0</ns3:atemp>
            <ns3:hr>173</ns3:hr>
            <ns3:cad>87</ns3:cad>
          </ns3:TrackPointExtension>
        </extensions>
      </trkpt>
      <trkpt lat="30.2077824063599109649658203125" lon="120.26030450128018856048583984375">
        <ele>7</ele>
        <time>2026-08-31T23:24:41.000Z</time>
        <extensions>
          <ns3:TrackPointExtension>
            <ns3:atemp>30.0</ns3:atemp>
            <ns3:hr>173</ns3:hr>
            <ns3:cad>0</ns3:cad>
          </ns3:TrackPointExtension>
        </extensions>
      </trkpt>
      <trkpt lat="30.20777444355189800262451171875" lon="120.26030818931758403778076171875">
        <ele>7</ele>
        <time>2026-08-31T23:24:42.000Z</time>
        <extensions>
          <ns3:TrackPointExtension>
            <ns3:atemp>30.0</ns3:atemp>
            <ns3:hr>173</ns3:hr>
            <ns3:cad>0</ns3:cad>
          </ns3:TrackPointExtension>
        </extensions>
      </trkpt>
      <trkpt lat="30.20775751210749149322509765625" lon="120.26031506247818470001220703125">
        <ele>7</ele>
        <time>2026-08-31T23:24:43.000Z</time>
        <extensions>
          <ns3:TrackPointExtension>
            <ns3:atemp>30.0</ns3:atemp>
            <ns3:hr>173</ns3:hr>
            <ns3:cad>0</ns3:cad>
          </ns3:TrackPointExtension>
        </extensions>
      </trkpt>
      <trkpt lat="30.2077311091125011444091796875" lon="120.260312967002391815185546875">
        <ele>7</ele>
        <time>2026-08-31T23:24:44.000Z</time>
        <extensions>
          <ns3:TrackPointExtension>
            <ns3:atemp>30.0</ns3:atemp>
            <ns3:hr>173</ns3:hr>
            <ns3:cad>0</ns3:cad>
          </ns3:TrackPointExtension>
        </extensions>
      </trkpt>
      <trkpt lat="30.207710824906826019287109375" lon="120.26031841523945331573486328125">
        <ele>7</ele>
        <time>2026-08-31T23:24:45.000Z</time>
        <extensions>
          <ns3:TrackPointExtension>
            <ns3:atemp>30.0</ns3:atemp>
            <ns3:hr>172</ns3:hr>
            <ns3:cad>0</ns3:cad>
          </ns3:TrackPointExtension>
        </extensions>
      </trkpt>
      <trkpt lat="30.20768207497894763946533203125" lon="120.260320343077182769775390625">
        <ele>7</ele>
        <time>2026-08-31T23:24:46.000Z</time>
        <extensions>
          <ns3:TrackPointExtension>
            <ns3:atemp>30.0</ns3:atemp>
            <ns3:hr>172</ns3:hr>
            <ns3:cad>0</ns3:cad>
          </ns3:TrackPointExtension>
        </extensions>
      </trkpt>
      <trkpt lat="30.20765684545040130615234375" lon="120.26031799614429473876953125">
        <ele>7.19999980926513671875</ele>
        <time>2026-08-31T23:24:47.000Z</time>
        <extensions>
          <ns3:TrackPointExtension>
            <ns3:atemp>30.0</ns3:atemp>
            <ns3:hr>172</ns3:hr>
            <ns3:cad>81</ns3:cad>
          </ns3:TrackPointExtension>
        </extensions>
      </trkpt>
      <trkpt lat="30.20763295702636241912841796875" lon="120.2603221870958805084228515625">
        <ele>7.19999980926513671875</ele>
        <time>2026-08-31T23:24:48.000Z</time>
        <extensions>
          <ns3:TrackPointExtension>
            <ns3:atemp>30.0</ns3:atemp>
            <ns3:hr>171</ns3:hr>
            <ns3:cad>83</ns3:cad>
          </ns3:TrackPointExtension>
        </extensions>
      </trkpt>
      <trkpt lat="30.20760722458362579345703125" lon="120.26032092981040477752685546875">
        <ele>7.400000095367431640625</ele>
        <time>2026-08-31T23:24:49.000Z</time>
        <extensions>
          <ns3:TrackPointExtension>
            <ns3:atemp>30.0</ns3:atemp>
            <ns3:hr>171</ns3:hr>
            <ns3:cad>83</ns3:cad>
          </ns3:TrackPointExtension>
        </extensions>
      </trkpt>
      <trkpt lat="30.2075822465121746063232421875" lon="120.260320007801055908203125">
        <ele>7.400000095367431640625</ele>
        <time>2026-08-31T23:24:50.000Z</time>
        <extensions>
          <ns3:TrackPointExtension>
            <ns3:atemp>30.0</ns3:atemp>
            <ns3:hr>171</ns3:hr>
            <ns3:cad>83</ns3:cad>
          </ns3:TrackPointExtension>
        </extensions>
      </trkpt>
      <trkpt lat="30.20755366422235965728759765625" lon="120.2603159844875335693359375">
        <ele>7.400000095367431640625</ele>
        <time>2026-08-31T23:24:51.000Z</time>
        <extensions>
          <ns3:TrackPointExtension>
            <ns3:atemp>30.0</ns3:atemp>
            <ns3:hr>171</ns3:hr>
            <ns3:cad>85</ns3:cad>
          </ns3:TrackPointExtension>
        </extensions>
      </trkpt>
      <trkpt lat="30.20753212273120880126953125" lon="120.260316990315914154052734375">
        <ele>7.400000095367431640625</ele>
        <time>2026-08-31T23:24:52.000Z</time>
        <extensions>
          <ns3:TrackPointExtension>
            <ns3:atemp>30.0</ns3:atemp>
            <ns3:hr>171</ns3:hr>
            <ns3:cad>85</ns3:cad>
          </ns3:TrackPointExtension>
        </extensions>
      </trkpt>
      <trkpt lat="30.2075068093836307525634765625" lon="120.2603186666965484619140625">
        <ele>7.400000095367431640625</ele>
        <time>2026-08-31T23:24:53.000Z</time>
        <extensions>
          <ns3:TrackPointExtension>
            <ns3:atemp>30.0</ns3:atemp>
            <ns3:hr>170</ns3:hr>
            <ns3:cad>85</ns3:cad>
          </ns3:TrackPointExtension>
        </extensions>
      </trkpt>
      <trkpt lat="30.20747990347445011138916015625" lon="120.260316319763660430908203125">
        <ele>7.400000095367431640625</ele>
        <time>2026-08-31T23:24:54.000Z</time>
        <extensions>
          <ns3:TrackPointExtension>
            <ns3:atemp>30.0</ns3:atemp>
            <ns3:hr>171</ns3:hr>
            <ns3:cad>86</ns3:cad>
          </ns3:TrackPointExtension>
        </extensions>
      </trkpt>
      <trkpt lat="30.20745207555592060089111328125" lon="120.26031824760138988494873046875">
        <ele>7.400000095367431640625</ele>
        <time>2026-08-31T23:24:55.000Z</time>
        <extensions>
          <ns3:TrackPointExtension>
            <ns3:atemp>30.0</ns3:atemp>
            <ns3:hr>171</ns3:hr>
            <ns3:cad>86</ns3:cad>
          </ns3:TrackPointExtension>
        </extensions>
      </trkpt>
      <trkpt lat="30.2074243314564228057861328125" lon="120.26031489484012126922607421875">
        <ele>7.400000095367431640625</ele>
        <time>2026-08-31T23:24:56.000Z</time>
        <extensions>
          <ns3:TrackPointExtension>
            <ns3:atemp>30.0</ns3:atemp>
            <ns3:hr>170</ns3:hr>
            <ns3:cad>85</ns3:cad>
          </ns3:TrackPointExtension>
        </extensions>
      </trkpt>
      <trkpt lat="30.2073995210230350494384765625" lon="120.2603144757449626922607421875">
        <ele>7.400000095367431640625</ele>
        <time>2026-08-31T23:24:57.000Z</time>
        <extensions>
          <ns3:TrackPointExtension>
            <ns3:atemp>30.0</ns3:atemp>
            <ns3:hr>170</ns3:hr>
            <ns3:cad>86</ns3:cad>
          </ns3:TrackPointExtension>
        </extensions>
      </trkpt>
      <trkpt lat="30.20737378858029842376708984375" lon="120.26030852459371089935302734375">
        <ele>7.400000095367431640625</ele>
        <time>2026-08-31T23:24:58.000Z</time>
        <extensions>
          <ns3:TrackPointExtension>
            <ns3:atemp>30.0</ns3:atemp>
            <ns3:hr>170</ns3:hr>
            <ns3:cad>86</ns3:cad>
          </ns3:TrackPointExtension>
        </extensions>
      </trkpt>
      <trkpt lat="30.2073512412607669830322265625" lon="120.260308273136615753173828125">
        <ele>7.400000095367431640625</ele>
        <time>2026-08-31T23:24:59.000Z</time>
        <extensions>
          <ns3:TrackPointExtension>
            <ns3:atemp>30.0</ns3:atemp>
            <ns3:hr>170</ns3:hr>
            <ns3:cad>86</ns3:cad>
          </ns3:TrackPointExtension>
        </extensions>
      </trkpt>
      <trkpt lat="30.20731930620968341827392578125" lon="120.26030316017568111419677734375">
        <ele>7.400000095367431640625</ele>
        <time>2026-08-31T23:25:00.000Z</time>
        <extensions>
          <ns3:TrackPointExtension>
            <ns3:atemp>30.0</ns3:atemp>
            <ns3:hr>169</ns3:hr>
            <ns3:cad>87</ns3:cad>
          </ns3:TrackPointExtension>
        </extensions>
      </trkpt>
      <trkpt lat="30.20729432813823223114013671875" lon="120.260300226509571075439453125">
        <ele>7.400000095367431640625</ele>
        <time>2026-08-31T23:25:01.000Z</time>
        <extensions>
          <ns3:TrackPointExtension>
            <ns3:atemp>30.0</ns3:atemp>
            <ns3:hr>169</ns3:hr>
            <ns3:cad>87</ns3:cad>
          </ns3:TrackPointExtension>
        </extensions>
      </trkpt>
      <trkpt lat="30.2072660811245441436767578125" lon="120.2602993883192539215087890625">
        <ele>7.400000095367431640625</ele>
        <time>2026-08-31T23:25:02.000Z</time>
        <extensions>
          <ns3:TrackPointExtension>
            <ns3:atemp>30.0</ns3:atemp>
            <ns3:hr>168</ns3:hr>
            <ns3:cad>87</ns3:cad>
          </ns3:TrackPointExtension>
        </extensions>
      </trkpt>
      <trkpt lat="30.20723783411085605621337890625" lon="120.26029653847217559814453125">
        <ele>7.400000095367431640625</ele>
        <time>2026-08-31T23:25:03.000Z</time>
        <extensions>
          <ns3:TrackPointExtension>
            <ns3:atemp>30.0</ns3:atemp>
            <ns3:hr>168</ns3:hr>
            <ns3:cad>87</ns3:cad>
          </ns3:TrackPointExtension>
        </extensions>
      </trkpt>
      <trkpt lat="30.20721704699099063873291015625" lon="120.2603025734424591064453125">
        <ele>7.400000095367431640625</ele>
        <time>2026-08-31T23:25:04.000Z</time>
        <extensions>
          <ns3:TrackPointExtension>
            <ns3:atemp>30.0</ns3:atemp>
            <ns3:hr>166</ns3:hr>
            <ns3:cad>87</ns3:cad>
          </ns3:TrackPointExtension>
        </extensions>
      </trkpt>
      <trkpt lat="30.2071919851005077362060546875" lon="120.26031673885881900787353515625">
        <ele>7.400000095367431640625</ele>
        <time>2026-08-31T23:25:05.000Z</time>
        <extensions>
          <ns3:TrackPointExtension>
            <ns3:atemp>30.0</ns3:atemp>
            <ns3:hr>165</ns3:hr>
            <ns3:cad>86</ns3:cad>
          </ns3:TrackPointExtension>
        </extensions>
      </trkpt>
      <trkpt lat="30.2071758918464183807373046875" lon="120.26033115573227405548095703125">
        <ele>7.19999980926513671875</ele>
        <time>2026-08-31T23:25:06.000Z</time>
        <extensions>
          <ns3:TrackPointExtension>
            <ns3:atemp>30.0</ns3:atemp>
            <ns3:hr>163</ns3:hr>
            <ns3:cad>86</ns3:cad>
          </ns3:TrackPointExtension>
        </extensions>
      </trkpt>
      <trkpt lat="30.20714965648949146270751953125" lon="120.26034875772893428802490234375">
        <ele>7.19999980926513671875</ele>
        <time>2026-08-31T23:25:07.000Z</time>
        <extensions>
          <ns3:TrackPointExtension>
            <ns3:atemp>30.0</ns3:atemp>
            <ns3:hr>163</ns3:hr>
            <ns3:cad>86</ns3:cad>
          </ns3:TrackPointExtension>
        </extensions>
      </trkpt>
      <trkpt lat="30.2071385085582733154296875" lon="120.260366611182689666748046875">
        <ele>7.19999980926513671875</ele>
        <time>2026-08-31T23:25:08.000Z</time>
        <extensions>
          <ns3:TrackPointExtension>
            <ns3:atemp>30.0</ns3:atemp>
            <ns3:hr>163</ns3:hr>
            <ns3:cad>87</ns3:cad>
          </ns3:TrackPointExtension>
        </extensions>
      </trkpt>
      <trkpt lat="30.20711780525743961334228515625" lon="120.26039309799671173095703125">
        <ele>7.19999980926513671875</ele>
        <time>2026-08-31T23:25:09.000Z</time>
        <extensions>
          <ns3:TrackPointExtension>
            <ns3:atemp>30.0</ns3:atemp>
            <ns3:hr>163</ns3:hr>
            <ns3:cad>87</ns3:cad>
          </ns3:TrackPointExtension>
        </extensions>
      </trkpt>
      <trkpt lat="30.20710120908915996551513671875" lon="120.26041547767817974090576171875">
        <ele>7.19999980926513671875</ele>
        <time>2026-08-31T23:25:10.000Z</time>
        <extensions>
          <ns3:TrackPointExtension>
            <ns3:atemp>30.0</ns3:atemp>
            <ns3:hr>163</ns3:hr>
            <ns3:cad>87</ns3:cad>
          </ns3:TrackPointExtension>
        </extensions>
      </trkpt>
      <trkpt lat="30.20709089934825897216796875" lon="120.26044414378702640533447265625">
        <ele>7.19999980926513671875</ele>
        <time>2026-08-31T23:25:11.000Z</time>
        <extensions>
          <ns3:TrackPointExtension>
            <ns3:atemp>30.0</ns3:atemp>
            <ns3:hr>163</ns3:hr>
            <ns3:cad>87</ns3:cad>
          </ns3:TrackPointExtension>
        </extensions>
      </trkpt>
      <trkpt lat="30.207086540758609771728515625" lon="120.2604713849723339080810546875">
        <ele>7.19999980926513671875</ele>
        <time>2026-08-31T23:25:12.000Z</time>
        <extensions>
          <ns3:TrackPointExtension>
            <ns3:atemp>30.0</ns3:atemp>
            <ns3:hr>163</ns3:hr>
            <ns3:cad>87</ns3:cad>
          </ns3:TrackPointExtension>
        </extensions>
      </trkpt>
      <trkpt lat="30.2070877142250537872314453125" lon="120.26049812324345111846923828125">
        <ele>7.19999980926513671875</ele>
        <time>2026-08-31T23:25:13.000Z</time>
        <extensions>
          <ns3:TrackPointExtension>
            <ns3:atemp>30.0</ns3:atemp>
            <ns3:hr>163</ns3:hr>
            <ns3:cad>87</ns3:cad>
          </ns3:TrackPointExtension>
        </extensions>
      </trkpt>
      <trkpt lat="30.20708712749183177947998046875" lon="120.2605277113616466522216796875">
        <ele>7.19999980926513671875</ele>
        <time>2026-08-31T23:25:14.000Z</time>
        <extensions>
          <ns3:TrackPointExtension>
            <ns3:atemp>30.0</ns3:atemp>
            <ns3:hr>163</ns3:hr>
            <ns3:cad>86</ns3:cad>
          </ns3:TrackPointExtension>
        </extensions>
      </trkpt>
      <trkpt lat="30.207091905176639556884765625" lon="120.26054740883409976959228515625">
        <ele>7.19999980926513671875</ele>
        <time>2026-08-31T23:25:15.000Z</time>
        <extensions>
          <ns3:TrackPointExtension>
            <ns3:atemp>30.0</ns3:atemp>
            <ns3:hr>163</ns3:hr>
            <ns3:cad>86</ns3:cad>
          </ns3:TrackPointExtension>
        </extensions>
      </trkpt>
      <trkpt lat="30.2070902287960052490234375" lon="120.2605800144374370574951171875">
        <ele>7.19999980926513671875</ele>
        <time>2026-08-31T23:25:16.000Z</time>
        <extensions>
          <ns3:TrackPointExtension>
            <ns3:atemp>30.0</ns3:atemp>
            <ns3:hr>163</ns3:hr>
            <ns3:cad>86</ns3:cad>
          </ns3:TrackPointExtension>
        </extensions>
      </trkpt>
      <trkpt lat="30.20709232427179813385009765625" lon="120.26060163974761962890625">
        <ele>7.400000095367431640625</ele>
        <time>2026-08-31T23:25:17.000Z</time>
        <extensions>
          <ns3:TrackPointExtension>
            <ns3:atemp>30.0</ns3:atemp>
            <ns3:hr>163</ns3:hr>
            <ns3:cad>86</ns3:cad>
          </ns3:TrackPointExtension>
        </extensions>
      </trkpt>
      <trkpt lat="30.207094252109527587890625" lon="120.26063608936965465545654296875">
        <ele>7.400000095367431640625</ele>
        <time>2026-08-31T23:25:18.000Z</time>
        <extensions>
          <ns3:TrackPointExtension>
            <ns3:atemp>30.0</ns3:atemp>
            <ns3:hr>164</ns3:hr>
            <ns3:cad>86</ns3:cad>
          </ns3:TrackPointExtension>
        </extensions>
      </trkpt>
      <trkpt lat="30.20709383301436901092529296875" lon="120.26066358201205730438232421875">
        <ele>7.400000095367431640625</ele>
        <time>2026-08-31T23:25:19.000Z</time>
        <extensions>
          <ns3:TrackPointExtension>
            <ns3:atemp>30.0</ns3:atemp>
            <ns3:hr>164</ns3:hr>
            <ns3:cad>86</ns3:cad>
          </ns3:TrackPointExtension>
        </extensions>
      </trkpt>
      <trkpt lat="30.2070929110050201416015625" lon="120.26068973354995250701904296875">
        <ele>7.400000095367431640625</ele>
        <time>2026-08-31T23:25:20.000Z</time>
        <extensions>
          <ns3:TrackPointExtension>
            <ns3:atemp>30.0</ns3:atemp>
            <ns3:hr>164</ns3:hr>
            <ns3:cad>86</ns3:cad>
          </ns3:TrackPointExtension>
        </extensions>
      </trkpt>
      <trkpt lat="30.2070934139192104339599609375" lon="120.26072259061038494110107421875">
        <ele>7.400000095367431640625</ele>
        <time>2026-08-31T23:25:21.000Z</time>
        <extensions>
          <ns3:TrackPointExtension>
            <ns3:atemp>30.0</ns3:atemp>
            <ns3:hr>163</ns3:hr>
            <ns3:cad>86</ns3:cad>
          </ns3:TrackPointExtension>
        </extensions>
      </trkpt>
      <trkpt lat="30.20709316246211528778076171875" lon="120.260750167071819305419921875">
        <ele>7.400000095367431640625</ele>
        <time>2026-08-31T23:25:22.000Z</time>
        <extensions>
          <ns3:TrackPointExtension>
            <ns3:atemp>30.0</ns3:atemp>
            <ns3:hr>163</ns3:hr>
            <ns3:cad>86</ns3:cad>
          </ns3:TrackPointExtension>
        </extensions>
      </trkpt>
      <trkpt lat="30.2070920728147029876708984375" lon="120.26078713126480579376220703125">
        <ele>7.400000095367431640625</ele>
        <time>2026-08-31T23:25:23.000Z</time>
        <extensions>
          <ns3:TrackPointExtension>
            <ns3:atemp>30.0</ns3:atemp>
            <ns3:hr>163</ns3:hr>
            <ns3:cad>86</ns3:cad>
          </ns3:TrackPointExtension>
        </extensions>
      </trkpt>
      <trkpt lat="30.20709048025310039520263671875" lon="120.26081085205078125">
        <ele>7.400000095367431640625</ele>
        <time>2026-08-31T23:25:24.000Z</time>
        <extensions>
          <ns3:TrackPointExtension>
            <ns3:atemp>30.0</ns3:atemp>
            <ns3:hr>163</ns3:hr>
            <ns3:cad>86</ns3:cad>
          </ns3:TrackPointExtension>
        </extensions>
      </trkpt>
      <trkpt lat="30.20708964206278324127197265625" lon="120.26084211654961109161376953125">
        <ele>7.400000095367431640625</ele>
        <time>2026-08-31T23:25:25.000Z</time>
        <extensions>
          <ns3:TrackPointExtension>
            <ns3:atemp>30.0</ns3:atemp>
            <ns3:hr>163</ns3:hr>
            <ns3:cad>86</ns3:cad>
          </ns3:TrackPointExtension>
        </extensions>
      </trkpt>
      <trkpt lat="30.20709224045276641845703125" lon="120.260865502059459686279296875">
        <ele>7.400000095367431640625</ele>
        <time>2026-08-31T23:25:26.000Z</time>
        <extensions>
          <ns3:TrackPointExtension>
            <ns3:atemp>30.0</ns3:atemp>
            <ns3:hr>163</ns3:hr>
            <ns3:cad>86</ns3:cad>
          </ns3:TrackPointExtension>
        </extensions>
      </trkpt>
      <trkpt lat="30.207091234624385833740234375" lon="120.26089542545378208160400390625">
        <ele>7.599999904632568359375</ele>
        <time>2026-08-31T23:25:27.000Z</time>
        <extensions>
          <ns3:TrackPointExtension>
            <ns3:atemp>30.0</ns3:atemp>
            <ns3:hr>162</ns3:hr>
            <ns3:cad>86</ns3:cad>
          </ns3:TrackPointExtension>
        </extensions>
      </trkpt>
      <trkpt lat="30.20708955824375152587890625" lon="120.260925851762294769287109375">
        <ele>7.599999904632568359375</ele>
        <time>2026-08-31T23:25:28.000Z</time>
        <extensions>
          <ns3:TrackPointExtension>
            <ns3:atemp>30.0</ns3:atemp>
            <ns3:hr>162</ns3:hr>
            <ns3:cad>86</ns3:cad>
          </ns3:TrackPointExtension>
        </extensions>
      </trkpt>
      <trkpt lat="30.2070920728147029876708984375" lon="120.26095259003341197967529296875">
        <ele>7.400000095367431640625</ele>
        <time>2026-08-31T23:25:29.000Z</time>
        <extensions>
          <ns3:TrackPointExtension>
            <ns3:atemp>30.0</ns3:atemp>
            <ns3:hr>162</ns3:hr>
            <ns3:cad>86</ns3:cad>
          </ns3:TrackPointExtension>
        </extensions>
      </trkpt>
      <trkpt lat="30.20709349773824214935302734375" lon="120.26098561473190784454345703125">
        <ele>7.400000095367431640625</ele>
        <time>2026-08-31T23:25:30.000Z</time>
        <extensions>
          <ns3:TrackPointExtension>
            <ns3:atemp>30.0</ns3:atemp>
            <ns3:hr>161</ns3:hr>
            <ns3:cad>86</ns3:cad>
          </ns3:TrackPointExtension>
        </extensions>
      </trkpt>
      <trkpt lat="30.2070977725088596343994140625" lon="120.261011011898517608642578125">
        <ele>7.400000095367431640625</ele>
        <time>2026-08-31T23:25:31.000Z</time>
        <extensions>
          <ns3:TrackPointExtension>
            <ns3:atemp>30.0</ns3:atemp>
            <ns3:hr>161</ns3:hr>
            <ns3:cad>86</ns3:cad>
          </ns3:TrackPointExtension>
        </extensions>
      </trkpt>
      <trkpt lat="30.2070950902998447418212890625" lon="120.26104965247213840484619140625">
        <ele>7.400000095367431640625</ele>
        <time>2026-08-31T23:25:32.000Z</time>
        <extensions>
          <ns3:TrackPointExtension>
            <ns3:atemp>30.0</ns3:atemp>
            <ns3:hr>161</ns3:hr>
            <ns3:cad>86</ns3:cad>
          </ns3:TrackPointExtension>
        </extensions>
      </trkpt>
      <trkpt lat="30.20709626376628875732421875" lon="120.261073373258113861083984375">
        <ele>7.400000095367431640625</ele>
        <time>2026-08-31T23:25:33.000Z</time>
        <extensions>
          <ns3:TrackPointExtension>
            <ns3:atemp>30.0</ns3:atemp>
            <ns3:hr>161</ns3:hr>
            <ns3:cad>86</ns3:cad>
          </ns3:TrackPointExtension>
        </extensions>
      </trkpt>
      <trkpt lat="30.2070883847773075103759765625" lon="120.26111184619367122650146484375">
        <ele>7.400000095367431640625</ele>
        <time>2026-08-31T23:25:34.000Z</time>
        <extensions>
          <ns3:TrackPointExtension>
            <ns3:atemp>30.0</ns3:atemp>
            <ns3:hr>161</ns3:hr>
            <ns3:cad>87</ns3:cad>
          </ns3:TrackPointExtension>
        </extensions>
      </trkpt>
      <trkpt lat="30.2070873789489269256591796875" lon="120.2611449547111988067626953125">
        <ele>7.400000095367431640625</ele>
        <time>2026-08-31T23:25:35.000Z</time>
        <extensions>
          <ns3:TrackPointExtension>
            <ns3:atemp>30.0</ns3:atemp>
            <ns3:hr>161</ns3:hr>
            <ns3:cad>87</ns3:cad>
          </ns3:TrackPointExtension>
        </extensions>
      </trkpt>
      <trkpt lat="30.20709115080535411834716796875" lon="120.2611788176000118255615234375">
        <ele>7.19999980926513671875</ele>
        <time>2026-08-31T23:25:36.000Z</time>
        <extensions>
          <ns3:TrackPointExtension>
            <ns3:atemp>30.0</ns3:atemp>
            <ns3:hr>161</ns3:hr>
            <ns3:cad>87</ns3:cad>
          </ns3:TrackPointExtension>
        </extensions>
      </trkpt>
      <trkpt lat="30.2070914022624492645263671875" lon="120.26121326722204685211181640625">
        <ele>7.400000095367431640625</ele>
        <time>2026-08-31T23:25:37.000Z</time>
        <extensions>
          <ns3:TrackPointExtension>
            <ns3:atemp>30.0</ns3:atemp>
            <ns3:hr>161</ns3:hr>
            <ns3:cad>87</ns3:cad>
          </ns3:TrackPointExtension>
        </extensions>
      </trkpt>
      <trkpt lat="30.207094587385654449462890625" lon="120.26123606599867343902587890625">
        <ele>7.400000095367431640625</ele>
        <time>2026-08-31T23:25:38.000Z</time>
        <extensions>
          <ns3:TrackPointExtension>
            <ns3:atemp>30.0</ns3:atemp>
            <ns3:hr>160</ns3:hr>
            <ns3:cad>86</ns3:cad>
          </ns3:TrackPointExtension>
        </extensions>
      </trkpt>
      <trkpt lat="30.207089222967624664306640625" lon="120.2612710185348987579345703125">
        <ele>7.400000095367431640625</ele>
        <time>2026-08-31T23:25:39.000Z</time>
        <extensions>
          <ns3:TrackPointExtension>
            <ns3:atemp>30.0</ns3:atemp>
            <ns3:hr>161</ns3:hr>
            <ns3:cad>86</ns3:cad>
          </ns3:TrackPointExtension>
        </extensions>
      </trkpt>
      <trkpt lat="30.20708662457764148712158203125" lon="120.2612991817295551300048828125">
        <ele>7.400000095367431640625</ele>
        <time>2026-08-31T23:25:40.000Z</time>
        <extensions>
          <ns3:TrackPointExtension>
            <ns3:atemp>30.0</ns3:atemp>
            <ns3:hr>161</ns3:hr>
            <ns3:cad>86</ns3:cad>
          </ns3:TrackPointExtension>
        </extensions>
      </trkpt>
      <trkpt lat="30.2070816792547702789306640625" lon="120.261329524219036102294921875">
        <ele>7.400000095367431640625</ele>
        <time>2026-08-31T23:25:41.000Z</time>
        <extensions>
          <ns3:TrackPointExtension>
            <ns3:atemp>30.0</ns3:atemp>
            <ns3:hr>160</ns3:hr>
            <ns3:cad>86</ns3:cad>
          </ns3:TrackPointExtension>
        </extensions>
      </trkpt>
      <trkpt lat="30.207075811922550201416015625" lon="120.26135877706110477447509765625">
        <ele>7.19999980926513671875</ele>
        <time>2026-08-31T23:25:42.000Z</time>
        <extensions>
          <ns3:TrackPointExtension>
            <ns3:atemp>30.0</ns3:atemp>
            <ns3:hr>161</ns3:hr>
            <ns3:cad>85</ns3:cad>
          </ns3:TrackPointExtension>
        </extensions>
      </trkpt>
      <trkpt lat="30.207075141370296478271484375" lon="120.26138777844607830047607421875">
        <ele>7.19999980926513671875</ele>
        <time>2026-08-31T23:25:43.000Z</time>
        <extensions>
          <ns3:TrackPointExtension>
            <ns3:atemp>30.0</ns3:atemp>
            <ns3:hr>161</ns3:hr>
            <ns3:cad>85</ns3:cad>
          </ns3:TrackPointExtension>
        </extensions>
      </trkpt>
      <trkpt lat="30.207076482474803924560546875" lon="120.26141828857362270355224609375">
        <ele>7.19999980926513671875</ele>
        <time>2026-08-31T23:25:44.000Z</time>
        <extensions>
          <ns3:TrackPointExtension>
            <ns3:atemp>30.0</ns3:atemp>
            <ns3:hr>160</ns3:hr>
            <ns3:cad>85</ns3:cad>
          </ns3:TrackPointExtension>
        </extensions>
      </trkpt>
      <trkpt lat="30.20708226598799228668212890625" lon="120.26144142262637615203857421875">
        <ele>7.19999980926513671875</ele>
        <time>2026-08-31T23:25:45.000Z</time>
        <extensions>
          <ns3:TrackPointExtension>
            <ns3:atemp>30.0</ns3:atemp>
            <ns3:hr>161</ns3:hr>
            <ns3:cad>85</ns3:cad>
          </ns3:TrackPointExtension>
        </extensions>
      </trkpt>
      <trkpt lat="30.20708176307380199432373046875" lon="120.26147696189582347869873046875">
        <ele>7.19999980926513671875</ele>
        <time>2026-08-31T23:25:46.000Z</time>
        <extensions>
          <ns3:TrackPointExtension>
            <ns3:atemp>30.0</ns3:atemp>
            <ns3:hr>161</ns3:hr>
            <ns3:cad>86</ns3:cad>
          </ns3:TrackPointExtension>
        </extensions>
      </trkpt>
      <trkpt lat="30.20708017051219940185546875" lon="120.26149858720600605010986328125">
        <ele>7.19999980926513671875</ele>
        <time>2026-08-31T23:25:47.000Z</time>
        <extensions>
          <ns3:TrackPointExtension>
            <ns3:atemp>30.0</ns3:atemp>
            <ns3:hr>160</ns3:hr>
            <ns3:cad>86</ns3:cad>
          </ns3:TrackPointExtension>
        </extensions>
      </trkpt>
      <trkpt lat="30.2070773206651210784912109375" lon="120.26153504848480224609375">
        <ele>7.400000095367431640625</ele>
        <time>2026-08-31T23:25:48.000Z</time>
        <extensions>
          <ns3:TrackPointExtension>
            <ns3:atemp>30.0</ns3:atemp>
            <ns3:hr>161</ns3:hr>
            <ns3:cad>86</ns3:cad>
          </ns3:TrackPointExtension>
        </extensions>
      </trkpt>
      <trkpt lat="30.20707086659967899322509765625" lon="120.2615580148994922637939453125">
        <ele>7.400000095367431640625</ele>
        <time>2026-08-31T23:25:49.000Z</time>
        <extensions>
          <ns3:TrackPointExtension>
            <ns3:atemp>30.0</ns3:atemp>
            <ns3:hr>161</ns3:hr>
            <ns3:cad>86</ns3:cad>
          </ns3:TrackPointExtension>
        </extensions>
      </trkpt>
      <trkpt lat="30.2070702798664569854736328125" lon="120.26159045286476612091064453125">
        <ele>7.400000095367431640625</ele>
        <time>2026-08-31T23:25:50.000Z</time>
        <extensions>
          <ns3:TrackPointExtension>
            <ns3:atemp>30.0</ns3:atemp>
            <ns3:hr>161</ns3:hr>
            <ns3:cad>86</ns3:cad>
          </ns3:TrackPointExtension>
        </extensions>
      </trkpt>
      <trkpt lat="30.20706784911453723907470703125" lon="120.26162046007812023162841796875">
        <ele>7.599999904632568359375</ele>
        <time>2026-08-31T23:25:51.000Z</time>
        <extensions>
          <ns3:TrackPointExtension>
            <ns3:atemp>30.0</ns3:atemp>
            <ns3:hr>161</ns3:hr>
            <ns3:cad>86</ns3:cad>
          </ns3:TrackPointExtension>
        </extensions>
      </trkpt>
      <trkpt lat="30.207064412534236907958984375" lon="120.2616490423679351806640625">
        <ele>7.599999904632568359375</ele>
        <time>2026-08-31T23:25:52.000Z</time>
        <extensions>
          <ns3:TrackPointExtension>
            <ns3:atemp>30.0</ns3:atemp>
            <ns3:hr>161</ns3:hr>
            <ns3:cad>86</ns3:cad>
          </ns3:TrackPointExtension>
        </extensions>
      </trkpt>
      <trkpt lat="30.20706281997263431549072265625" lon="120.26168416254222393035888671875">
        <ele>7.599999904632568359375</ele>
        <time>2026-08-31T23:25:53.000Z</time>
        <extensions>
          <ns3:TrackPointExtension>
            <ns3:atemp>30.0</ns3:atemp>
            <ns3:hr>161</ns3:hr>
            <ns3:cad>86</ns3:cad>
          </ns3:TrackPointExtension>
        </extensions>
      </trkpt>
      <trkpt lat="30.20706315524876117706298828125" lon="120.261708386242389678955078125">
        <ele>7.599999904632568359375</ele>
        <time>2026-08-31T23:25:54.000Z</time>
        <extensions>
          <ns3:TrackPointExtension>
            <ns3:atemp>30.0</ns3:atemp>
            <ns3:hr>161</ns3:hr>
            <ns3:cad>86</ns3:cad>
          </ns3:TrackPointExtension>
        </extensions>
      </trkpt>
      <trkpt lat="30.2070558629930019378662109375" lon="120.26174300350248813629150390625">
        <ele>7.599999904632568359375</ele>
        <time>2026-08-31T23:25:55.000Z</time>
        <extensions>
          <ns3:TrackPointExtension>
            <ns3:atemp>30.0</ns3:atemp>
            <ns3:hr>161</ns3:hr>
            <ns3:cad>86</ns3:cad>
          </ns3:TrackPointExtension>
        </extensions>
      </trkpt>
      <trkpt lat="30.20705242641270160675048828125" lon="120.2617665566504001617431640625">
        <ele>7.599999904632568359375</ele>
        <time>2026-08-31T23:25:56.000Z</time>
        <extensions>
          <ns3:TrackPointExtension>
            <ns3:atemp>30.0</ns3:atemp>
            <ns3:hr>162</ns3:hr>
            <ns3:cad>86</ns3:cad>
          </ns3:TrackPointExtension>
        </extensions>
      </trkpt>
      <trkpt lat="30.20705091767013072967529296875" lon="120.26179949752986431121826171875">
        <ele>7.80000019073486328125</ele>
        <time>2026-08-31T23:25:57.000Z</time>
        <extensions>
          <ns3:TrackPointExtension>
            <ns3:atemp>30.0</ns3:atemp>
            <ns3:hr>162</ns3:hr>
            <ns3:cad>86</ns3:cad>
          </ns3:TrackPointExtension>
        </extensions>
      </trkpt>
      <trkpt lat="30.20705091767013072967529296875" lon="120.2618289180099964141845703125">
        <ele>7.80000019073486328125</ele>
        <time>2026-08-31T23:25:58.000Z</time>
        <extensions>
          <ns3:TrackPointExtension>
            <ns3:atemp>30.0</ns3:atemp>
            <ns3:hr>164</ns3:hr>
            <ns3:cad>86</ns3:cad>
          </ns3:TrackPointExtension>
        </extensions>
      </trkpt>
      <trkpt lat="30.20705058239400386810302734375" lon="120.26185833849012851715087890625">
        <ele>7.80000019073486328125</ele>
        <time>2026-08-31T23:25:59.000Z</time>
        <extensions>
          <ns3:TrackPointExtension>
            <ns3:atemp>30.0</ns3:atemp>
            <ns3:hr>165</ns3:hr>
            <ns3:cad>87</ns3:cad>
          </ns3:TrackPointExtension>
        </extensions>
      </trkpt>
      <trkpt lat="30.20705192349851131439208984375" lon="120.26189337484538555145263671875">
        <ele>7.599999904632568359375</ele>
        <time>2026-08-31T23:26:00.000Z</time>
        <extensions>
          <ns3:TrackPointExtension>
            <ns3:atemp>30.0</ns3:atemp>
            <ns3:hr>166</ns3:hr>
            <ns3:cad>86</ns3:cad>
          </ns3:TrackPointExtension>
        </extensions>
      </trkpt>
      <trkpt lat="30.207049660384654998779296875" lon="120.26191256940364837646484375">
        <ele>7.599999904632568359375</ele>
        <time>2026-08-31T23:26:01.000Z</time>
        <extensions>
          <ns3:TrackPointExtension>
            <ns3:atemp>30.0</ns3:atemp>
            <ns3:hr>166</ns3:hr>
            <ns3:cad>85</ns3:cad>
          </ns3:TrackPointExtension>
        </extensions>
      </trkpt>
      <trkpt lat="30.2070498280227184295654296875" lon="120.2619301714003086090087890625">
        <ele>7.80000019073486328125</ele>
        <time>2026-08-31T23:26:02.000Z</time>
        <extensions>
          <ns3:TrackPointExtension>
            <ns3:atemp>30.0</ns3:atemp>
            <ns3:hr>166</ns3:hr>
            <ns3:cad>85</ns3:cad>
          </ns3:TrackPointExtension>
        </extensions>
      </trkpt>
      <trkpt lat="30.2070501632988452911376953125" lon="120.2619462646543979644775390625">
        <ele>7.80000019073486328125</ele>
        <time>2026-08-31T23:26:03.000Z</time>
        <extensions>
          <ns3:TrackPointExtension>
            <ns3:atemp>30.0</ns3:atemp>
            <ns3:hr>167</ns3:hr>
            <ns3:cad>85</ns3:cad>
          </ns3:TrackPointExtension>
        </extensions>
      </trkpt>
      <trkpt lat="30.20705712027847766876220703125" lon="120.2619496174156665802001953125">
        <ele>8</ele>
        <time>2026-08-31T23:26:04.000Z</time>
        <extensions>
          <ns3:TrackPointExtension>
            <ns3:atemp>30.0</ns3:atemp>
            <ns3:hr>166</ns3:hr>
            <ns3:cad>86</ns3:cad>
          </ns3:TrackPointExtension>
        </extensions>
      </trkpt>
      <trkpt lat="30.20706214942038059234619140625" lon="120.26196462102234363555908203125">
        <ele>7.80000019073486328125</ele>
        <time>2026-08-31T23:26:05.000Z</time>
        <extensions>
          <ns3:TrackPointExtension>
            <ns3:atemp>30.0</ns3:atemp>
            <ns3:hr>166</ns3:hr>
            <ns3:cad>86</ns3:cad>
          </ns3:TrackPointExtension>
        </extensions>
      </trkpt>
      <trkpt lat="30.20705871284008026123046875" lon="120.261978618800640106201171875">
        <ele>7.80000019073486328125</ele>
        <time>2026-08-31T23:26:06.000Z</time>
        <extensions>
          <ns3:TrackPointExtension>
            <ns3:atemp>30.0</ns3:atemp>
            <ns3:hr>166</ns3:hr>
            <ns3:cad>86</ns3:cad>
          </ns3:TrackPointExtension>
        </extensions>
      </trkpt>
      <trkpt lat="30.2070608921349048614501953125" lon="120.26199077256023883819580078125">
        <ele>7.80000019073486328125</ele>
        <time>2026-08-31T23:26:07.000Z</time>
        <extensions>
          <ns3:TrackPointExtension>
            <ns3:atemp>30.0</ns3:atemp>
            <ns3:hr>166</ns3:hr>
            <ns3:cad>0</ns3:cad>
          </ns3:TrackPointExtension>
        </extensions>
      </trkpt>
      <trkpt lat="30.20707212388515472412109375" lon="120.26200569234788417816162109375">
        <ele>7.599999904632568359375</ele>
        <time>2026-08-31T23:26:08.000Z</time>
        <extensions>
          <ns3:TrackPointExtension>
            <ns3:atemp>30.0</ns3:atemp>
            <ns3:hr>166</ns3:hr>
            <ns3:cad>0</ns3:cad>
          </ns3:TrackPointExtension>
        </extensions>
      </trkpt>
      <trkpt lat="30.20707522518932819366455078125" lon="120.2620203606784343719482421875">
        <ele>7.599999904632568359375</ele>
        <time>2026-08-31T23:26:09.000Z</time>
        <extensions>
          <ns3:TrackPointExtension>
            <ns3:atemp>30.0</ns3:atemp>
            <ns3:hr>166</ns3:hr>
            <ns3:cad>115</ns3:cad>
          </ns3:TrackPointExtension>
        </extensions>
      </trkpt>
      <trkpt lat="30.207079164683818817138671875" lon="120.26203787885606288909912109375">
        <ele>7.599999904632568359375</ele>
        <time>2026-08-31T23:26:10.000Z</time>
        <extensions>
          <ns3:TrackPointExtension>
            <ns3:atemp>30.0</ns3:atemp>
            <ns3:hr>166</ns3:hr>
            <ns3:cad>115</ns3:cad>
          </ns3:TrackPointExtension>
        </extensions>
      </trkpt>
      <trkpt lat="30.20708528347313404083251953125" lon="120.2620465122163295745849609375">
        <ele>7.599999904632568359375</ele>
        <time>2026-08-31T23:26:11.000Z</time>
        <extensions>
          <ns3:TrackPointExtension>
            <ns3:atemp>30.0</ns3:atemp>
            <ns3:hr>165</ns3:hr>
            <ns3:cad>115</ns3:cad>
          </ns3:TrackPointExtension>
        </extensions>
      </trkpt>
      <trkpt lat="30.20708411000669002532958984375" lon="120.2620626054704189300537109375">
        <ele>7.599999904632568359375</ele>
        <time>2026-08-31T23:26:12.000Z</time>
        <extensions>
          <ns3:TrackPointExtension>
            <ns3:atemp>30.0</ns3:atemp>
            <ns3:hr>165</ns3:hr>
            <ns3:cad>115</ns3:cad>
          </ns3:TrackPointExtension>
        </extensions>
      </trkpt>
      <trkpt lat="30.20708058960735797882080078125" lon="120.26208247058093547821044921875">
        <ele>7.599999904632568359375</ele>
        <time>2026-08-31T23:26:13.000Z</time>
        <extensions>
          <ns3:TrackPointExtension>
            <ns3:atemp>30.0</ns3:atemp>
            <ns3:hr>166</ns3:hr>
            <ns3:cad>58</ns3:cad>
          </ns3:TrackPointExtension>
        </extensions>
      </trkpt>
      <trkpt lat="30.20707891322672367095947265625" lon="120.2620981447398662567138671875">
        <ele>7.400000095367431640625</ele>
        <time>2026-08-31T23:26:14.000Z</time>
        <extensions>
          <ns3:TrackPointExtension>
            <ns3:atemp>30.0</ns3:atemp>
            <ns3:hr>166</ns3:hr>
            <ns3:cad>58</ns3:cad>
          </ns3:TrackPointExtension>
        </extensions>
      </trkpt>
      <trkpt lat="30.20707958377897739410400390625" lon="120.2621115557849407196044921875">
        <ele>7.400000095367431640625</ele>
        <time>2026-08-31T23:26:15.000Z</time>
        <extensions>
          <ns3:TrackPointExtension>
            <ns3:atemp>30.0</ns3:atemp>
            <ns3:hr>167</ns3:hr>
            <ns3:cad>58</ns3:cad>
          </ns3:TrackPointExtension>
        </extensions>
      </trkpt>
      <trkpt lat="30.2070793323218822479248046875" lon="120.2621226198971271514892578125">
        <ele>7.400000095367431640625</ele>
        <time>2026-08-31T23:26:16.000Z</time>
        <extensions>
          <ns3:TrackPointExtension>
            <ns3:atemp>30.0</ns3:atemp>
            <ns3:hr>167</ns3:hr>
            <ns3:cad>58</ns3:cad>
          </ns3:TrackPointExtension>
        </extensions>
      </trkpt>
      <trkpt lat="30.2070800028741359710693359375" lon="120.26213561184704303741455078125">
        <ele>7.400000095367431640625</ele>
        <time>2026-08-31T23:26:17.000Z</time>
        <extensions>
          <ns3:TrackPointExtension>
            <ns3:atemp>30.0</ns3:atemp>
            <ns3:hr>167</ns3:hr>
            <ns3:cad>57</ns3:cad>
          </ns3:TrackPointExtension>
        </extensions>
      </trkpt>
      <trkpt lat="30.20708075724542140960693359375" lon="120.26214952580630779266357421875">
        <ele>7.400000095367431640625</ele>
        <time>2026-08-31T23:26:18.000Z</time>
        <extensions>
          <ns3:TrackPointExtension>
            <ns3:atemp>30.0</ns3:atemp>
            <ns3:hr>166</ns3:hr>
            <ns3:cad>57</ns3:cad>
          </ns3:TrackPointExtension>
        </extensions>
      </trkpt>
      <trkpt lat="30.207079164683818817138671875" lon="120.262162350118160247802734375">
        <ele>7.19999980926513671875</ele>
        <time>2026-08-31T23:26:19.000Z</time>
        <extensions>
          <ns3:TrackPointExtension>
            <ns3:atemp>30.0</ns3:atemp>
            <ns3:hr>166</ns3:hr>
            <ns3:cad>58</ns3:cad>
          </ns3:TrackPointExtension>
        </extensions>
      </trkpt>
      <trkpt lat="30.2070810087025165557861328125" lon="120.26217483915388584136962890625">
        <ele>7.19999980926513671875</ele>
        <time>2026-08-31T23:26:20.000Z</time>
        <extensions>
          <ns3:TrackPointExtension>
            <ns3:atemp>30.0</ns3:atemp>
            <ns3:hr>165</ns3:hr>
            <ns3:cad>58</ns3:cad>
          </ns3:TrackPointExtension>
        </extensions>
      </trkpt>
      <trkpt lat="30.2070823498070240020751953125" lon="120.2621846459805965423583984375">
        <ele>7.19999980926513671875</ele>
        <time>2026-08-31T23:26:21.000Z</time>
        <extensions>
          <ns3:TrackPointExtension>
            <ns3:atemp>30.0</ns3:atemp>
            <ns3:hr>164</ns3:hr>
            <ns3:cad>58</ns3:cad>
          </ns3:TrackPointExtension>
        </extensions>
      </trkpt>
      <trkpt lat="30.20708193071186542510986328125" lon="120.26219562627375125885009765625">
        <ele>7.19999980926513671875</ele>
        <time>2026-08-31T23:26:22.000Z</time>
        <extensions>
          <ns3:TrackPointExtension>
            <ns3:atemp>30.0</ns3:atemp>
            <ns3:hr>164</ns3:hr>
            <ns3:cad>58</ns3:cad>
          </ns3:TrackPointExtension>
        </extensions>
      </trkpt>
      <trkpt lat="30.20708226598799228668212890625" lon="120.26220836676657199859619140625">
        <ele>7.400000095367431640625</ele>
        <time>2026-08-31T23:26:23.000Z</time>
        <extensions>
          <ns3:TrackPointExtension>
            <ns3:atemp>30.0</ns3:atemp>
            <ns3:hr>163</ns3:hr>
            <ns3:cad>58</ns3:cad>
          </ns3:TrackPointExtension>
        </extensions>
      </trkpt>
      <trkpt lat="30.20708310417830944061279296875" lon="120.26221834123134613037109375">
        <ele>7.400000095367431640625</ele>
        <time>2026-08-31T23:26:24.000Z</time>
        <extensions>
          <ns3:TrackPointExtension>
            <ns3:atemp>30.0</ns3:atemp>
            <ns3:hr>162</ns3:hr>
            <ns3:cad>58</ns3:cad>
          </ns3:TrackPointExtension>
        </extensions>
      </trkpt>
      <trkpt lat="30.2070863731205463409423828125" lon="120.26223133318126201629638671875">
        <ele>7.400000095367431640625</ele>
        <time>2026-08-31T23:26:25.000Z</time>
        <extensions>
          <ns3:TrackPointExtension>
            <ns3:atemp>30.0</ns3:atemp>
            <ns3:hr>161</ns3:hr>
            <ns3:cad>58</ns3:cad>
          </ns3:TrackPointExtension>
        </extensions>
      </trkpt>
      <trkpt lat="30.20708561874926090240478515625" lon="120.26224742643535137176513671875">
        <ele>7.599999904632568359375</ele>
        <time>2026-08-31T23:26:26.000Z</time>
        <extensions>
          <ns3:TrackPointExtension>
            <ns3:atemp>30.0</ns3:atemp>
            <ns3:hr>160</ns3:hr>
            <ns3:cad>58</ns3:cad>
          </ns3:TrackPointExtension>
        </extensions>
      </trkpt>
      <trkpt lat="30.2070850320160388946533203125" lon="120.26226393878459930419921875">
        <ele>7.599999904632568359375</ele>
        <time>2026-08-31T23:26:27.000Z</time>
        <extensions>
          <ns3:TrackPointExtension>
            <ns3:atemp>30.0</ns3:atemp>
            <ns3:hr>159</ns3:hr>
            <ns3:cad>58</ns3:cad>
          </ns3:TrackPointExtension>
        </extensions>
      </trkpt>
      <trkpt lat="30.2070853672921657562255859375" lon="120.262277685105800628662109375">
        <ele>7.599999904632568359375</ele>
        <time>2026-08-31T23:26:28.000Z</time>
        <extensions>
          <ns3:TrackPointExtension>
            <ns3:atemp>30.0</ns3:atemp>
            <ns3:hr>159</ns3:hr>
            <ns3:cad>57</ns3:cad>
          </ns3:TrackPointExtension>
        </extensions>
      </trkpt>
      <trkpt lat="30.2070843614637851715087890625" lon="120.26229419745504856109619140625">
        <ele>7.599999904632568359375</ele>
        <time>2026-08-31T23:26:29.000Z</time>
        <extensions>
          <ns3:TrackPointExtension>
            <ns3:atemp>30.0</ns3:atemp>
            <ns3:hr>158</ns3:hr>
            <ns3:cad>57</ns3:cad>
          </ns3:TrackPointExtension>
        </extensions>
      </trkpt>
      <trkpt lat="30.20708042196929454803466796875" lon="120.26231146417558193206787109375">
        <ele>7.599999904632568359375</ele>
        <time>2026-08-31T23:26:30.000Z</time>
        <extensions>
          <ns3:TrackPointExtension>
            <ns3:atemp>30.0</ns3:atemp>
            <ns3:hr>158</ns3:hr>
            <ns3:cad>57</ns3:cad>
          </ns3:TrackPointExtension>
        </extensions>
      </trkpt>
      <trkpt lat="30.2070783264935016632080078125" lon="120.26232806034386157989501953125">
        <ele>7.599999904632568359375</ele>
        <time>2026-08-31T23:26:31.000Z</time>
        <extensions>
          <ns3:TrackPointExtension>
            <ns3:atemp>30.0</ns3:atemp>
            <ns3:hr>157</ns3:hr>
            <ns3:cad>58</ns3:cad>
          </ns3:TrackPointExtension>
        </extensions>
      </trkpt>
      <trkpt lat="30.20707455463707447052001953125" lon="120.26234440505504608154296875">
        <ele>7.400000095367431640625</ele>
        <time>2026-08-31T23:26:32.000Z</time>
        <extensions>
          <ns3:TrackPointExtension>
            <ns3:atemp>30.0</ns3:atemp>
            <ns3:hr>156</ns3:hr>
            <ns3:cad>58</ns3:cad>
          </ns3:TrackPointExtension>
        </extensions>
      </trkpt>
      <trkpt lat="30.20707614719867706298828125" lon="120.2623610012233257293701171875">
        <ele>7.400000095367431640625</ele>
        <time>2026-08-31T23:26:33.000Z</time>
        <extensions>
          <ns3:TrackPointExtension>
            <ns3:atemp>30.0</ns3:atemp>
            <ns3:hr>155</ns3:hr>
            <ns3:cad>58</ns3:cad>
          </ns3:TrackPointExtension>
        </extensions>
      </trkpt>
      <trkpt lat="30.20707841031253337860107421875" lon="120.26237533427774906158447265625">
        <ele>7.400000095367431640625</ele>
        <time>2026-08-31T23:26:34.000Z</time>
        <extensions>
          <ns3:TrackPointExtension>
            <ns3:atemp>30.0</ns3:atemp>
            <ns3:hr>154</ns3:hr>
            <ns3:cad>58</ns3:cad>
          </ns3:TrackPointExtension>
        </extensions>
      </trkpt>
      <trkpt lat="30.2070803381502628326416015625" lon="120.26239268481731414794921875">
        <ele>7.400000095367431640625</ele>
        <time>2026-08-31T23:26:35.000Z</time>
        <extensions>
          <ns3:TrackPointExtension>
            <ns3:atemp>30.0</ns3:atemp>
            <ns3:hr>153</ns3:hr>
            <ns3:cad>57</ns3:cad>
          </ns3:TrackPointExtension>
        </extensions>
      </trkpt>
      <trkpt lat="30.2070816792547702789306640625" lon="120.26240919716656208038330078125">
        <ele>7.400000095367431640625</ele>
        <time>2026-08-31T23:26:36.000Z</time>
        <extensions>
          <ns3:TrackPointExtension>
            <ns3:atemp>30.0</ns3:atemp>
            <ns3:hr>152</ns3:hr>
            <ns3:cad>57</ns3:cad>
          </ns3:TrackPointExtension>
        </extensions>
      </trkpt>
      <trkpt lat="30.207081176340579986572265625" lon="120.26242897845804691314697265625">
        <ele>7.400000095367431640625</ele>
        <time>2026-08-31T23:26:37.000Z</time>
        <extensions>
          <ns3:TrackPointExtension>
            <ns3:atemp>30.0</ns3:atemp>
            <ns3:hr>152</ns3:hr>
            <ns3:cad>57</ns3:cad>
          </ns3:TrackPointExtension>
        </extensions>
      </trkpt>
      <trkpt lat="30.2070806734263896942138671875" lon="120.26244792155921459197998046875">
        <ele>7.400000095367431640625</ele>
        <time>2026-08-31T23:26:38.000Z</time>
        <extensions>
          <ns3:TrackPointExtension>
            <ns3:atemp>30.0</ns3:atemp>
            <ns3:hr>151</ns3:hr>
            <ns3:cad>57</ns3:cad>
          </ns3:TrackPointExtension>
        </extensions>
      </trkpt>
      <trkpt lat="30.20707690156996250152587890625" lon="120.26247088797390460968017578125">
        <ele>7.599999904632568359375</ele>
        <time>2026-08-31T23:26:39.000Z</time>
        <extensions>
          <ns3:TrackPointExtension>
            <ns3:atemp>30.0</ns3:atemp>
            <ns3:hr>150</ns3:hr>
            <ns3:cad>57</ns3:cad>
          </ns3:TrackPointExtension>
        </extensions>
      </trkpt>
      <trkpt lat="30.20707522518932819366455078125" lon="120.26249729096889495849609375">
        <ele>7.599999904632568359375</ele>
        <time>2026-08-31T23:26:40.000Z</time>
        <extensions>
          <ns3:TrackPointExtension>
            <ns3:atemp>30.0</ns3:atemp>
            <ns3:hr>149</ns3:hr>
            <ns3:cad>57</ns3:cad>
          </ns3:TrackPointExtension>
        </extensions>
      </trkpt>
      <trkpt lat="30.2070719562470912933349609375" lon="120.26252545416355133056640625">
        <ele>7.599999904632568359375</ele>
        <time>2026-08-31T23:26:41.000Z</time>
        <extensions>
          <ns3:TrackPointExtension>
            <ns3:atemp>30.0</ns3:atemp>
            <ns3:hr>148</ns3:hr>
            <ns3:cad>81</ns3:cad>
          </ns3:TrackPointExtension>
        </extensions>
      </trkpt>
      <trkpt lat="30.207066424190998077392578125" lon="120.26255764067173004150390625">
        <ele>7.599999904632568359375</ele>
        <time>2026-08-31T23:26:42.000Z</time>
        <extensions>
          <ns3:TrackPointExtension>
            <ns3:atemp>30.0</ns3:atemp>
            <ns3:hr>148</ns3:hr>
            <ns3:cad>82</ns3:cad>
          </ns3:TrackPointExtension>
        </extensions>
      </trkpt>
      <trkpt lat="30.2070612274110317230224609375" lon="120.26258622296154499053955078125">
        <ele>7.599999904632568359375</ele>
        <time>2026-08-31T23:26:43.000Z</time>
        <extensions>
          <ns3:TrackPointExtension>
            <ns3:atemp>30.0</ns3:atemp>
            <ns3:hr>149</ns3:hr>
            <ns3:cad>82</ns3:cad>
          </ns3:TrackPointExtension>
        </extensions>
      </trkpt>
      <trkpt lat="30.2070585452020168304443359375" lon="120.26262067258358001708984375">
        <ele>7.599999904632568359375</ele>
        <time>2026-08-31T23:26:44.000Z</time>
        <extensions>
          <ns3:TrackPointExtension>
            <ns3:atemp>30.0</ns3:atemp>
            <ns3:hr>148</ns3:hr>
            <ns3:cad>82</ns3:cad>
          </ns3:TrackPointExtension>
        </extensions>
      </trkpt>
      <trkpt lat="30.207057036459445953369140625" lon="120.262650512158870697021484375">
        <ele>7.599999904632568359375</ele>
        <time>2026-08-31T23:26:45.000Z</time>
        <extensions>
          <ns3:TrackPointExtension>
            <ns3:atemp>30.0</ns3:atemp>
            <ns3:hr>148</ns3:hr>
            <ns3:cad>83</ns3:cad>
          </ns3:TrackPointExtension>
        </extensions>
      </trkpt>
      <trkpt lat="30.2070625685155391693115234375" lon="120.26267741806805133819580078125">
        <ele>7.599999904632568359375</ele>
        <time>2026-08-31T23:26:46.000Z</time>
        <extensions>
          <ns3:TrackPointExtension>
            <ns3:atemp>30.0</ns3:atemp>
            <ns3:hr>146</ns3:hr>
            <ns3:cad>84</ns3:cad>
          </ns3:TrackPointExtension>
        </extensions>
      </trkpt>
      <trkpt lat="30.2070608921349048614501953125" lon="120.2627073414623737335205078125">
        <ele>7.599999904632568359375</ele>
        <time>2026-08-31T23:26:47.000Z</time>
        <extensions>
          <ns3:TrackPointExtension>
            <ns3:atemp>30.0</ns3:atemp>
            <ns3:hr>145</ns3:hr>
            <ns3:cad>84</ns3:cad>
          </ns3:TrackPointExtension>
        </extensions>
      </trkpt>
      <trkpt lat="30.20705846138298511505126953125" lon="120.26272796094417572021484375">
        <ele>7.599999904632568359375</ele>
        <time>2026-08-31T23:26:48.000Z</time>
        <extensions>
          <ns3:TrackPointExtension>
            <ns3:atemp>30.0</ns3:atemp>
            <ns3:hr>141</ns3:hr>
            <ns3:cad>84</ns3:cad>
          </ns3:TrackPointExtension>
        </extensions>
      </trkpt>
      <trkpt lat="30.2070541866123676300048828125" lon="120.2627616561949253082275390625">
        <ele>7.599999904632568359375</ele>
        <time>2026-08-31T23:26:49.000Z</time>
        <extensions>
          <ns3:TrackPointExtension>
            <ns3:atemp>30.0</ns3:atemp>
            <ns3:hr>139</ns3:hr>
            <ns3:cad>85</ns3:cad>
          </ns3:TrackPointExtension>
        </extensions>
      </trkpt>
      <trkpt lat="30.2070501632988452911376953125" lon="120.26278554461896419525146484375">
        <ele>7.599999904632568359375</ele>
        <time>2026-08-31T23:26:50.000Z</time>
        <extensions>
          <ns3:TrackPointExtension>
            <ns3:atemp>30.0</ns3:atemp>
            <ns3:hr>139</ns3:hr>
            <ns3:cad>85</ns3:cad>
          </ns3:TrackPointExtension>
        </extensions>
      </trkpt>
      <trkpt lat="30.20704672671854496002197265625" lon="120.262815468013286590576171875">
        <ele>7.599999904632568359375</ele>
        <time>2026-08-31T23:26:51.000Z</time>
        <extensions>
          <ns3:TrackPointExtension>
            <ns3:atemp>30.0</ns3:atemp>
            <ns3:hr>139</ns3:hr>
            <ns3:cad>85</ns3:cad>
          </ns3:TrackPointExtension>
        </extensions>
      </trkpt>
      <trkpt lat="30.20704773254692554473876953125" lon="120.26284388266503810882568359375">
        <ele>7.599999904632568359375</ele>
        <time>2026-08-31T23:26:52.000Z</time>
        <extensions>
          <ns3:TrackPointExtension>
            <ns3:atemp>30.0</ns3:atemp>
            <ns3:hr>139</ns3:hr>
            <ns3:cad>85</ns3:cad>
          </ns3:TrackPointExtension>
        </extensions>
      </trkpt>
      <trkpt lat="30.2070568688213825225830078125" lon="120.26287137530744075775146484375">
        <ele>7.400000095367431640625</ele>
        <time>2026-08-31T23:26:53.000Z</time>
        <extensions>
          <ns3:TrackPointExtension>
            <ns3:atemp>30.0</ns3:atemp>
            <ns3:hr>139</ns3:hr>
            <ns3:cad>86</ns3:cad>
          </ns3:TrackPointExtension>
        </extensions>
      </trkpt>
      <trkpt lat="30.20705292932689189910888671875" lon="120.2629043161869049072265625">
        <ele>7.400000095367431640625</ele>
        <time>2026-08-31T23:26:54.000Z</time>
        <extensions>
          <ns3:TrackPointExtension>
            <ns3:atemp>30.0</ns3:atemp>
            <ns3:hr>138</ns3:hr>
            <ns3:cad>86</ns3:cad>
          </ns3:TrackPointExtension>
        </extensions>
      </trkpt>
      <trkpt lat="30.20705024711787700653076171875" lon="120.26293071918189525604248046875">
        <ele>7.400000095367431640625</ele>
        <time>2026-08-31T23:26:55.000Z</time>
        <extensions>
          <ns3:TrackPointExtension>
            <ns3:atemp>30.0</ns3:atemp>
            <ns3:hr>139</ns3:hr>
            <ns3:cad>85</ns3:cad>
          </ns3:TrackPointExtension>
        </extensions>
      </trkpt>
      <trkpt lat="30.20705024711787700653076171875" lon="120.26296642608940601348876953125">
        <ele>7.400000095367431640625</ele>
        <time>2026-08-31T23:26:56.000Z</time>
        <extensions>
          <ns3:TrackPointExtension>
            <ns3:atemp>30.0</ns3:atemp>
            <ns3:hr>139</ns3:hr>
            <ns3:cad>86</ns3:cad>
          </ns3:TrackPointExtension>
        </extensions>
      </trkpt>
      <trkpt lat="30.20705309696495532989501953125" lon="120.262997858226299285888671875">
        <ele>7.400000095367431640625</ele>
        <time>2026-08-31T23:26:57.000Z</time>
        <extensions>
          <ns3:TrackPointExtension>
            <ns3:atemp>30.0</ns3:atemp>
            <ns3:hr>139</ns3:hr>
            <ns3:cad>86</ns3:cad>
          </ns3:TrackPointExtension>
        </extensions>
      </trkpt>
      <trkpt lat="30.20704974420368671417236328125" lon="120.26303130201995372772216796875">
        <ele>7.400000095367431640625</ele>
        <time>2026-08-31T23:26:58.000Z</time>
        <extensions>
          <ns3:TrackPointExtension>
            <ns3:atemp>30.0</ns3:atemp>
            <ns3:hr>139</ns3:hr>
            <ns3:cad>86</ns3:cad>
          </ns3:TrackPointExtension>
        </extensions>
      </trkpt>
      <trkpt lat="30.20705024711787700653076171875" lon="120.26306197978556156158447265625">
        <ele>7.400000095367431640625</ele>
        <time>2026-08-31T23:26:59.000Z</time>
        <extensions>
          <ns3:TrackPointExtension>
            <ns3:atemp>30.0</ns3:atemp>
            <ns3:hr>140</ns3:hr>
            <ns3:cad>86</ns3:cad>
          </ns3:TrackPointExtension>
        </extensions>
      </trkpt>
      <trkpt lat="30.2070508338510990142822265625" lon="120.26309165172278881072998046875">
        <ele>7.19999980926513671875</ele>
        <time>2026-08-31T23:27:00.000Z</time>
        <extensions>
          <ns3:TrackPointExtension>
            <ns3:atemp>30.0</ns3:atemp>
            <ns3:hr>142</ns3:hr>
            <ns3:cad>86</ns3:cad>
          </ns3:TrackPointExtension>
        </extensions>
      </trkpt>
      <trkpt lat="30.2070481516420841217041015625" lon="120.2631254307925701141357421875">
        <ele>7.400000095367431640625</ele>
        <time>2026-08-31T23:27:01.000Z</time>
        <extensions>
          <ns3:TrackPointExtension>
            <ns3:atemp>30.0</ns3:atemp>
            <ns3:hr>144</ns3:hr>
            <ns3:cad>86</ns3:cad>
          </ns3:TrackPointExtension>
        </extensions>
      </trkpt>
      <trkpt lat="30.20705242641270160675048828125" lon="120.263151414692401885986328125">
        <ele>7.400000095367431640625</ele>
        <time>2026-08-31T23:27:02.000Z</time>
        <extensions>
          <ns3:TrackPointExtension>
            <ns3:atemp>30.0</ns3:atemp>
            <ns3:hr>145</ns3:hr>
            <ns3:cad>86</ns3:cad>
          </ns3:TrackPointExtension>
        </extensions>
      </trkpt>
      <trkpt lat="30.20705142058432102203369140625" lon="120.2631854452192783355712890625">
        <ele>7.400000095367431640625</ele>
        <time>2026-08-31T23:27:03.000Z</time>
        <extensions>
          <ns3:TrackPointExtension>
            <ns3:atemp>30.0</ns3:atemp>
            <ns3:hr>147</ns3:hr>
            <ns3:cad>86</ns3:cad>
          </ns3:TrackPointExtension>
        </extensions>
      </trkpt>
      <trkpt lat="30.20704798400402069091796875" lon="120.2632075734436511993408203125">
        <ele>7.400000095367431640625</ele>
        <time>2026-08-31T23:27:04.000Z</time>
        <extensions>
          <ns3:TrackPointExtension>
            <ns3:atemp>30.0</ns3:atemp>
            <ns3:hr>148</ns3:hr>
            <ns3:cad>86</ns3:cad>
          </ns3:TrackPointExtension>
        </extensions>
      </trkpt>
      <trkpt lat="30.20704236812889575958251953125" lon="120.26324269361793994903564453125">
        <ele>7.400000095367431640625</ele>
        <time>2026-08-31T23:27:05.000Z</time>
        <extensions>
          <ns3:TrackPointExtension>
            <ns3:atemp>30.0</ns3:atemp>
            <ns3:hr>148</ns3:hr>
            <ns3:cad>86</ns3:cad>
          </ns3:TrackPointExtension>
        </extensions>
      </trkpt>
      <trkpt lat="30.20703482441604137420654296875" lon="120.263272114098072052001953125">
        <ele>7.400000095367431640625</ele>
        <time>2026-08-31T23:27:06.000Z</time>
        <extensions>
          <ns3:TrackPointExtension>
            <ns3:atemp>30.0</ns3:atemp>
            <ns3:hr>149</ns3:hr>
            <ns3:cad>86</ns3:cad>
          </ns3:TrackPointExtension>
        </extensions>
      </trkpt>
      <trkpt lat="30.2070327289402484893798828125" lon="120.2633031271398067474365234375">
        <ele>7.19999980926513671875</ele>
        <time>2026-08-31T23:27:07.000Z</time>
        <extensions>
          <ns3:TrackPointExtension>
            <ns3:atemp>30.0</ns3:atemp>
            <ns3:hr>150</ns3:hr>
            <ns3:cad>86</ns3:cad>
          </ns3:TrackPointExtension>
        </extensions>
      </trkpt>
      <trkpt lat="30.207027532160282135009765625" lon="120.26333405636250972747802734375">
        <ele>7.19999980926513671875</ele>
        <time>2026-08-31T23:27:08.000Z</time>
        <extensions>
          <ns3:TrackPointExtension>
            <ns3:atemp>30.0</ns3:atemp>
            <ns3:hr>150</ns3:hr>
            <ns3:cad>86</ns3:cad>
          </ns3:TrackPointExtension>
        </extensions>
      </trkpt>
      <trkpt lat="30.20703046582639217376708984375" lon="120.2633634768426418304443359375">
        <ele>7.19999980926513671875</ele>
        <time>2026-08-31T23:27:09.000Z</time>
        <extensions>
          <ns3:TrackPointExtension>
            <ns3:atemp>30.0</ns3:atemp>
            <ns3:hr>150</ns3:hr>
            <ns3:cad>86</ns3:cad>
          </ns3:TrackPointExtension>
        </extensions>
      </trkpt>
      <trkpt lat="30.20703264512121677398681640625" lon="120.26339608244597911834716796875">
        <ele>7.19999980926513671875</ele>
        <time>2026-08-31T23:27:10.000Z</time>
        <extensions>
          <ns3:TrackPointExtension>
            <ns3:atemp>30.0</ns3:atemp>
            <ns3:hr>151</ns3:hr>
            <ns3:cad>86</ns3:cad>
          </ns3:TrackPointExtension>
        </extensions>
      </trkpt>
      <trkpt lat="30.20703591406345367431640625" lon="120.263420641422271728515625">
        <ele>7.19999980926513671875</ele>
        <time>2026-08-31T23:27:11.000Z</time>
        <extensions>
          <ns3:TrackPointExtension>
            <ns3:atemp>30.0</ns3:atemp>
            <ns3:hr>151</ns3:hr>
            <ns3:cad>86</ns3:cad>
          </ns3:TrackPointExtension>
        </extensions>
      </trkpt>
      <trkpt lat="30.2070454694330692291259765625" lon="120.2634536661207675933837890625">
        <ele>7.19999980926513671875</ele>
        <time>2026-08-31T23:27:12.000Z</time>
        <extensions>
          <ns3:TrackPointExtension>
            <ns3:atemp>30.0</ns3:atemp>
            <ns3:hr>152</ns3:hr>
            <ns3:cad>86</ns3:cad>
          </ns3:TrackPointExtension>
        </extensions>
      </trkpt>
      <trkpt lat="30.20706332288682460784912109375" lon="120.26347571052610874176025390625">
        <ele>7.400000095367431640625</ele>
        <time>2026-08-31T23:27:13.000Z</time>
        <extensions>
          <ns3:TrackPointExtension>
            <ns3:atemp>30.0</ns3:atemp>
            <ns3:hr>152</ns3:hr>
            <ns3:cad>87</ns3:cad>
          </ns3:TrackPointExtension>
        </extensions>
      </trkpt>
      <trkpt lat="30.20708176307380199432373046875" lon="120.26349867694079875946044921875">
        <ele>7.400000095367431640625</ele>
        <time>2026-08-31T23:27:14.000Z</time>
        <extensions>
          <ns3:TrackPointExtension>
            <ns3:atemp>30.0</ns3:atemp>
            <ns3:hr>152</ns3:hr>
            <ns3:cad>86</ns3:cad>
          </ns3:TrackPointExtension>
        </extensions>
      </trkpt>
      <trkpt lat="30.20710305310785770416259765625" lon="120.263518877327442169189453125">
        <ele>7.400000095367431640625</ele>
        <time>2026-08-31T23:27:15.000Z</time>
        <extensions>
          <ns3:TrackPointExtension>
            <ns3:atemp>30.0</ns3:atemp>
            <ns3:hr>152</ns3:hr>
            <ns3:cad>86</ns3:cad>
          </ns3:TrackPointExtension>
        </extensions>
      </trkpt>
      <trkpt lat="30.20712501369416713714599609375" lon="120.2635324560105800628662109375">
        <ele>7.19999980926513671875</ele>
        <time>2026-08-31T23:27:16.000Z</time>
        <extensions>
          <ns3:TrackPointExtension>
            <ns3:atemp>30.0</ns3:atemp>
            <ns3:hr>152</ns3:hr>
            <ns3:cad>86</ns3:cad>
          </ns3:TrackPointExtension>
        </extensions>
      </trkpt>
      <trkpt lat="30.20714999176561832427978515625" lon="120.26354813016951084136962890625">
        <ele>7.400000095367431640625</ele>
        <time>2026-08-31T23:27:17.000Z</time>
        <extensions>
          <ns3:TrackPointExtension>
            <ns3:atemp>30.0</ns3:atemp>
            <ns3:hr>152</ns3:hr>
            <ns3:cad>86</ns3:cad>
          </ns3:TrackPointExtension>
        </extensions>
      </trkpt>
      <trkpt lat="30.20717312581837177276611328125" lon="120.26355282403528690338134765625">
        <ele>7.400000095367431640625</ele>
        <time>2026-08-31T23:27:18.000Z</time>
        <extensions>
          <ns3:TrackPointExtension>
            <ns3:atemp>30.0</ns3:atemp>
            <ns3:hr>152</ns3:hr>
            <ns3:cad>86</ns3:cad>
          </ns3:TrackPointExtension>
        </extensions>
      </trkpt>
      <trkpt lat="30.2072023786604404449462890625" lon="120.263558439910411834716796875">
        <ele>7.400000095367431640625</ele>
        <time>2026-08-31T23:27:19.000Z</time>
        <extensions>
          <ns3:TrackPointExtension>
            <ns3:atemp>30.0</ns3:atemp>
            <ns3:hr>152</ns3:hr>
            <ns3:cad>86</ns3:cad>
          </ns3:TrackPointExtension>
        </extensions>
      </trkpt>
      <trkpt lat="30.2072268538177013397216796875" lon="120.2635614573955535888671875">
        <ele>7.400000095367431640625</ele>
        <time>2026-08-31T23:27:20.000Z</time>
        <extensions>
          <ns3:TrackPointExtension>
            <ns3:atemp>30.0</ns3:atemp>
            <ns3:hr>152</ns3:hr>
            <ns3:cad>86</ns3:cad>
          </ns3:TrackPointExtension>
        </extensions>
      </trkpt>
      <trkpt lat="30.2072560228407382965087890625" lon="120.263568498194217681884765625">
        <ele>7.400000095367431640625</ele>
        <time>2026-08-31T23:27:21.000Z</time>
        <extensions>
          <ns3:TrackPointExtension>
            <ns3:atemp>30.0</ns3:atemp>
            <ns3:hr>153</ns3:hr>
            <ns3:cad>86</ns3:cad>
          </ns3:TrackPointExtension>
        </extensions>
      </trkpt>
      <trkpt lat="30.2072818391025066375732421875" lon="120.2635730244219303131103515625">
        <ele>7.400000095367431640625</ele>
        <time>2026-08-31T23:27:22.000Z</time>
        <extensions>
          <ns3:TrackPointExtension>
            <ns3:atemp>30.0</ns3:atemp>
            <ns3:hr>153</ns3:hr>
            <ns3:cad>86</ns3:cad>
          </ns3:TrackPointExtension>
        </extensions>
      </trkpt>
      <trkpt lat="30.20730572752654552459716796875" lon="120.26357864029705524444580078125">
        <ele>7.400000095367431640625</ele>
        <time>2026-08-31T23:27:23.000Z</time>
        <extensions>
          <ns3:TrackPointExtension>
            <ns3:atemp>30.0</ns3:atemp>
            <ns3:hr>153</ns3:hr>
            <ns3:cad>86</ns3:cad>
          </ns3:TrackPointExtension>
        </extensions>
      </trkpt>
      <trkpt lat="30.20733900368213653564453125" lon="120.2635810710489749908447265625">
        <ele>7.400000095367431640625</ele>
        <time>2026-08-31T23:27:24.000Z</time>
        <extensions>
          <ns3:TrackPointExtension>
            <ns3:atemp>30.0</ns3:atemp>
            <ns3:hr>154</ns3:hr>
            <ns3:cad>86</ns3:cad>
          </ns3:TrackPointExtension>
        </extensions>
      </trkpt>
      <trkpt lat="30.2073602937161922454833984375" lon="120.2635817416012287139892578125">
        <ele>7.400000095367431640625</ele>
        <time>2026-08-31T23:27:25.000Z</time>
        <extensions>
          <ns3:TrackPointExtension>
            <ns3:atemp>30.0</ns3:atemp>
            <ns3:hr>154</ns3:hr>
            <ns3:cad>86</ns3:cad>
          </ns3:TrackPointExtension>
        </extensions>
      </trkpt>
      <trkpt lat="30.20738988183438777923583984375" lon="120.263585932552814483642578125">
        <ele>7.400000095367431640625</ele>
        <time>2026-08-31T23:27:26.000Z</time>
        <extensions>
          <ns3:TrackPointExtension>
            <ns3:atemp>30.0</ns3:atemp>
            <ns3:hr>155</ns3:hr>
            <ns3:cad>86</ns3:cad>
          </ns3:TrackPointExtension>
        </extensions>
      </trkpt>
      <trkpt lat="30.207410752773284912109375" lon="120.26359305717051029205322265625">
        <ele>7.400000095367431640625</ele>
        <time>2026-08-31T23:27:27.000Z</time>
        <extensions>
          <ns3:TrackPointExtension>
            <ns3:atemp>30.0</ns3:atemp>
            <ns3:hr>155</ns3:hr>
            <ns3:cad>86</ns3:cad>
          </ns3:TrackPointExtension>
        </extensions>
      </trkpt>
      <trkpt lat="30.20744000561535358428955078125" lon="120.26359892450273036956787109375">
        <ele>7.400000095367431640625</ele>
        <time>2026-08-31T23:27:28.000Z</time>
        <extensions>
          <ns3:TrackPointExtension>
            <ns3:atemp>30.0</ns3:atemp>
            <ns3:hr>156</ns3:hr>
            <ns3:cad>86</ns3:cad>
          </ns3:TrackPointExtension>
        </extensions>
      </trkpt>
      <trkpt lat="30.20746330730617046356201171875" lon="120.2636082284152507781982421875">
        <ele>7.400000095367431640625</ele>
        <time>2026-08-31T23:27:29.000Z</time>
        <extensions>
          <ns3:TrackPointExtension>
            <ns3:atemp>30.0</ns3:atemp>
            <ns3:hr>156</ns3:hr>
            <ns3:cad>86</ns3:cad>
          </ns3:TrackPointExtension>
        </extensions>
      </trkpt>
      <trkpt lat="30.20749113522469997406005859375" lon="120.263613760471343994140625">
        <ele>7.400000095367431640625</ele>
        <time>2026-08-31T23:27:30.000Z</time>
        <extensions>
          <ns3:TrackPointExtension>
            <ns3:atemp>30.0</ns3:atemp>
            <ns3:hr>156</ns3:hr>
            <ns3:cad>87</ns3:cad>
          </ns3:TrackPointExtension>
        </extensions>
      </trkpt>
      <trkpt lat="30.20751561038196086883544921875" lon="120.263618119060993194580078125">
        <ele>7.400000095367431640625</ele>
        <time>2026-08-31T23:27:31.000Z</time>
        <extensions>
          <ns3:TrackPointExtension>
            <ns3:atemp>30.0</ns3:atemp>
            <ns3:hr>156</ns3:hr>
            <ns3:cad>87</ns3:cad>
          </ns3:TrackPointExtension>
        </extensions>
      </trkpt>
      <trkpt lat="30.207543857395648956298828125" lon="120.26361820288002490997314453125">
        <ele>7.400000095367431640625</ele>
        <time>2026-08-31T23:27:32.000Z</time>
        <extensions>
          <ns3:TrackPointExtension>
            <ns3:atemp>30.0</ns3:atemp>
            <ns3:hr>157</ns3:hr>
            <ns3:cad>87</ns3:cad>
          </ns3:TrackPointExtension>
        </extensions>
      </trkpt>
      <trkpt lat="30.20757143385708332061767578125" lon="120.26362071745097637176513671875">
        <ele>7.400000095367431640625</ele>
        <time>2026-08-31T23:27:33.000Z</time>
        <extensions>
          <ns3:TrackPointExtension>
            <ns3:atemp>30.0</ns3:atemp>
            <ns3:hr>157</ns3:hr>
            <ns3:cad>87</ns3:cad>
          </ns3:TrackPointExtension>
        </extensions>
      </trkpt>
      <trkpt lat="30.20759515464305877685546875" lon="120.26362247765064239501953125">
        <ele>7.400000095367431640625</ele>
        <time>2026-08-31T23:27:34.000Z</time>
        <extensions>
          <ns3:TrackPointExtension>
            <ns3:atemp>30.0</ns3:atemp>
            <ns3:hr>157</ns3:hr>
            <ns3:cad>87</ns3:cad>
          </ns3:TrackPointExtension>
        </extensions>
      </trkpt>
      <trkpt lat="30.207620970904827117919921875" lon="120.26362239383161067962646484375">
        <ele>7.400000095367431640625</ele>
        <time>2026-08-31T23:27:35.000Z</time>
        <extensions>
          <ns3:TrackPointExtension>
            <ns3:atemp>30.0</ns3:atemp>
            <ns3:hr>157</ns3:hr>
            <ns3:cad>86</ns3:cad>
          </ns3:TrackPointExtension>
        </extensions>
      </trkpt>
      <trkpt lat="30.2076429314911365509033203125" lon="120.263624154031276702880859375">
        <ele>7.400000095367431640625</ele>
        <time>2026-08-31T23:27:36.000Z</time>
        <extensions>
          <ns3:TrackPointExtension>
            <ns3:atemp>30.0</ns3:atemp>
            <ns3:hr>157</ns3:hr>
            <ns3:cad>86</ns3:cad>
          </ns3:TrackPointExtension>
        </extensions>
      </trkpt>
      <trkpt lat="30.20766698755323886871337890625" lon="120.2636300213634967803955078125">
        <ele>7.400000095367431640625</ele>
        <time>2026-08-31T23:27:37.000Z</time>
        <extensions>
          <ns3:TrackPointExtension>
            <ns3:atemp>30.0</ns3:atemp>
            <ns3:hr>157</ns3:hr>
            <ns3:cad>87</ns3:cad>
          </ns3:TrackPointExtension>
        </extensions>
      </trkpt>
      <trkpt lat="30.20768634974956512451171875" lon="120.26363496668636798858642578125">
        <ele>7.400000095367431640625</ele>
        <time>2026-08-31T23:27:38.000Z</time>
        <extensions>
          <ns3:TrackPointExtension>
            <ns3:atemp>30.0</ns3:atemp>
            <ns3:hr>157</ns3:hr>
            <ns3:cad>87</ns3:cad>
          </ns3:TrackPointExtension>
        </extensions>
      </trkpt>
      <trkpt lat="30.2077119983732700347900390625" lon="120.26363991200923919677734375">
        <ele>7.400000095367431640625</ele>
        <time>2026-08-31T23:27:39.000Z</time>
        <extensions>
          <ns3:TrackPointExtension>
            <ns3:atemp>30.0</ns3:atemp>
            <ns3:hr>157</ns3:hr>
            <ns3:cad>87</ns3:cad>
          </ns3:TrackPointExtension>
        </extensions>
      </trkpt>
      <trkpt lat="30.20773655734956264495849609375" lon="120.26364804245531558990478515625">
        <ele>7.400000095367431640625</ele>
        <time>2026-08-31T23:27:40.000Z</time>
        <extensions>
          <ns3:TrackPointExtension>
            <ns3:atemp>30.0</ns3:atemp>
            <ns3:hr>157</ns3:hr>
            <ns3:cad>87</ns3:cad>
          </ns3:TrackPointExtension>
        </extensions>
      </trkpt>
      <trkpt lat="30.2077609486877918243408203125" lon="120.2636499702930450439453125">
        <ele>7.400000095367431640625</ele>
        <time>2026-08-31T23:27:41.000Z</time>
        <extensions>
          <ns3:TrackPointExtension>
            <ns3:atemp>30.0</ns3:atemp>
            <ns3:hr>157</ns3:hr>
            <ns3:cad>86</ns3:cad>
          </ns3:TrackPointExtension>
        </extensions>
      </trkpt>
      <trkpt lat="30.20779221318662166595458984375" lon="120.2636580169200897216796875">
        <ele>7.19999980926513671875</ele>
        <time>2026-08-31T23:27:42.000Z</time>
        <extensions>
          <ns3:TrackPointExtension>
            <ns3:atemp>30.0</ns3:atemp>
            <ns3:hr>156</ns3:hr>
            <ns3:cad>86</ns3:cad>
          </ns3:TrackPointExtension>
        </extensions>
      </trkpt>
      <trkpt lat="30.2078197896480560302734375" lon="120.263661034405231475830078125">
        <ele>7.19999980926513671875</ele>
        <time>2026-08-31T23:27:43.000Z</time>
        <extensions>
          <ns3:TrackPointExtension>
            <ns3:atemp>30.0</ns3:atemp>
            <ns3:hr>156</ns3:hr>
            <ns3:cad>85</ns3:cad>
          </ns3:TrackPointExtension>
        </extensions>
      </trkpt>
      <trkpt lat="30.207848958671092987060546875" lon="120.26366430334746837615966796875">
        <ele>7.19999980926513671875</ele>
        <time>2026-08-31T23:27:44.000Z</time>
        <extensions>
          <ns3:TrackPointExtension>
            <ns3:atemp>30.0</ns3:atemp>
            <ns3:hr>156</ns3:hr>
            <ns3:cad>85</ns3:cad>
          </ns3:TrackPointExtension>
        </extensions>
      </trkpt>
      <trkpt lat="30.20787955261766910552978515625" lon="120.26367117650806903839111328125">
        <ele>7.19999980926513671875</ele>
        <time>2026-08-31T23:27:45.000Z</time>
        <extensions>
          <ns3:TrackPointExtension>
            <ns3:atemp>30.0</ns3:atemp>
            <ns3:hr>156</ns3:hr>
            <ns3:cad>85</ns3:cad>
          </ns3:TrackPointExtension>
        </extensions>
      </trkpt>
      <trkpt lat="30.20790134556591510772705078125" lon="120.26367100887000560760498046875">
        <ele>7.19999980926513671875</ele>
        <time>2026-08-31T23:27:46.000Z</time>
        <extensions>
          <ns3:TrackPointExtension>
            <ns3:atemp>30.0</ns3:atemp>
            <ns3:hr>155</ns3:hr>
            <ns3:cad>84</ns3:cad>
          </ns3:TrackPointExtension>
        </extensions>
      </trkpt>
      <trkpt lat="30.2079326100647449493408203125" lon="120.26367469690740108489990234375">
        <ele>7.19999980926513671875</ele>
        <time>2026-08-31T23:27:47.000Z</time>
        <extensions>
          <ns3:TrackPointExtension>
            <ns3:atemp>30.0</ns3:atemp>
            <ns3:hr>155</ns3:hr>
            <ns3:cad>84</ns3:cad>
          </ns3:TrackPointExtension>
        </extensions>
      </trkpt>
      <trkpt lat="30.20795264281332492828369140625" lon="120.2636786364018917083740234375">
        <ele>7.19999980926513671875</ele>
        <time>2026-08-31T23:27:48.000Z</time>
        <extensions>
          <ns3:TrackPointExtension>
            <ns3:atemp>30.0</ns3:atemp>
            <ns3:hr>155</ns3:hr>
            <ns3:cad>84</ns3:cad>
          </ns3:TrackPointExtension>
        </extensions>
      </trkpt>
      <trkpt lat="30.20797736942768096923828125" lon="120.2636856772005558013916015625">
        <ele>7.19999980926513671875</ele>
        <time>2026-08-31T23:27:49.000Z</time>
        <extensions>
          <ns3:TrackPointExtension>
            <ns3:atemp>30.0</ns3:atemp>
            <ns3:hr>155</ns3:hr>
            <ns3:cad>84</ns3:cad>
          </ns3:TrackPointExtension>
        </extensions>
      </trkpt>
      <trkpt lat="30.20799622870981693267822265625" lon="120.26369079016149044036865234375">
        <ele>7</ele>
        <time>2026-08-31T23:27:50.000Z</time>
        <extensions>
          <ns3:TrackPointExtension>
            <ns3:atemp>30.0</ns3:atemp>
            <ns3:hr>155</ns3:hr>
            <ns3:cad>84</ns3:cad>
          </ns3:TrackPointExtension>
        </extensions>
      </trkpt>
      <trkpt lat="30.20801818929612636566162109375" lon="120.2636955678462982177734375">
        <ele>7</ele>
        <time>2026-08-31T23:27:51.000Z</time>
        <extensions>
          <ns3:TrackPointExtension>
            <ns3:atemp>30.0</ns3:atemp>
            <ns3:hr>156</ns3:hr>
            <ns3:cad>84</ns3:cad>
          </ns3:TrackPointExtension>
        </extensions>
      </trkpt>
      <trkpt lat="30.2080425806343555450439453125" lon="120.2637000940740108489990234375">
        <ele>7</ele>
        <time>2026-08-31T23:27:52.000Z</time>
        <extensions>
          <ns3:TrackPointExtension>
            <ns3:atemp>30.0</ns3:atemp>
            <ns3:hr>156</ns3:hr>
            <ns3:cad>85</ns3:cad>
          </ns3:TrackPointExtension>
        </extensions>
      </trkpt>
      <trkpt lat="30.20806747488677501678466796875" lon="120.26370202191174030303955078125">
        <ele>7</ele>
        <time>2026-08-31T23:27:53.000Z</time>
        <extensions>
          <ns3:TrackPointExtension>
            <ns3:atemp>30.0</ns3:atemp>
            <ns3:hr>156</ns3:hr>
            <ns3:cad>85</ns3:cad>
          </ns3:TrackPointExtension>
        </extensions>
      </trkpt>
      <trkpt lat="30.20809563808143138885498046875" lon="120.2637071348726749420166015625">
        <ele>7</ele>
        <time>2026-08-31T23:27:54.000Z</time>
        <extensions>
          <ns3:TrackPointExtension>
            <ns3:atemp>30.0</ns3:atemp>
            <ns3:hr>157</ns3:hr>
            <ns3:cad>85</ns3:cad>
          </ns3:TrackPointExtension>
        </extensions>
      </trkpt>
      <trkpt lat="30.20811726339161396026611328125" lon="120.2637121640145778656005859375">
        <ele>7</ele>
        <time>2026-08-31T23:27:55.000Z</time>
        <extensions>
          <ns3:TrackPointExtension>
            <ns3:atemp>30.0</ns3:atemp>
            <ns3:hr>157</ns3:hr>
            <ns3:cad>85</ns3:cad>
          </ns3:TrackPointExtension>
        </extensions>
      </trkpt>
      <trkpt lat="30.2081471867859363555908203125" lon="120.26371275074779987335205078125">
        <ele>7</ele>
        <time>2026-08-31T23:27:56.000Z</time>
        <extensions>
          <ns3:TrackPointExtension>
            <ns3:atemp>30.0</ns3:atemp>
            <ns3:hr>157</ns3:hr>
            <ns3:cad>85</ns3:cad>
          </ns3:TrackPointExtension>
        </extensions>
      </trkpt>
      <trkpt lat="30.2081693150103092193603515625" lon="120.263720043003559112548828125">
        <ele>7</ele>
        <time>2026-08-31T23:27:57.000Z</time>
        <extensions>
          <ns3:TrackPointExtension>
            <ns3:atemp>30.0</ns3:atemp>
            <ns3:hr>157</ns3:hr>
            <ns3:cad>86</ns3:cad>
          </ns3:TrackPointExtension>
        </extensions>
      </trkpt>
      <trkpt lat="30.20819538272917270660400390625" lon="120.26372113265097141265869140625">
        <ele>7.19999980926513671875</ele>
        <time>2026-08-31T23:27:58.000Z</time>
        <extensions>
          <ns3:TrackPointExtension>
            <ns3:atemp>30.0</ns3:atemp>
            <ns3:hr>158</ns3:hr>
            <ns3:cad>86</ns3:cad>
          </ns3:TrackPointExtension>
        </extensions>
      </trkpt>
      <trkpt lat="30.20822287537157535552978515625" lon="120.26373378932476043701171875">
        <ele>7.19999980926513671875</ele>
        <time>2026-08-31T23:27:59.000Z</time>
        <extensions>
          <ns3:TrackPointExtension>
            <ns3:atemp>30.0</ns3:atemp>
            <ns3:hr>158</ns3:hr>
            <ns3:cad>87</ns3:cad>
          </ns3:TrackPointExtension>
        </extensions>
      </trkpt>
      <trkpt lat="30.20824651233851909637451171875" lon="120.26373588480055332183837890625">
        <ele>7.19999980926513671875</ele>
        <time>2026-08-31T23:28:00.000Z</time>
        <extensions>
          <ns3:TrackPointExtension>
            <ns3:atemp>30.0</ns3:atemp>
            <ns3:hr>158</ns3:hr>
            <ns3:cad>87</ns3:cad>
          </ns3:TrackPointExtension>
        </extensions>
      </trkpt>
      <trkpt lat="30.20827484317123889923095703125" lon="120.26373856700956821441650390625">
        <ele>7.19999980926513671875</ele>
        <time>2026-08-31T23:28:01.000Z</time>
        <extensions>
          <ns3:TrackPointExtension>
            <ns3:atemp>30.0</ns3:atemp>
            <ns3:hr>158</ns3:hr>
            <ns3:cad>87</ns3:cad>
          </ns3:TrackPointExtension>
        </extensions>
      </trkpt>
      <trkpt lat="30.20830183289945125579833984375" lon="120.263746194541454315185546875">
        <ele>7</ele>
        <time>2026-08-31T23:28:02.000Z</time>
        <extensions>
          <ns3:TrackPointExtension>
            <ns3:atemp>30.0</ns3:atemp>
            <ns3:hr>159</ns3:hr>
            <ns3:cad>87</ns3:cad>
          </ns3:TrackPointExtension>
        </extensions>
      </trkpt>
      <trkpt lat="30.20833116956055164337158203125" lon="120.26375382207334041595458984375">
        <ele>7</ele>
        <time>2026-08-31T23:28:03.000Z</time>
        <extensions>
          <ns3:TrackPointExtension>
            <ns3:atemp>30.0</ns3:atemp>
            <ns3:hr>159</ns3:hr>
            <ns3:cad>87</ns3:cad>
          </ns3:TrackPointExtension>
        </extensions>
      </trkpt>
      <trkpt lat="30.208353213965892791748046875" lon="120.26376195251941680908203125">
        <ele>7</ele>
        <time>2026-08-31T23:28:04.000Z</time>
        <extensions>
          <ns3:TrackPointExtension>
            <ns3:atemp>30.0</ns3:atemp>
            <ns3:hr>159</ns3:hr>
            <ns3:cad>87</ns3:cad>
          </ns3:TrackPointExtension>
        </extensions>
      </trkpt>
      <trkpt lat="30.2083848975598812103271484375" lon="120.26377142407000064849853515625">
        <ele>6.80000019073486328125</ele>
        <time>2026-08-31T23:28:05.000Z</time>
        <extensions>
          <ns3:TrackPointExtension>
            <ns3:atemp>30.0</ns3:atemp>
            <ns3:hr>160</ns3:hr>
            <ns3:cad>87</ns3:cad>
          </ns3:TrackPointExtension>
        </extensions>
      </trkpt>
      <trkpt lat="30.20840995945036411285400390625" lon="120.26377938687801361083984375">
        <ele>6.80000019073486328125</ele>
        <time>2026-08-31T23:28:06.000Z</time>
        <extensions>
          <ns3:TrackPointExtension>
            <ns3:atemp>30.0</ns3:atemp>
            <ns3:hr>160</ns3:hr>
            <ns3:cad>87</ns3:cad>
          </ns3:TrackPointExtension>
        </extensions>
      </trkpt>
      <trkpt lat="30.20843979902565479278564453125" lon="120.2637862600386142730712890625">
        <ele>6.80000019073486328125</ele>
        <time>2026-08-31T23:28:07.000Z</time>
        <extensions>
          <ns3:TrackPointExtension>
            <ns3:atemp>30.0</ns3:atemp>
            <ns3:hr>160</ns3:hr>
            <ns3:cad>87</ns3:cad>
          </ns3:TrackPointExtension>
        </extensions>
      </trkpt>
      <trkpt lat="30.2084693871438503265380859375" lon="120.2637921273708343505859375">
        <ele>6.80000019073486328125</ele>
        <time>2026-08-31T23:28:08.000Z</time>
        <extensions>
          <ns3:TrackPointExtension>
            <ns3:atemp>30.0</ns3:atemp>
            <ns3:hr>160</ns3:hr>
            <ns3:cad>87</ns3:cad>
          </ns3:TrackPointExtension>
        </extensions>
      </trkpt>
      <trkpt lat="30.20849612541496753692626953125" lon="120.26379338465631008148193359375">
        <ele>6.80000019073486328125</ele>
        <time>2026-08-31T23:28:09.000Z</time>
        <extensions>
          <ns3:TrackPointExtension>
            <ns3:atemp>30.0</ns3:atemp>
            <ns3:hr>161</ns3:hr>
            <ns3:cad>86</ns3:cad>
          </ns3:TrackPointExtension>
        </extensions>
      </trkpt>
      <trkpt lat="30.20852244459092617034912109375" lon="120.263792462646961212158203125">
        <ele>6.80000019073486328125</ele>
        <time>2026-08-31T23:28:10.000Z</time>
        <extensions>
          <ns3:TrackPointExtension>
            <ns3:atemp>30.0</ns3:atemp>
            <ns3:hr>161</ns3:hr>
            <ns3:cad>87</ns3:cad>
          </ns3:TrackPointExtension>
        </extensions>
      </trkpt>
      <trkpt lat="30.20854725502431392669677734375" lon="120.26378500275313854217529296875">
        <ele>6.80000019073486328125</ele>
        <time>2026-08-31T23:28:11.000Z</time>
        <extensions>
          <ns3:TrackPointExtension>
            <ns3:atemp>30.0</ns3:atemp>
            <ns3:hr>161</ns3:hr>
            <ns3:cad>87</ns3:cad>
          </ns3:TrackPointExtension>
        </extensions>
      </trkpt>
      <trkpt lat="30.20857290364801883697509765625" lon="120.26377561502158641815185546875">
        <ele>6.80000019073486328125</ele>
        <time>2026-08-31T23:28:12.000Z</time>
        <extensions>
          <ns3:TrackPointExtension>
            <ns3:atemp>30.0</ns3:atemp>
            <ns3:hr>162</ns3:hr>
            <ns3:cad>88</ns3:cad>
          </ns3:TrackPointExtension>
        </extensions>
      </trkpt>
      <trkpt lat="30.20859151147305965423583984375" lon="120.26376337744295597076416015625">
        <ele>6.80000019073486328125</ele>
        <time>2026-08-31T23:28:13.000Z</time>
        <extensions>
          <ns3:TrackPointExtension>
            <ns3:atemp>30.0</ns3:atemp>
            <ns3:hr>162</ns3:hr>
            <ns3:cad>88</ns3:cad>
          </ns3:TrackPointExtension>
        </extensions>
      </trkpt>
      <trkpt lat="30.20860777236521244049072265625" lon="120.2637366391718387603759765625">
        <ele>6.80000019073486328125</ele>
        <time>2026-08-31T23:28:14.000Z</time>
        <extensions>
          <ns3:TrackPointExtension>
            <ns3:atemp>30.0</ns3:atemp>
            <ns3:hr>162</ns3:hr>
            <ns3:cad>88</ns3:cad>
          </ns3:TrackPointExtension>
        </extensions>
      </trkpt>
      <trkpt lat="30.2086128853261470794677734375" lon="120.263714678585529327392578125">
        <ele>6.80000019073486328125</ele>
        <time>2026-08-31T23:28:15.000Z</time>
        <extensions>
          <ns3:TrackPointExtension>
            <ns3:atemp>30.0</ns3:atemp>
            <ns3:hr>162</ns3:hr>
            <ns3:cad>88</ns3:cad>
          </ns3:TrackPointExtension>
        </extensions>
      </trkpt>
      <trkpt lat="30.20862109959125518798828125" lon="120.26368643157184123992919921875">
        <ele>6.80000019073486328125</ele>
        <time>2026-08-31T23:28:16.000Z</time>
        <extensions>
          <ns3:TrackPointExtension>
            <ns3:atemp>30.0</ns3:atemp>
            <ns3:hr>163</ns3:hr>
            <ns3:cad>88</ns3:cad>
          </ns3:TrackPointExtension>
        </extensions>
      </trkpt>
      <trkpt lat="30.2086232788860797882080078125" lon="120.2636635489761829376220703125">
        <ele>6.599999904632568359375</ele>
        <time>2026-08-31T23:28:17.000Z</time>
        <extensions>
          <ns3:TrackPointExtension>
            <ns3:atemp>30.0</ns3:atemp>
            <ns3:hr>163</ns3:hr>
            <ns3:cad>87</ns3:cad>
          </ns3:TrackPointExtension>
        </extensions>
      </trkpt>
      <trkpt lat="30.20862512290477752685546875" lon="120.26363329030573368072509765625">
        <ele>6.599999904632568359375</ele>
        <time>2026-08-31T23:28:18.000Z</time>
        <extensions>
          <ns3:TrackPointExtension>
            <ns3:atemp>30.0</ns3:atemp>
            <ns3:hr>164</ns3:hr>
            <ns3:cad>87</ns3:cad>
          </ns3:TrackPointExtension>
        </extensions>
      </trkpt>
      <trkpt lat="30.2086269669234752655029296875" lon="120.26360764168202877044677734375">
        <ele>6.599999904632568359375</ele>
        <time>2026-08-31T23:28:19.000Z</time>
        <extensions>
          <ns3:TrackPointExtension>
            <ns3:atemp>30.0</ns3:atemp>
            <ns3:hr>164</ns3:hr>
            <ns3:cad>87</ns3:cad>
          </ns3:TrackPointExtension>
        </extensions>
      </trkpt>
      <trkpt lat="30.2086298167705535888671875" lon="120.2635723538696765899658203125">
        <ele>6.80000019073486328125</ele>
        <time>2026-08-31T23:28:20.000Z</time>
        <extensions>
          <ns3:TrackPointExtension>
            <ns3:atemp>30.0</ns3:atemp>
            <ns3:hr>164</ns3:hr>
            <ns3:cad>88</ns3:cad>
          </ns3:TrackPointExtension>
        </extensions>
      </trkpt>
      <trkpt lat="30.20863182842731475830078125" lon="120.26354108937084674835205078125">
        <ele>6.80000019073486328125</ele>
        <time>2026-08-31T23:28:21.000Z</time>
        <extensions>
          <ns3:TrackPointExtension>
            <ns3:atemp>30.0</ns3:atemp>
            <ns3:hr>164</ns3:hr>
            <ns3:cad>87</ns3:cad>
          </ns3:TrackPointExtension>
        </extensions>
      </trkpt>
      <trkpt lat="30.20862906239926815032958984375" lon="120.263515524566173553466796875">
        <ele>7</ele>
        <time>2026-08-31T23:28:22.000Z</time>
        <extensions>
          <ns3:TrackPointExtension>
            <ns3:atemp>30.0</ns3:atemp>
            <ns3:hr>164</ns3:hr>
            <ns3:cad>87</ns3:cad>
          </ns3:TrackPointExtension>
        </extensions>
      </trkpt>
      <trkpt lat="30.208630822598934173583984375" lon="120.2634818293154239654541015625">
        <ele>7</ele>
        <time>2026-08-31T23:28:23.000Z</time>
        <extensions>
          <ns3:TrackPointExtension>
            <ns3:atemp>30.0</ns3:atemp>
            <ns3:hr>165</ns3:hr>
            <ns3:cad>87</ns3:cad>
          </ns3:TrackPointExtension>
        </extensions>
      </trkpt>
      <trkpt lat="30.20863543264567852020263671875" lon="120.26345844380557537078857421875">
        <ele>7</ele>
        <time>2026-08-31T23:28:24.000Z</time>
        <extensions>
          <ns3:TrackPointExtension>
            <ns3:atemp>30.0</ns3:atemp>
            <ns3:hr>165</ns3:hr>
            <ns3:cad>87</ns3:cad>
          </ns3:TrackPointExtension>
        </extensions>
      </trkpt>
      <trkpt lat="30.20863995887339115142822265625" lon="120.26342533528804779052734375">
        <ele>7</ele>
        <time>2026-08-31T23:28:25.000Z</time>
        <extensions>
          <ns3:TrackPointExtension>
            <ns3:atemp>30.0</ns3:atemp>
            <ns3:hr>165</ns3:hr>
            <ns3:cad>87</ns3:cad>
          </ns3:TrackPointExtension>
        </extensions>
      </trkpt>
      <trkpt lat="30.2086440660059452056884765625" lon="120.263400860130786895751953125">
        <ele>6.80000019073486328125</ele>
        <time>2026-08-31T23:28:26.000Z</time>
        <extensions>
          <ns3:TrackPointExtension>
            <ns3:atemp>30.0</ns3:atemp>
            <ns3:hr>165</ns3:hr>
            <ns3:cad>87</ns3:cad>
          </ns3:TrackPointExtension>
        </extensions>
      </trkpt>
      <trkpt lat="30.20865202881395816802978515625" lon="120.26337546296417713165283203125">
        <ele>6.80000019073486328125</ele>
        <time>2026-08-31T23:28:27.000Z</time>
        <extensions>
          <ns3:TrackPointExtension>
            <ns3:atemp>30.0</ns3:atemp>
            <ns3:hr>165</ns3:hr>
            <ns3:cad>87</ns3:cad>
          </ns3:TrackPointExtension>
        </extensions>
      </trkpt>
      <trkpt lat="30.20866359584033489227294921875" lon="120.2633535861968994140625">
        <ele>7</ele>
        <time>2026-08-31T23:28:28.000Z</time>
        <extensions>
          <ns3:TrackPointExtension>
            <ns3:atemp>30.0</ns3:atemp>
            <ns3:hr>166</ns3:hr>
            <ns3:cad>86</ns3:cad>
          </ns3:TrackPointExtension>
        </extensions>
      </trkpt>
      <trkpt lat="30.2086728997528553009033203125" lon="120.26332609355449676513671875">
        <ele>7</ele>
        <time>2026-08-31T23:28:29.000Z</time>
        <extensions>
          <ns3:TrackPointExtension>
            <ns3:atemp>30.0</ns3:atemp>
            <ns3:hr>166</ns3:hr>
            <ns3:cad>86</ns3:cad>
          </ns3:TrackPointExtension>
        </extensions>
      </trkpt>
      <trkpt lat="30.20868052728474140167236328125" lon="120.263302959501743316650390625">
        <ele>7</ele>
        <time>2026-08-31T23:28:30.000Z</time>
        <extensions>
          <ns3:TrackPointExtension>
            <ns3:atemp>30.0</ns3:atemp>
            <ns3:hr>167</ns3:hr>
            <ns3:cad>86</ns3:cad>
          </ns3:TrackPointExtension>
        </extensions>
      </trkpt>
      <trkpt lat="30.208686478435993194580078125" lon="120.263278149068355560302734375">
        <ele>7</ele>
        <time>2026-08-31T23:28:31.000Z</time>
        <extensions>
          <ns3:TrackPointExtension>
            <ns3:atemp>30.0</ns3:atemp>
            <ns3:hr>167</ns3:hr>
            <ns3:cad>86</ns3:cad>
          </ns3:TrackPointExtension>
        </extensions>
      </trkpt>
      <trkpt lat="30.2086936868727207183837890625" lon="120.26325174607336521148681640625">
        <ele>6.80000019073486328125</ele>
        <time>2026-08-31T23:28:32.000Z</time>
        <extensions>
          <ns3:TrackPointExtension>
            <ns3:atemp>30.0</ns3:atemp>
            <ns3:hr>167</ns3:hr>
            <ns3:cad>86</ns3:cad>
          </ns3:TrackPointExtension>
        </extensions>
      </trkpt>
      <trkpt lat="30.2086941897869110107421875" lon="120.26322257705032825469970703125">
        <ele>6.80000019073486328125</ele>
        <time>2026-08-31T23:28:33.000Z</time>
        <extensions>
          <ns3:TrackPointExtension>
            <ns3:atemp>30.0</ns3:atemp>
            <ns3:hr>167</ns3:hr>
            <ns3:cad>86</ns3:cad>
          </ns3:TrackPointExtension>
        </extensions>
      </trkpt>
      <trkpt lat="30.2086997218430042266845703125" lon="120.2631918154656887054443359375">
        <ele>6.80000019073486328125</ele>
        <time>2026-08-31T23:28:34.000Z</time>
        <extensions>
          <ns3:TrackPointExtension>
            <ns3:atemp>30.0</ns3:atemp>
            <ns3:hr>167</ns3:hr>
            <ns3:cad>87</ns3:cad>
          </ns3:TrackPointExtension>
        </extensions>
      </trkpt>
      <trkpt lat="30.20869662053883075714111328125" lon="120.26316155679523944854736328125">
        <ele>6.80000019073486328125</ele>
        <time>2026-08-31T23:28:35.000Z</time>
        <extensions>
          <ns3:TrackPointExtension>
            <ns3:atemp>30.0</ns3:atemp>
            <ns3:hr>168</ns3:hr>
            <ns3:cad>87</ns3:cad>
          </ns3:TrackPointExtension>
        </extensions>
      </trkpt>
      <trkpt lat="30.20870030857622623443603515625" lon="120.26312568224966526031494140625">
        <ele>6.80000019073486328125</ele>
        <time>2026-08-31T23:28:36.000Z</time>
        <extensions>
          <ns3:TrackPointExtension>
            <ns3:atemp>30.0</ns3:atemp>
            <ns3:hr>168</ns3:hr>
            <ns3:cad>87</ns3:cad>
          </ns3:TrackPointExtension>
        </extensions>
      </trkpt>
      <trkpt lat="30.2087074331939220428466796875" lon="120.2630974352359771728515625">
        <ele>7</ele>
        <time>2026-08-31T23:28:37.000Z</time>
        <extensions>
          <ns3:TrackPointExtension>
            <ns3:atemp>30.0</ns3:atemp>
            <ns3:hr>168</ns3:hr>
            <ns3:cad>87</ns3:cad>
          </ns3:TrackPointExtension>
        </extensions>
      </trkpt>
      <trkpt lat="30.20870986394584178924560546875" lon="120.2630711160600185394287109375">
        <ele>7</ele>
        <time>2026-08-31T23:28:38.000Z</time>
        <extensions>
          <ns3:TrackPointExtension>
            <ns3:atemp>30.0</ns3:atemp>
            <ns3:hr>168</ns3:hr>
            <ns3:cad>87</ns3:cad>
          </ns3:TrackPointExtension>
        </extensions>
      </trkpt>
      <trkpt lat="30.20871271379292011260986328125" lon="120.2630399353802204132080078125">
        <ele>7</ele>
        <time>2026-08-31T23:28:39.000Z</time>
        <extensions>
          <ns3:TrackPointExtension>
            <ns3:atemp>30.0</ns3:atemp>
            <ns3:hr>168</ns3:hr>
            <ns3:cad>87</ns3:cad>
          </ns3:TrackPointExtension>
        </extensions>
      </trkpt>
      <trkpt lat="30.20871656946837902069091796875" lon="120.26300732977688312530517578125">
        <ele>7</ele>
        <time>2026-08-31T23:28:40.000Z</time>
        <extensions>
          <ns3:TrackPointExtension>
            <ns3:atemp>30.0</ns3:atemp>
            <ns3:hr>167</ns3:hr>
            <ns3:cad>87</ns3:cad>
          </ns3:TrackPointExtension>
        </extensions>
      </trkpt>
      <trkpt lat="30.2087171562016010284423828125" lon="120.2629735507071018218994140625">
        <ele>7</ele>
        <time>2026-08-31T23:28:41.000Z</time>
        <extensions>
          <ns3:TrackPointExtension>
            <ns3:atemp>30.0</ns3:atemp>
            <ns3:hr>168</ns3:hr>
            <ns3:cad>87</ns3:cad>
          </ns3:TrackPointExtension>
        </extensions>
      </trkpt>
      <trkpt lat="30.2087104506790637969970703125" lon="120.2629386819899082183837890625">
        <ele>7</ele>
        <time>2026-08-31T23:28:42.000Z</time>
        <extensions>
          <ns3:TrackPointExtension>
            <ns3:atemp>30.0</ns3:atemp>
            <ns3:hr>168</ns3:hr>
            <ns3:cad>87</ns3:cad>
          </ns3:TrackPointExtension>
        </extensions>
      </trkpt>
      <trkpt lat="30.208709277212619781494140625" lon="120.26289953850209712982177734375">
        <ele>7</ele>
        <time>2026-08-31T23:28:43.000Z</time>
        <extensions>
          <ns3:TrackPointExtension>
            <ns3:atemp>30.0</ns3:atemp>
            <ns3:hr>168</ns3:hr>
            <ns3:cad>87</ns3:cad>
          </ns3:TrackPointExtension>
        </extensions>
      </trkpt>
      <trkpt lat="30.20871321670711040496826171875" lon="120.26287539862096309661865234375">
        <ele>7</ele>
        <time>2026-08-31T23:28:44.000Z</time>
        <extensions>
          <ns3:TrackPointExtension>
            <ns3:atemp>30.0</ns3:atemp>
            <ns3:hr>168</ns3:hr>
            <ns3:cad>86</ns3:cad>
          </ns3:TrackPointExtension>
        </extensions>
      </trkpt>
      <trkpt lat="30.20871631801128387451171875" lon="120.26283851824700832366943359375">
        <ele>7</ele>
        <time>2026-08-31T23:28:45.000Z</time>
        <extensions>
          <ns3:TrackPointExtension>
            <ns3:atemp>30.0</ns3:atemp>
            <ns3:hr>169</ns3:hr>
            <ns3:cad>86</ns3:cad>
          </ns3:TrackPointExtension>
        </extensions>
      </trkpt>
      <trkpt lat="30.20871690474450588226318359375" lon="120.2628184854984283447265625">
        <ele>7</ele>
        <time>2026-08-31T23:28:46.000Z</time>
        <extensions>
          <ns3:TrackPointExtension>
            <ns3:atemp>30.0</ns3:atemp>
            <ns3:hr>169</ns3:hr>
            <ns3:cad>87</ns3:cad>
          </ns3:TrackPointExtension>
        </extensions>
      </trkpt>
      <trkpt lat="30.2087164856493473052978515625" lon="120.26279292069375514984130859375">
        <ele>7</ele>
        <time>2026-08-31T23:28:47.000Z</time>
        <extensions>
          <ns3:TrackPointExtension>
            <ns3:atemp>30.0</ns3:atemp>
            <ns3:hr>169</ns3:hr>
            <ns3:cad>87</ns3:cad>
          </ns3:TrackPointExtension>
        </extensions>
      </trkpt>
      <trkpt lat="30.20871455781161785125732421875" lon="120.26276961900293827056884765625">
        <ele>7</ele>
        <time>2026-08-31T23:28:48.000Z</time>
        <extensions>
          <ns3:TrackPointExtension>
            <ns3:atemp>30.0</ns3:atemp>
            <ns3:hr>169</ns3:hr>
            <ns3:cad>87</ns3:cad>
          </ns3:TrackPointExtension>
        </extensions>
      </trkpt>
      <trkpt lat="30.208719670772552490234375" lon="120.26274665258824825286865234375">
        <ele>7</ele>
        <time>2026-08-31T23:28:49.000Z</time>
        <extensions>
          <ns3:TrackPointExtension>
            <ns3:atemp>30.0</ns3:atemp>
            <ns3:hr>169</ns3:hr>
            <ns3:cad>87</ns3:cad>
          </ns3:TrackPointExtension>
        </extensions>
      </trkpt>
      <trkpt lat="30.2087178267538547515869140625" lon="120.2627214230597019195556640625">
        <ele>7</ele>
        <time>2026-08-31T23:28:50.000Z</time>
        <extensions>
          <ns3:TrackPointExtension>
            <ns3:atemp>30.0</ns3:atemp>
            <ns3:hr>170</ns3:hr>
            <ns3:cad>87</ns3:cad>
          </ns3:TrackPointExtension>
        </extensions>
      </trkpt>
      <trkpt lat="30.20871137268841266632080078125" lon="120.26269736699759960174560546875">
        <ele>7</ele>
        <time>2026-08-31T23:28:51.000Z</time>
        <extensions>
          <ns3:TrackPointExtension>
            <ns3:atemp>30.0</ns3:atemp>
            <ns3:hr>170</ns3:hr>
            <ns3:cad>87</ns3:cad>
          </ns3:TrackPointExtension>
        </extensions>
      </trkpt>
      <trkpt lat="30.2086990512907505035400390625" lon="120.262671969830989837646484375">
        <ele>7</ele>
        <time>2026-08-31T23:28:52.000Z</time>
        <extensions>
          <ns3:TrackPointExtension>
            <ns3:atemp>30.0</ns3:atemp>
            <ns3:hr>170</ns3:hr>
            <ns3:cad>87</ns3:cad>
          </ns3:TrackPointExtension>
        </extensions>
      </trkpt>
      <trkpt lat="30.20869947038590908050537109375" lon="120.26264288462698459625244140625">
        <ele>7</ele>
        <time>2026-08-31T23:28:53.000Z</time>
        <extensions>
          <ns3:TrackPointExtension>
            <ns3:atemp>30.0</ns3:atemp>
            <ns3:hr>170</ns3:hr>
            <ns3:cad>87</ns3:cad>
          </ns3:TrackPointExtension>
        </extensions>
      </trkpt>
      <trkpt lat="30.2087049186229705810546875" lon="120.262608937919139862060546875">
        <ele>7</ele>
        <time>2026-08-31T23:28:54.000Z</time>
        <extensions>
          <ns3:TrackPointExtension>
            <ns3:atemp>30.0</ns3:atemp>
            <ns3:hr>169</ns3:hr>
            <ns3:cad>87</ns3:cad>
          </ns3:TrackPointExtension>
        </extensions>
      </trkpt>
      <trkpt lat="30.20870617590844631195068359375" lon="120.26257851161062717437744140625">
        <ele>7</ele>
        <time>2026-08-31T23:28:55.000Z</time>
        <extensions>
          <ns3:TrackPointExtension>
            <ns3:atemp>30.0</ns3:atemp>
            <ns3:hr>170</ns3:hr>
            <ns3:cad>87</ns3:cad>
          </ns3:TrackPointExtension>
        </extensions>
      </trkpt>
      <trkpt lat="30.20871363580226898193359375" lon="120.262543223798274993896484375">
        <ele>7</ele>
        <time>2026-08-31T23:28:56.000Z</time>
        <extensions>
          <ns3:TrackPointExtension>
            <ns3:atemp>30.0</ns3:atemp>
            <ns3:hr>169</ns3:hr>
            <ns3:cad>87</ns3:cad>
          </ns3:TrackPointExtension>
        </extensions>
      </trkpt>
      <trkpt lat="30.2087262086570262908935546875" lon="120.26250860653817653656005859375">
        <ele>7</ele>
        <time>2026-08-31T23:28:57.000Z</time>
        <extensions>
          <ns3:TrackPointExtension>
            <ns3:atemp>30.0</ns3:atemp>
            <ns3:hr>169</ns3:hr>
            <ns3:cad>87</ns3:cad>
          </ns3:TrackPointExtension>
        </extensions>
      </trkpt>
      <trkpt lat="30.20872998051345348358154296875" lon="120.2624837122857570648193359375">
        <ele>7</ele>
        <time>2026-08-31T23:28:58.000Z</time>
        <extensions>
          <ns3:TrackPointExtension>
            <ns3:atemp>30.0</ns3:atemp>
            <ns3:hr>169</ns3:hr>
            <ns3:cad>87</ns3:cad>
          </ns3:TrackPointExtension>
        </extensions>
      </trkpt>
      <trkpt lat="30.20873182453215122222900390625" lon="120.2624625898897647857666015625">
        <ele>7</ele>
        <time>2026-08-31T23:28:59.000Z</time>
        <extensions>
          <ns3:TrackPointExtension>
            <ns3:atemp>30.0</ns3:atemp>
            <ns3:hr>170</ns3:hr>
            <ns3:cad>87</ns3:cad>
          </ns3:TrackPointExtension>
        </extensions>
      </trkpt>
      <trkpt lat="30.208731405436992645263671875" lon="120.26244691573083400726318359375">
        <ele>7</ele>
        <time>2026-08-31T23:29:00.000Z</time>
        <extensions>
          <ns3:TrackPointExtension>
            <ns3:atemp>30.0</ns3:atemp>
            <ns3:hr>170</ns3:hr>
            <ns3:cad>87</ns3:cad>
          </ns3:TrackPointExtension>
        </extensions>
      </trkpt>
      <trkpt lat="30.20873383618891239166259765625" lon="120.26243987493216991424560546875">
        <ele>7</ele>
        <time>2026-08-31T23:29:01.000Z</time>
        <extensions>
          <ns3:TrackPointExtension>
            <ns3:atemp>30.0</ns3:atemp>
            <ns3:hr>170</ns3:hr>
            <ns3:cad>87</ns3:cad>
          </ns3:TrackPointExtension>
        </extensions>
      </trkpt>
      <trkpt lat="30.20873215980827808380126953125" lon="120.262424536049365997314453125">
        <ele>7</ele>
        <time>2026-08-31T23:29:02.000Z</time>
        <extensions>
          <ns3:TrackPointExtension>
            <ns3:atemp>30.0</ns3:atemp>
            <ns3:hr>170</ns3:hr>
            <ns3:cad>75</ns3:cad>
          </ns3:TrackPointExtension>
        </extensions>
      </trkpt>
      <trkpt lat="30.20876887254416942596435546875" lon="120.26209571398794651031494140625">
        <ele>6.80000019073486328125</ele>
        <time>2026-08-31T23:29:26.000Z</time>
        <extensions>
          <ns3:TrackPointExtension>
            <ns3:atemp>30.0</ns3:atemp>
            <ns3:hr>163</ns3:hr>
            <ns3:cad>60</ns3:cad>
          </ns3:TrackPointExtension>
        </extensions>
      </trkpt>
      <trkpt lat="30.20876769907772541046142578125" lon="120.26208423078060150146484375">
        <ele>7</ele>
        <time>2026-08-31T23:29:27.000Z</time>
        <extensions>
          <ns3:TrackPointExtension>
            <ns3:atemp>30.0</ns3:atemp>
            <ns3:hr>162</ns3:hr>
            <ns3:cad>59</ns3:cad>
          </ns3:TrackPointExtension>
        </extensions>
      </trkpt>
      <trkpt lat="30.20876484923064708709716796875" lon="120.262064449489116668701171875">
        <ele>7</ele>
        <time>2026-08-31T23:29:28.000Z</time>
        <extensions>
          <ns3:TrackPointExtension>
            <ns3:atemp>30.0</ns3:atemp>
            <ns3:hr>161</ns3:hr>
            <ns3:cad>59</ns3:cad>
          </ns3:TrackPointExtension>
        </extensions>
      </trkpt>
      <trkpt lat="30.20876266993582248687744140625" lon="120.262040309607982635498046875">
        <ele>6.80000019073486328125</ele>
        <time>2026-08-31T23:29:29.000Z</time>
        <extensions>
          <ns3:TrackPointExtension>
            <ns3:atemp>30.0</ns3:atemp>
            <ns3:hr>159</ns3:hr>
            <ns3:cad>59</ns3:cad>
          </ns3:TrackPointExtension>
        </extensions>
      </trkpt>
      <trkpt lat="30.2087620832026004791259765625" lon="120.26200703345239162445068359375">
        <ele>6.80000019073486328125</ele>
        <time>2026-08-31T23:29:30.000Z</time>
        <extensions>
          <ns3:TrackPointExtension>
            <ns3:atemp>30.0</ns3:atemp>
            <ns3:hr>158</ns3:hr>
            <ns3:cad>59</ns3:cad>
          </ns3:TrackPointExtension>
        </extensions>
      </trkpt>
      <trkpt lat="30.20875965245068073272705078125" lon="120.261977277696132659912109375">
        <ele>6.80000019073486328125</ele>
        <time>2026-08-31T23:29:31.000Z</time>
        <extensions>
          <ns3:TrackPointExtension>
            <ns3:atemp>30.0</ns3:atemp>
            <ns3:hr>156</ns3:hr>
            <ns3:cad>59</ns3:cad>
          </ns3:TrackPointExtension>
        </extensions>
      </trkpt>
      <trkpt lat="30.20875713787972927093505859375" lon="120.261942408978939056396484375">
        <ele>6.80000019073486328125</ele>
        <time>2026-08-31T23:29:32.000Z</time>
        <extensions>
          <ns3:TrackPointExtension>
            <ns3:atemp>30.0</ns3:atemp>
            <ns3:hr>155</ns3:hr>
            <ns3:cad>83</ns3:cad>
          </ns3:TrackPointExtension>
        </extensions>
      </trkpt>
      <trkpt lat="30.2087563835084438323974609375" lon="120.26191047392785549163818359375">
        <ele>6.80000019073486328125</ele>
        <time>2026-08-31T23:29:33.000Z</time>
        <extensions>
          <ns3:TrackPointExtension>
            <ns3:atemp>30.0</ns3:atemp>
            <ns3:hr>154</ns3:hr>
            <ns3:cad>84</ns3:cad>
          </ns3:TrackPointExtension>
        </extensions>
      </trkpt>
      <trkpt lat="30.20875646732747554779052734375" lon="120.26187895797193050384521484375">
        <ele>6.80000019073486328125</ele>
        <time>2026-08-31T23:29:34.000Z</time>
        <extensions>
          <ns3:TrackPointExtension>
            <ns3:atemp>30.0</ns3:atemp>
            <ns3:hr>153</ns3:hr>
            <ns3:cad>84</ns3:cad>
          </ns3:TrackPointExtension>
        </extensions>
      </trkpt>
      <trkpt lat="30.2087580598890781402587890625" lon="120.26185045950114727020263671875">
        <ele>6.80000019073486328125</ele>
        <time>2026-08-31T23:29:35.000Z</time>
        <extensions>
          <ns3:TrackPointExtension>
            <ns3:atemp>30.0</ns3:atemp>
            <ns3:hr>152</ns3:hr>
            <ns3:cad>84</ns3:cad>
          </ns3:TrackPointExtension>
        </extensions>
      </trkpt>
      <trkpt lat="30.20875210873782634735107421875" lon="120.261821039021015167236328125">
        <ele>6.80000019073486328125</ele>
        <time>2026-08-31T23:29:36.000Z</time>
        <extensions>
          <ns3:TrackPointExtension>
            <ns3:atemp>30.0</ns3:atemp>
            <ns3:hr>152</ns3:hr>
            <ns3:cad>85</ns3:cad>
          </ns3:TrackPointExtension>
        </extensions>
      </trkpt>
      <trkpt lat="30.20876283757388591766357421875" lon="120.26178625412285327911376953125">
        <ele>6.80000019073486328125</ele>
        <time>2026-08-31T23:29:37.000Z</time>
        <extensions>
          <ns3:TrackPointExtension>
            <ns3:atemp>30.0</ns3:atemp>
            <ns3:hr>152</ns3:hr>
            <ns3:cad>85</ns3:cad>
          </ns3:TrackPointExtension>
        </extensions>
      </trkpt>
      <trkpt lat="30.2087640948593616485595703125" lon="120.261757671833038330078125">
        <ele>6.80000019073486328125</ele>
        <time>2026-08-31T23:29:38.000Z</time>
        <extensions>
          <ns3:TrackPointExtension>
            <ns3:atemp>30.0</ns3:atemp>
            <ns3:hr>152</ns3:hr>
            <ns3:cad>85</ns3:cad>
          </ns3:TrackPointExtension>
        </extensions>
      </trkpt>
      <trkpt lat="30.20876468159258365631103515625" lon="120.26171886362135410308837890625">
        <ele>6.80000019073486328125</ele>
        <time>2026-08-31T23:29:39.000Z</time>
        <extensions>
          <ns3:TrackPointExtension>
            <ns3:atemp>30.0</ns3:atemp>
            <ns3:hr>151</ns3:hr>
            <ns3:cad>85</ns3:cad>
          </ns3:TrackPointExtension>
        </extensions>
      </trkpt>
      <trkpt lat="30.2087640948593616485595703125" lon="120.2616891078650951385498046875">
        <ele>6.599999904632568359375</ele>
        <time>2026-08-31T23:29:40.000Z</time>
        <extensions>
          <ns3:TrackPointExtension>
            <ns3:atemp>30.0</ns3:atemp>
            <ns3:hr>151</ns3:hr>
            <ns3:cad>85</ns3:cad>
          </ns3:TrackPointExtension>
        </extensions>
      </trkpt>
      <trkpt lat="30.2087614126503467559814453125" lon="120.26165683753788471221923828125">
        <ele>6.599999904632568359375</ele>
        <time>2026-08-31T23:29:41.000Z</time>
        <extensions>
          <ns3:TrackPointExtension>
            <ns3:atemp>30.0</ns3:atemp>
            <ns3:hr>151</ns3:hr>
            <ns3:cad>86</ns3:cad>
          </ns3:TrackPointExtension>
        </extensions>
      </trkpt>
      <trkpt lat="30.2087630890309810638427734375" lon="120.2616254054009914398193359375">
        <ele>6.599999904632568359375</ele>
        <time>2026-08-31T23:29:42.000Z</time>
        <extensions>
          <ns3:TrackPointExtension>
            <ns3:atemp>30.0</ns3:atemp>
            <ns3:hr>148</ns3:hr>
            <ns3:cad>86</ns3:cad>
          </ns3:TrackPointExtension>
        </extensions>
      </trkpt>
      <trkpt lat="30.20875629968941211700439453125" lon="120.261593051254749298095703125">
        <ele>6.599999904632568359375</ele>
        <time>2026-08-31T23:29:43.000Z</time>
        <extensions>
          <ns3:TrackPointExtension>
            <ns3:atemp>30.0</ns3:atemp>
            <ns3:hr>147</ns3:hr>
            <ns3:cad>86</ns3:cad>
          </ns3:TrackPointExtension>
        </extensions>
      </trkpt>
      <trkpt lat="30.20875344984233379364013671875" lon="120.26155742816627025604248046875">
        <ele>6.599999904632568359375</ele>
        <time>2026-08-31T23:29:44.000Z</time>
        <extensions>
          <ns3:TrackPointExtension>
            <ns3:atemp>30.0</ns3:atemp>
            <ns3:hr>145</ns3:hr>
            <ns3:cad>86</ns3:cad>
          </ns3:TrackPointExtension>
        </extensions>
      </trkpt>
      <trkpt lat="30.208752192556858062744140625" lon="120.26152876205742359161376953125">
        <ele>6.599999904632568359375</ele>
        <time>2026-08-31T23:29:45.000Z</time>
        <extensions>
          <ns3:TrackPointExtension>
            <ns3:atemp>30.0</ns3:atemp>
            <ns3:hr>145</ns3:hr>
            <ns3:cad>86</ns3:cad>
          </ns3:TrackPointExtension>
        </extensions>
      </trkpt>
      <trkpt lat="30.20875529386103153228759765625" lon="120.261493809521198272705078125">
        <ele>6.599999904632568359375</ele>
        <time>2026-08-31T23:29:46.000Z</time>
        <extensions>
          <ns3:TrackPointExtension>
            <ns3:atemp>30.0</ns3:atemp>
            <ns3:hr>145</ns3:hr>
            <ns3:cad>86</ns3:cad>
          </ns3:TrackPointExtension>
        </extensions>
      </trkpt>
      <trkpt lat="30.20875596441328525543212890625" lon="120.26146824471652507781982421875">
        <ele>6.599999904632568359375</ele>
        <time>2026-08-31T23:29:47.000Z</time>
        <extensions>
          <ns3:TrackPointExtension>
            <ns3:atemp>30.0</ns3:atemp>
            <ns3:hr>145</ns3:hr>
            <ns3:cad>86</ns3:cad>
          </ns3:TrackPointExtension>
        </extensions>
      </trkpt>
      <trkpt lat="30.20875831134617328643798828125" lon="120.2614416740834712982177734375">
        <ele>6.599999904632568359375</ele>
        <time>2026-08-31T23:29:48.000Z</time>
        <extensions>
          <ns3:TrackPointExtension>
            <ns3:atemp>30.0</ns3:atemp>
            <ns3:hr>145</ns3:hr>
            <ns3:cad>86</ns3:cad>
          </ns3:TrackPointExtension>
        </extensions>
      </trkpt>
      <trkpt lat="30.2087570540606975555419921875" lon="120.26141761802136898040771484375">
        <ele>6.599999904632568359375</ele>
        <time>2026-08-31T23:29:49.000Z</time>
        <extensions>
          <ns3:TrackPointExtension>
            <ns3:atemp>30.0</ns3:atemp>
            <ns3:hr>145</ns3:hr>
            <ns3:cad>86</ns3:cad>
          </ns3:TrackPointExtension>
        </extensions>
      </trkpt>
      <trkpt lat="30.2087590657174587249755859375" lon="120.26138819754123687744140625">
        <ele>6.599999904632568359375</ele>
        <time>2026-08-31T23:29:50.000Z</time>
        <extensions>
          <ns3:TrackPointExtension>
            <ns3:atemp>30.0</ns3:atemp>
            <ns3:hr>145</ns3:hr>
            <ns3:cad>86</ns3:cad>
          </ns3:TrackPointExtension>
        </extensions>
      </trkpt>
      <trkpt lat="30.20876199938356876373291015625" lon="120.26135944761335849761962890625">
        <ele>6.599999904632568359375</ele>
        <time>2026-08-31T23:29:51.000Z</time>
        <extensions>
          <ns3:TrackPointExtension>
            <ns3:atemp>30.0</ns3:atemp>
            <ns3:hr>146</ns3:hr>
            <ns3:cad>86</ns3:cad>
          </ns3:TrackPointExtension>
        </extensions>
      </trkpt>
      <trkpt lat="30.208757556974887847900390625" lon="120.26133497245609760284423828125">
        <ele>6.599999904632568359375</ele>
        <time>2026-08-31T23:29:52.000Z</time>
        <extensions>
          <ns3:TrackPointExtension>
            <ns3:atemp>30.0</ns3:atemp>
            <ns3:hr>146</ns3:hr>
            <ns3:cad>86</ns3:cad>
          </ns3:TrackPointExtension>
        </extensions>
      </trkpt>
      <trkpt lat="30.2087600715458393096923828125" lon="120.261304378509521484375">
        <ele>6.599999904632568359375</ele>
        <time>2026-08-31T23:29:53.000Z</time>
        <extensions>
          <ns3:TrackPointExtension>
            <ns3:atemp>30.0</ns3:atemp>
            <ns3:hr>146</ns3:hr>
            <ns3:cad>86</ns3:cad>
          </ns3:TrackPointExtension>
        </extensions>
      </trkpt>
      <trkpt lat="30.2087543718516826629638671875" lon="120.26128468103706836700439453125">
        <ele>6.599999904632568359375</ele>
        <time>2026-08-31T23:29:54.000Z</time>
        <extensions>
          <ns3:TrackPointExtension>
            <ns3:atemp>30.0</ns3:atemp>
            <ns3:hr>146</ns3:hr>
            <ns3:cad>86</ns3:cad>
          </ns3:TrackPointExtension>
        </extensions>
      </trkpt>
      <trkpt lat="30.208757556974887847900390625" lon="120.26124796830117702484130859375">
        <ele>6.599999904632568359375</ele>
        <time>2026-08-31T23:29:55.000Z</time>
        <extensions>
          <ns3:TrackPointExtension>
            <ns3:atemp>30.0</ns3:atemp>
            <ns3:hr>147</ns3:hr>
            <ns3:cad>86</ns3:cad>
          </ns3:TrackPointExtension>
        </extensions>
      </trkpt>
      <trkpt lat="30.20875998772680759429931640625" lon="120.26121879927814006805419921875">
        <ele>6.599999904632568359375</ele>
        <time>2026-08-31T23:29:56.000Z</time>
        <extensions>
          <ns3:TrackPointExtension>
            <ns3:atemp>30.0</ns3:atemp>
            <ns3:hr>147</ns3:hr>
            <ns3:cad>86</ns3:cad>
          </ns3:TrackPointExtension>
        </extensions>
      </trkpt>
      <trkpt lat="30.20875479094684123992919921875" lon="120.26118158362805843353271484375">
        <ele>6.599999904632568359375</ele>
        <time>2026-08-31T23:29:57.000Z</time>
        <extensions>
          <ns3:TrackPointExtension>
            <ns3:atemp>30.0</ns3:atemp>
            <ns3:hr>148</ns3:hr>
            <ns3:cad>86</ns3:cad>
          </ns3:TrackPointExtension>
        </extensions>
      </trkpt>
      <trkpt lat="30.20875009708106517791748046875" lon="120.261149145662784576416015625">
        <ele>6.80000019073486328125</ele>
        <time>2026-08-31T23:29:58.000Z</time>
        <extensions>
          <ns3:TrackPointExtension>
            <ns3:atemp>30.0</ns3:atemp>
            <ns3:hr>148</ns3:hr>
            <ns3:cad>86</ns3:cad>
          </ns3:TrackPointExtension>
        </extensions>
      </trkpt>
      <trkpt lat="30.20874707959592342376708984375" lon="120.2611171267926692962646484375">
        <ele>6.80000019073486328125</ele>
        <time>2026-08-31T23:29:59.000Z</time>
        <extensions>
          <ns3:TrackPointExtension>
            <ns3:atemp>30.0</ns3:atemp>
            <ns3:hr>149</ns3:hr>
            <ns3:cad>86</ns3:cad>
          </ns3:TrackPointExtension>
        </extensions>
      </trkpt>
      <trkpt lat="30.20875311456620693206787109375" lon="120.2610822580754756927490234375">
        <ele>6.80000019073486328125</ele>
        <time>2026-08-31T23:30:00.000Z</time>
        <extensions>
          <ns3:TrackPointExtension>
            <ns3:atemp>30.0</ns3:atemp>
            <ns3:hr>149</ns3:hr>
            <ns3:cad>85</ns3:cad>
          </ns3:TrackPointExtension>
        </extensions>
      </trkpt>
      <trkpt lat="30.20875361748039722442626953125" lon="120.2610534243285655975341796875">
        <ele>6.80000019073486328125</ele>
        <time>2026-08-31T23:30:01.000Z</time>
        <extensions>
          <ns3:TrackPointExtension>
            <ns3:atemp>30.0</ns3:atemp>
            <ns3:hr>150</ns3:hr>
            <ns3:cad>84</ns3:cad>
          </ns3:TrackPointExtension>
        </extensions>
      </trkpt>
      <trkpt lat="30.20875395275652408599853515625" lon="120.2610172145068645477294921875">
        <ele>6.80000019073486328125</ele>
        <time>2026-08-31T23:30:02.000Z</time>
        <extensions>
          <ns3:TrackPointExtension>
            <ns3:atemp>30.0</ns3:atemp>
            <ns3:hr>150</ns3:hr>
            <ns3:cad>84</ns3:cad>
          </ns3:TrackPointExtension>
        </extensions>
      </trkpt>
      <trkpt lat="30.20875831134617328643798828125" lon="120.260989554226398468017578125">
        <ele>6.80000019073486328125</ele>
        <time>2026-08-31T23:30:03.000Z</time>
        <extensions>
          <ns3:TrackPointExtension>
            <ns3:atemp>30.0</ns3:atemp>
            <ns3:hr>151</ns3:hr>
            <ns3:cad>85</ns3:cad>
          </ns3:TrackPointExtension>
        </extensions>
      </trkpt>
      <trkpt lat="30.20876082591712474822998046875" lon="120.26096181012690067291259765625">
        <ele>6.80000019073486328125</ele>
        <time>2026-08-31T23:30:04.000Z</time>
        <extensions>
          <ns3:TrackPointExtension>
            <ns3:atemp>30.0</ns3:atemp>
            <ns3:hr>151</ns3:hr>
            <ns3:cad>85</ns3:cad>
          </ns3:TrackPointExtension>
        </extensions>
      </trkpt>
      <trkpt lat="30.2087654359638690948486328125" lon="120.26093163527548313140869140625">
        <ele>6.80000019073486328125</ele>
        <time>2026-08-31T23:30:05.000Z</time>
        <extensions>
          <ns3:TrackPointExtension>
            <ns3:atemp>30.0</ns3:atemp>
            <ns3:hr>151</ns3:hr>
            <ns3:cad>85</ns3:cad>
          </ns3:TrackPointExtension>
        </extensions>
      </trkpt>
      <trkpt lat="30.20877130329608917236328125" lon="120.26090531609952449798583984375">
        <ele>6.80000019073486328125</ele>
        <time>2026-08-31T23:30:06.000Z</time>
        <extensions>
          <ns3:TrackPointExtension>
            <ns3:atemp>30.0</ns3:atemp>
            <ns3:hr>151</ns3:hr>
            <ns3:cad>85</ns3:cad>
          </ns3:TrackPointExtension>
        </extensions>
      </trkpt>
      <trkpt lat="30.20877406932413578033447265625" lon="120.26087463833391666412353515625">
        <ele>6.80000019073486328125</ele>
        <time>2026-08-31T23:30:07.000Z</time>
        <extensions>
          <ns3:TrackPointExtension>
            <ns3:atemp>30.0</ns3:atemp>
            <ns3:hr>151</ns3:hr>
            <ns3:cad>86</ns3:cad>
          </ns3:TrackPointExtension>
        </extensions>
      </trkpt>
      <trkpt lat="30.20877272821962833404541015625" lon="120.2608505822718143463134765625">
        <ele>6.80000019073486328125</ele>
        <time>2026-08-31T23:30:08.000Z</time>
        <extensions>
          <ns3:TrackPointExtension>
            <ns3:atemp>30.0</ns3:atemp>
            <ns3:hr>152</ns3:hr>
            <ns3:cad>85</ns3:cad>
          </ns3:TrackPointExtension>
        </extensions>
      </trkpt>
      <trkpt lat="30.20877339877188205718994140625" lon="120.26081931777298450469970703125">
        <ele>6.80000019073486328125</ele>
        <time>2026-08-31T23:30:09.000Z</time>
        <extensions>
          <ns3:TrackPointExtension>
            <ns3:atemp>30.0</ns3:atemp>
            <ns3:hr>152</ns3:hr>
            <ns3:cad>85</ns3:cad>
          </ns3:TrackPointExtension>
        </extensions>
      </trkpt>
      <trkpt lat="30.2087734825909137725830078125" lon="120.2607898972928524017333984375">
        <ele>6.80000019073486328125</ele>
        <time>2026-08-31T23:30:10.000Z</time>
        <extensions>
          <ns3:TrackPointExtension>
            <ns3:atemp>30.0</ns3:atemp>
            <ns3:hr>152</ns3:hr>
            <ns3:cad>85</ns3:cad>
          </ns3:TrackPointExtension>
        </extensions>
      </trkpt>
      <trkpt lat="30.2087724767625331878662109375" lon="120.2607630752027034759521484375">
        <ele>6.80000019073486328125</ele>
        <time>2026-08-31T23:30:11.000Z</time>
        <extensions>
          <ns3:TrackPointExtension>
            <ns3:atemp>30.0</ns3:atemp>
            <ns3:hr>153</ns3:hr>
            <ns3:cad>86</ns3:cad>
          </ns3:TrackPointExtension>
        </extensions>
      </trkpt>
      <trkpt lat="30.20877490751445293426513671875" lon="120.2607312239706516265869140625">
        <ele>6.80000019073486328125</ele>
        <time>2026-08-31T23:30:12.000Z</time>
        <extensions>
          <ns3:TrackPointExtension>
            <ns3:atemp>30.0</ns3:atemp>
            <ns3:hr>154</ns3:hr>
            <ns3:cad>86</ns3:cad>
          </ns3:TrackPointExtension>
        </extensions>
      </trkpt>
      <trkpt lat="30.20877675153315067291259765625" lon="120.260707251727581024169921875">
        <ele>6.80000019073486328125</ele>
        <time>2026-08-31T23:30:13.000Z</time>
        <extensions>
          <ns3:TrackPointExtension>
            <ns3:atemp>30.0</ns3:atemp>
            <ns3:hr>154</ns3:hr>
            <ns3:cad>86</ns3:cad>
          </ns3:TrackPointExtension>
        </extensions>
      </trkpt>
      <trkpt lat="30.20878345705568790435791015625" lon="120.26067213155329227447509765625">
        <ele>6.80000019073486328125</ele>
        <time>2026-08-31T23:30:14.000Z</time>
        <extensions>
          <ns3:TrackPointExtension>
            <ns3:atemp>30.0</ns3:atemp>
            <ns3:hr>154</ns3:hr>
            <ns3:cad>86</ns3:cad>
          </ns3:TrackPointExtension>
        </extensions>
      </trkpt>
      <trkpt lat="30.20878203213214874267578125" lon="120.26064765639603137969970703125">
        <ele>6.80000019073486328125</ele>
        <time>2026-08-31T23:30:15.000Z</time>
        <extensions>
          <ns3:TrackPointExtension>
            <ns3:atemp>30.0</ns3:atemp>
            <ns3:hr>155</ns3:hr>
            <ns3:cad>86</ns3:cad>
          </ns3:TrackPointExtension>
        </extensions>
      </trkpt>
      <trkpt lat="30.20878328941762447357177734375" lon="120.26061194948852062225341796875">
        <ele>6.80000019073486328125</ele>
        <time>2026-08-31T23:30:16.000Z</time>
        <extensions>
          <ns3:TrackPointExtension>
            <ns3:atemp>30.0</ns3:atemp>
            <ns3:hr>155</ns3:hr>
            <ns3:cad>86</ns3:cad>
          </ns3:TrackPointExtension>
        </extensions>
      </trkpt>
      <trkpt lat="30.20878446288406848907470703125" lon="120.26058848015964031219482421875">
        <ele>6.80000019073486328125</ele>
        <time>2026-08-31T23:30:17.000Z</time>
        <extensions>
          <ns3:TrackPointExtension>
            <ns3:atemp>30.0</ns3:atemp>
            <ns3:hr>156</ns3:hr>
            <ns3:cad>86</ns3:cad>
          </ns3:TrackPointExtension>
        </extensions>
      </trkpt>
      <trkpt lat="30.208781696856021881103515625" lon="120.26055880822241306304931640625">
        <ele>6.80000019073486328125</ele>
        <time>2026-08-31T23:30:18.000Z</time>
        <extensions>
          <ns3:TrackPointExtension>
            <ns3:atemp>30.0</ns3:atemp>
            <ns3:hr>156</ns3:hr>
            <ns3:cad>87</ns3:cad>
          </ns3:TrackPointExtension>
        </extensions>
      </trkpt>
      <trkpt lat="30.2087867259979248046875" lon="120.2605277113616466522216796875">
        <ele>6.80000019073486328125</ele>
        <time>2026-08-31T23:30:19.000Z</time>
        <extensions>
          <ns3:TrackPointExtension>
            <ns3:atemp>30.0</ns3:atemp>
            <ns3:hr>156</ns3:hr>
            <ns3:cad>87</ns3:cad>
          </ns3:TrackPointExtension>
        </extensions>
      </trkpt>
      <trkpt lat="30.208786390721797943115234375" lon="120.2605015598237514495849609375">
        <ele>6.80000019073486328125</ele>
        <time>2026-08-31T23:30:20.000Z</time>
        <extensions>
          <ns3:TrackPointExtension>
            <ns3:atemp>30.0</ns3:atemp>
            <ns3:hr>156</ns3:hr>
            <ns3:cad>87</ns3:cad>
          </ns3:TrackPointExtension>
        </extensions>
      </trkpt>
      <trkpt lat="30.20879116840660572052001953125" lon="120.26046996004879474639892578125">
        <ele>6.80000019073486328125</ele>
        <time>2026-08-31T23:30:21.000Z</time>
        <extensions>
          <ns3:TrackPointExtension>
            <ns3:atemp>30.0</ns3:atemp>
            <ns3:hr>156</ns3:hr>
            <ns3:cad>87</ns3:cad>
          </ns3:TrackPointExtension>
        </extensions>
      </trkpt>
      <trkpt lat="30.2087875641882419586181640625" lon="120.2604442276060581207275390625">
        <ele>6.80000019073486328125</ele>
        <time>2026-08-31T23:30:22.000Z</time>
        <extensions>
          <ns3:TrackPointExtension>
            <ns3:atemp>30.0</ns3:atemp>
            <ns3:hr>156</ns3:hr>
            <ns3:cad>87</ns3:cad>
          </ns3:TrackPointExtension>
        </extensions>
      </trkpt>
      <trkpt lat="30.2087832055985927581787109375" lon="120.26041145436465740203857421875">
        <ele>6.80000019073486328125</ele>
        <time>2026-08-31T23:30:23.000Z</time>
        <extensions>
          <ns3:TrackPointExtension>
            <ns3:atemp>30.0</ns3:atemp>
            <ns3:hr>157</ns3:hr>
            <ns3:cad>87</ns3:cad>
          </ns3:TrackPointExtension>
        </extensions>
      </trkpt>
      <trkpt lat="30.2087714709341526031494140625" lon="120.26038865558803081512451171875">
        <ele>6.80000019073486328125</ele>
        <time>2026-08-31T23:30:24.000Z</time>
        <extensions>
          <ns3:TrackPointExtension>
            <ns3:atemp>30.0</ns3:atemp>
            <ns3:hr>156</ns3:hr>
            <ns3:cad>87</ns3:cad>
          </ns3:TrackPointExtension>
        </extensions>
      </trkpt>
      <trkpt lat="30.20875546149909496307373046875" lon="120.26036786846816539764404296875">
        <ele>6.80000019073486328125</ele>
        <time>2026-08-31T23:30:25.000Z</time>
        <extensions>
          <ns3:TrackPointExtension>
            <ns3:atemp>30.0</ns3:atemp>
            <ns3:hr>156</ns3:hr>
            <ns3:cad>86</ns3:cad>
          </ns3:TrackPointExtension>
        </extensions>
      </trkpt>
      <trkpt lat="30.20873467437922954559326171875" lon="120.26035931892693042755126953125">
        <ele>6.80000019073486328125</ele>
        <time>2026-08-31T23:30:26.000Z</time>
        <extensions>
          <ns3:TrackPointExtension>
            <ns3:atemp>30.0</ns3:atemp>
            <ns3:hr>157</ns3:hr>
            <ns3:cad>86</ns3:cad>
          </ns3:TrackPointExtension>
        </extensions>
      </trkpt>
      <trkpt lat="30.2087158150970935821533203125" lon="120.26035915128886699676513671875">
        <ele>6.80000019073486328125</ele>
        <time>2026-08-31T23:30:27.000Z</time>
        <extensions>
          <ns3:TrackPointExtension>
            <ns3:atemp>30.0</ns3:atemp>
            <ns3:hr>157</ns3:hr>
            <ns3:cad>85</ns3:cad>
          </ns3:TrackPointExtension>
        </extensions>
      </trkpt>
      <trkpt lat="30.2086913399398326873779296875" lon="120.2603573910892009735107421875">
        <ele>6.80000019073486328125</ele>
        <time>2026-08-31T23:30:28.000Z</time>
        <extensions>
          <ns3:TrackPointExtension>
            <ns3:atemp>30.0</ns3:atemp>
            <ns3:hr>157</ns3:hr>
            <ns3:cad>86</ns3:cad>
          </ns3:TrackPointExtension>
        </extensions>
      </trkpt>
      <trkpt lat="30.20866979844868183135986328125" lon="120.2603614144027233123779296875">
        <ele>7</ele>
        <time>2026-08-31T23:30:29.000Z</time>
        <extensions>
          <ns3:TrackPointExtension>
            <ns3:atemp>30.0</ns3:atemp>
            <ns3:hr>157</ns3:hr>
            <ns3:cad>85</ns3:cad>
          </ns3:TrackPointExtension>
        </extensions>
      </trkpt>
      <trkpt lat="30.2086423896253108978271484375" lon="120.2603600732982158660888671875">
        <ele>7</ele>
        <time>2026-08-31T23:30:30.000Z</time>
        <extensions>
          <ns3:TrackPointExtension>
            <ns3:atemp>30.0</ns3:atemp>
            <ns3:hr>157</ns3:hr>
            <ns3:cad>85</ns3:cad>
          </ns3:TrackPointExtension>
        </extensions>
      </trkpt>
      <trkpt lat="30.20861766301095485687255859375" lon="120.2603634260594844818115234375">
        <ele>7</ele>
        <time>2026-08-31T23:30:31.000Z</time>
        <extensions>
          <ns3:TrackPointExtension>
            <ns3:atemp>30.0</ns3:atemp>
            <ns3:hr>158</ns3:hr>
            <ns3:cad>85</ns3:cad>
          </ns3:TrackPointExtension>
        </extensions>
      </trkpt>
      <trkpt lat="30.208590924739837646484375" lon="120.26036753319203853607177734375">
        <ele>7</ele>
        <time>2026-08-31T23:30:32.000Z</time>
        <extensions>
          <ns3:TrackPointExtension>
            <ns3:atemp>30.0</ns3:atemp>
            <ns3:hr>157</ns3:hr>
            <ns3:cad>86</ns3:cad>
          </ns3:TrackPointExtension>
        </extensions>
      </trkpt>
      <trkpt lat="30.20856343209743499755859375" lon="120.260367952287197113037109375">
        <ele>7</ele>
        <time>2026-08-31T23:30:33.000Z</time>
        <extensions>
          <ns3:TrackPointExtension>
            <ns3:atemp>30.0</ns3:atemp>
            <ns3:hr>157</ns3:hr>
            <ns3:cad>86</ns3:cad>
          </ns3:TrackPointExtension>
        </extensions>
      </trkpt>
      <trkpt lat="30.208540968596935272216796875" lon="120.260371975600719451904296875">
        <ele>7</ele>
        <time>2026-08-31T23:30:34.000Z</time>
        <extensions>
          <ns3:TrackPointExtension>
            <ns3:atemp>30.0</ns3:atemp>
            <ns3:hr>158</ns3:hr>
            <ns3:cad>86</ns3:cad>
          </ns3:TrackPointExtension>
        </extensions>
      </trkpt>
      <trkpt lat="30.20851406268775463104248046875" lon="120.26036895811557769775390625">
        <ele>7.19999980926513671875</ele>
        <time>2026-08-31T23:30:35.000Z</time>
        <extensions>
          <ns3:TrackPointExtension>
            <ns3:atemp>30.0</ns3:atemp>
            <ns3:hr>157</ns3:hr>
            <ns3:cad>86</ns3:cad>
          </ns3:TrackPointExtension>
        </extensions>
      </trkpt>
      <trkpt lat="30.2084931917488574981689453125" lon="120.26036803610622882843017578125">
        <ele>7.19999980926513671875</ele>
        <time>2026-08-31T23:30:36.000Z</time>
        <extensions>
          <ns3:TrackPointExtension>
            <ns3:atemp>30.0</ns3:atemp>
            <ns3:hr>157</ns3:hr>
            <ns3:cad>86</ns3:cad>
          </ns3:TrackPointExtension>
        </extensions>
      </trkpt>
      <trkpt lat="30.20846410654485225677490234375" lon="120.260362923145294189453125">
        <ele>7.19999980926513671875</ele>
        <time>2026-08-31T23:30:37.000Z</time>
        <extensions>
          <ns3:TrackPointExtension>
            <ns3:atemp>30.0</ns3:atemp>
            <ns3:hr>158</ns3:hr>
            <ns3:cad>86</ns3:cad>
          </ns3:TrackPointExtension>
        </extensions>
      </trkpt>
      <trkpt lat="30.20844264887273311614990234375" lon="120.260351188480854034423828125">
        <ele>7.19999980926513671875</ele>
        <time>2026-08-31T23:30:38.000Z</time>
        <extensions>
          <ns3:TrackPointExtension>
            <ns3:atemp>30.0</ns3:atemp>
            <ns3:hr>158</ns3:hr>
            <ns3:cad>86</ns3:cad>
          </ns3:TrackPointExtension>
        </extensions>
      </trkpt>
      <trkpt lat="30.20841549150645732879638671875" lon="120.2603446505963802337646484375">
        <ele>7.19999980926513671875</ele>
        <time>2026-08-31T23:30:39.000Z</time>
        <extensions>
          <ns3:TrackPointExtension>
            <ns3:atemp>30.0</ns3:atemp>
            <ns3:hr>158</ns3:hr>
            <ns3:cad>85</ns3:cad>
          </ns3:TrackPointExtension>
        </extensions>
      </trkpt>
      <trkpt lat="30.20838774740695953369140625" lon="120.26034540496766567230224609375">
        <ele>7.19999980926513671875</ele>
        <time>2026-08-31T23:30:40.000Z</time>
        <extensions>
          <ns3:TrackPointExtension>
            <ns3:atemp>30.0</ns3:atemp>
            <ns3:hr>159</ns3:hr>
            <ns3:cad>85</ns3:cad>
          </ns3:TrackPointExtension>
        </extensions>
      </trkpt>
      <trkpt lat="30.2083677984774112701416015625" lon="120.2603469975292682647705078125">
        <ele>7</ele>
        <time>2026-08-31T23:30:41.000Z</time>
        <extensions>
          <ns3:TrackPointExtension>
            <ns3:atemp>30.0</ns3:atemp>
            <ns3:hr>159</ns3:hr>
            <ns3:cad>85</ns3:cad>
          </ns3:TrackPointExtension>
        </extensions>
      </trkpt>
      <trkpt lat="30.2083413116633892059326171875" lon="120.260346494615077972412109375">
        <ele>7</ele>
        <time>2026-08-31T23:30:42.000Z</time>
        <extensions>
          <ns3:TrackPointExtension>
            <ns3:atemp>30.0</ns3:atemp>
            <ns3:hr>160</ns3:hr>
            <ns3:cad>85</ns3:cad>
          </ns3:TrackPointExtension>
        </extensions>
      </trkpt>
      <trkpt lat="30.20832044072449207305908203125" lon="120.26035143993794918060302734375">
        <ele>7</ele>
        <time>2026-08-31T23:30:43.000Z</time>
        <extensions>
          <ns3:TrackPointExtension>
            <ns3:atemp>30.0</ns3:atemp>
            <ns3:hr>160</ns3:hr>
            <ns3:cad>85</ns3:cad>
          </ns3:TrackPointExtension>
        </extensions>
      </trkpt>
      <trkpt lat="30.20829009823501110076904296875" lon="120.2603533677756786346435546875">
        <ele>7.19999980926513671875</ele>
        <time>2026-08-31T23:30:44.000Z</time>
        <extensions>
          <ns3:TrackPointExtension>
            <ns3:atemp>30.0</ns3:atemp>
            <ns3:hr>160</ns3:hr>
            <ns3:cad>86</ns3:cad>
          </ns3:TrackPointExtension>
        </extensions>
      </trkpt>
      <trkpt lat="30.20826838910579681396484375" lon="120.2603557147085666656494140625">
        <ele>7.19999980926513671875</ele>
        <time>2026-08-31T23:30:45.000Z</time>
        <extensions>
          <ns3:TrackPointExtension>
            <ns3:atemp>30.0</ns3:atemp>
            <ns3:hr>160</ns3:hr>
            <ns3:cad>86</ns3:cad>
          </ns3:TrackPointExtension>
        </extensions>
      </trkpt>
      <trkpt lat="30.20823888480663299560546875" lon="120.26035596616566181182861328125">
        <ele>7.19999980926513671875</ele>
        <time>2026-08-31T23:30:46.000Z</time>
        <extensions>
          <ns3:TrackPointExtension>
            <ns3:atemp>30.0</ns3:atemp>
            <ns3:hr>160</ns3:hr>
            <ns3:cad>86</ns3:cad>
          </ns3:TrackPointExtension>
        </extensions>
      </trkpt>
      <trkpt lat="30.20821315236389636993408203125" lon="120.26035286486148834228515625">
        <ele>7.19999980926513671875</ele>
        <time>2026-08-31T23:30:47.000Z</time>
        <extensions>
          <ns3:TrackPointExtension>
            <ns3:atemp>30.0</ns3:atemp>
            <ns3:hr>160</ns3:hr>
            <ns3:cad>86</ns3:cad>
          </ns3:TrackPointExtension>
        </extensions>
      </trkpt>
      <trkpt lat="30.2081884257495403289794921875" lon="120.2603510208427906036376953125">
        <ele>7.19999980926513671875</ele>
        <time>2026-08-31T23:30:48.000Z</time>
        <extensions>
          <ns3:TrackPointExtension>
            <ns3:atemp>30.0</ns3:atemp>
            <ns3:hr>160</ns3:hr>
            <ns3:cad>86</ns3:cad>
          </ns3:TrackPointExtension>
        </extensions>
      </trkpt>
      <trkpt lat="30.2081589214503765106201171875" lon="120.26034909300506114959716796875">
        <ele>7.19999980926513671875</ele>
        <time>2026-08-31T23:30:49.000Z</time>
        <extensions>
          <ns3:TrackPointExtension>
            <ns3:atemp>30.0</ns3:atemp>
            <ns3:hr>161</ns3:hr>
            <ns3:cad>86</ns3:cad>
          </ns3:TrackPointExtension>
        </extensions>
      </trkpt>
      <trkpt lat="30.20813872106373310089111328125" lon="120.26035152375698089599609375">
        <ele>7.19999980926513671875</ele>
        <time>2026-08-31T23:30:50.000Z</time>
        <extensions>
          <ns3:TrackPointExtension>
            <ns3:atemp>30.0</ns3:atemp>
            <ns3:hr>161</ns3:hr>
            <ns3:cad>86</ns3:cad>
          </ns3:TrackPointExtension>
        </extensions>
      </trkpt>
      <trkpt lat="30.2081089653074741363525390625" lon="120.26034775190055370330810546875">
        <ele>7</ele>
        <time>2026-08-31T23:30:51.000Z</time>
        <extensions>
          <ns3:TrackPointExtension>
            <ns3:atemp>30.0</ns3:atemp>
            <ns3:hr>161</ns3:hr>
            <ns3:cad>86</ns3:cad>
          </ns3:TrackPointExtension>
        </extensions>
      </trkpt>
      <trkpt lat="30.20808842964470386505126953125" lon="120.26034657843410968780517578125">
        <ele>7</ele>
        <time>2026-08-31T23:30:52.000Z</time>
        <extensions>
          <ns3:TrackPointExtension>
            <ns3:atemp>30.0</ns3:atemp>
            <ns3:hr>161</ns3:hr>
            <ns3:cad>86</ns3:cad>
          </ns3:TrackPointExtension>
        </extensions>
      </trkpt>
      <trkpt lat="30.208063535392284393310546875" lon="120.2603399567306041717529296875">
        <ele>7</ele>
        <time>2026-08-31T23:30:53.000Z</time>
        <extensions>
          <ns3:TrackPointExtension>
            <ns3:atemp>30.0</ns3:atemp>
            <ns3:hr>161</ns3:hr>
            <ns3:cad>86</ns3:cad>
          </ns3:TrackPointExtension>
        </extensions>
      </trkpt>
      <trkpt lat="30.2080405689775943756103515625" lon="120.2603349275887012481689453125">
        <ele>7</ele>
        <time>2026-08-31T23:30:54.000Z</time>
        <extensions>
          <ns3:TrackPointExtension>
            <ns3:atemp>30.0</ns3:atemp>
            <ns3:hr>162</ns3:hr>
            <ns3:cad>86</ns3:cad>
          </ns3:TrackPointExtension>
        </extensions>
      </trkpt>
      <trkpt lat="30.208016596734523773193359375" lon="120.260332413017749786376953125">
        <ele>7</ele>
        <time>2026-08-31T23:30:55.000Z</time>
        <extensions>
          <ns3:TrackPointExtension>
            <ns3:atemp>30.0</ns3:atemp>
            <ns3:hr>162</ns3:hr>
            <ns3:cad>86</ns3:cad>
          </ns3:TrackPointExtension>
        </extensions>
      </trkpt>
      <trkpt lat="30.207990445196628570556640625" lon="120.26032730005681514739990234375">
        <ele>7</ele>
        <time>2026-08-31T23:30:56.000Z</time>
        <extensions>
          <ns3:TrackPointExtension>
            <ns3:atemp>30.0</ns3:atemp>
            <ns3:hr>162</ns3:hr>
            <ns3:cad>86</ns3:cad>
          </ns3:TrackPointExtension>
        </extensions>
      </trkpt>
      <trkpt lat="30.20796638913452625274658203125" lon="120.260327719151973724365234375">
        <ele>7</ele>
        <time>2026-08-31T23:30:57.000Z</time>
        <extensions>
          <ns3:TrackPointExtension>
            <ns3:atemp>30.0</ns3:atemp>
            <ns3:hr>161</ns3:hr>
            <ns3:cad>86</ns3:cad>
          </ns3:TrackPointExtension>
        </extensions>
      </trkpt>
      <trkpt lat="30.20794090814888477325439453125" lon="120.26032470166683197021484375">
        <ele>7</ele>
        <time>2026-08-31T23:30:58.000Z</time>
        <extensions>
          <ns3:TrackPointExtension>
            <ns3:atemp>30.0</ns3:atemp>
            <ns3:hr>161</ns3:hr>
            <ns3:cad>86</ns3:cad>
          </ns3:TrackPointExtension>
        </extensions>
      </trkpt>
      <trkpt lat="30.2079181931912899017333984375" lon="120.260325036942958831787109375">
        <ele>7</ele>
        <time>2026-08-31T23:30:59.000Z</time>
        <extensions>
          <ns3:TrackPointExtension>
            <ns3:atemp>30.0</ns3:atemp>
            <ns3:hr>161</ns3:hr>
            <ns3:cad>86</ns3:cad>
          </ns3:TrackPointExtension>
        </extensions>
      </trkpt>
      <trkpt lat="30.20788793452084064483642578125" lon="120.26032126508653163909912109375">
        <ele>7</ele>
        <time>2026-08-31T23:31:00.000Z</time>
        <extensions>
          <ns3:TrackPointExtension>
            <ns3:atemp>30.0</ns3:atemp>
            <ns3:hr>162</ns3:hr>
            <ns3:cad>86</ns3:cad>
          </ns3:TrackPointExtension>
        </extensions>
      </trkpt>
      <trkpt lat="30.20786605775356292724609375" lon="120.2603208459913730621337890625">
        <ele>7</ele>
        <time>2026-08-31T23:31:01.000Z</time>
        <extensions>
          <ns3:TrackPointExtension>
            <ns3:atemp>30.0</ns3:atemp>
            <ns3:hr>161</ns3:hr>
            <ns3:cad>86</ns3:cad>
          </ns3:TrackPointExtension>
        </extensions>
      </trkpt>
      <trkpt lat="30.20783596672117710113525390625" lon="120.2603101171553134918212890625">
        <ele>7</ele>
        <time>2026-08-31T23:31:02.000Z</time>
        <extensions>
          <ns3:TrackPointExtension>
            <ns3:atemp>30.0</ns3:atemp>
            <ns3:hr>161</ns3:hr>
            <ns3:cad>87</ns3:cad>
          </ns3:TrackPointExtension>
        </extensions>
      </trkpt>
      <trkpt lat="30.20781199447810649871826171875" lon="120.26029896922409534454345703125">
        <ele>7</ele>
        <time>2026-08-31T23:31:03.000Z</time>
        <extensions>
          <ns3:TrackPointExtension>
            <ns3:atemp>30.0</ns3:atemp>
            <ns3:hr>162</ns3:hr>
            <ns3:cad>87</ns3:cad>
          </ns3:TrackPointExtension>
        </extensions>
      </trkpt>
      <trkpt lat="30.20778316073119640350341796875" lon="120.26030014269053936004638671875">
        <ele>7</ele>
        <time>2026-08-31T23:31:04.000Z</time>
        <extensions>
          <ns3:TrackPointExtension>
            <ns3:atemp>30.0</ns3:atemp>
            <ns3:hr>162</ns3:hr>
            <ns3:cad>87</ns3:cad>
          </ns3:TrackPointExtension>
        </extensions>
      </trkpt>
      <trkpt lat="30.20775600336492061614990234375" lon="120.26029645465314388275146484375">
        <ele>7</ele>
        <time>2026-08-31T23:31:05.000Z</time>
        <extensions>
          <ns3:TrackPointExtension>
            <ns3:atemp>30.0</ns3:atemp>
            <ns3:hr>162</ns3:hr>
            <ns3:cad>87</ns3:cad>
          </ns3:TrackPointExtension>
        </extensions>
      </trkpt>
      <trkpt lat="30.2077304385602474212646484375" lon="120.26030114851891994476318359375">
        <ele>6.80000019073486328125</ele>
        <time>2026-08-31T23:31:06.000Z</time>
        <extensions>
          <ns3:TrackPointExtension>
            <ns3:atemp>30.0</ns3:atemp>
            <ns3:hr>162</ns3:hr>
            <ns3:cad>87</ns3:cad>
          </ns3:TrackPointExtension>
        </extensions>
      </trkpt>
      <trkpt lat="30.20770336501300334930419921875" lon="120.260303914546966552734375">
        <ele>6.80000019073486328125</ele>
        <time>2026-08-31T23:31:07.000Z</time>
        <extensions>
          <ns3:TrackPointExtension>
            <ns3:atemp>30.0</ns3:atemp>
            <ns3:hr>162</ns3:hr>
            <ns3:cad>87</ns3:cad>
          </ns3:TrackPointExtension>
        </extensions>
      </trkpt>
      <trkpt lat="30.2076791413128376007080078125" lon="120.26030584238469600677490234375">
        <ele>6.80000019073486328125</ele>
        <time>2026-08-31T23:31:08.000Z</time>
        <extensions>
          <ns3:TrackPointExtension>
            <ns3:atemp>30.0</ns3:atemp>
            <ns3:hr>161</ns3:hr>
            <ns3:cad>87</ns3:cad>
          </ns3:TrackPointExtension>
        </extensions>
      </trkpt>
      <trkpt lat="30.207651816308498382568359375" lon="120.26030567474663257598876953125">
        <ele>6.80000019073486328125</ele>
        <time>2026-08-31T23:31:09.000Z</time>
        <extensions>
          <ns3:TrackPointExtension>
            <ns3:atemp>30.0</ns3:atemp>
            <ns3:hr>162</ns3:hr>
            <ns3:cad>88</ns3:cad>
          </ns3:TrackPointExtension>
        </extensions>
      </trkpt>
      <trkpt lat="30.2076291851699352264404296875" lon="120.26030651293694972991943359375">
        <ele>7</ele>
        <time>2026-08-31T23:31:10.000Z</time>
        <extensions>
          <ns3:TrackPointExtension>
            <ns3:atemp>30.0</ns3:atemp>
            <ns3:hr>163</ns3:hr>
            <ns3:cad>88</ns3:cad>
          </ns3:TrackPointExtension>
        </extensions>
      </trkpt>
      <trkpt lat="30.2076023630797863006591796875" lon="120.2603052556514739990234375">
        <ele>7</ele>
        <time>2026-08-31T23:31:11.000Z</time>
        <extensions>
          <ns3:TrackPointExtension>
            <ns3:atemp>30.0</ns3:atemp>
            <ns3:hr>163</ns3:hr>
            <ns3:cad>88</ns3:cad>
          </ns3:TrackPointExtension>
        </extensions>
      </trkpt>
      <trkpt lat="30.20758182741701602935791015625" lon="120.26030718348920345306396484375">
        <ele>7</ele>
        <time>2026-08-31T23:31:12.000Z</time>
        <extensions>
          <ns3:TrackPointExtension>
            <ns3:atemp>30.0</ns3:atemp>
            <ns3:hr>163</ns3:hr>
            <ns3:cad>88</ns3:cad>
          </ns3:TrackPointExtension>
        </extensions>
      </trkpt>
      <trkpt lat="30.20755467005074024200439453125" lon="120.2603091113269329071044921875">
        <ele>7</ele>
        <time>2026-08-31T23:31:13.000Z</time>
        <extensions>
          <ns3:TrackPointExtension>
            <ns3:atemp>30.0</ns3:atemp>
            <ns3:hr>163</ns3:hr>
            <ns3:cad>86</ns3:cad>
          </ns3:TrackPointExtension>
        </extensions>
      </trkpt>
      <trkpt lat="30.20753321237862110137939453125" lon="120.26030919514596462249755859375">
        <ele>7</ele>
        <time>2026-08-31T23:31:14.000Z</time>
        <extensions>
          <ns3:TrackPointExtension>
            <ns3:atemp>30.0</ns3:atemp>
            <ns3:hr>163</ns3:hr>
            <ns3:cad>86</ns3:cad>
          </ns3:TrackPointExtension>
        </extensions>
      </trkpt>
      <trkpt lat="30.2075098268687725067138671875" lon="120.260312296450138092041015625">
        <ele>7</ele>
        <time>2026-08-31T23:31:15.000Z</time>
        <extensions>
          <ns3:TrackPointExtension>
            <ns3:atemp>30.0</ns3:atemp>
            <ns3:hr>163</ns3:hr>
            <ns3:cad>86</ns3:cad>
          </ns3:TrackPointExtension>
        </extensions>
      </trkpt>
      <trkpt lat="30.2074813283979892730712890625" lon="120.26031020097434520721435546875">
        <ele>7</ele>
        <time>2026-08-31T23:31:16.000Z</time>
        <extensions>
          <ns3:TrackPointExtension>
            <ns3:atemp>30.0</ns3:atemp>
            <ns3:hr>163</ns3:hr>
            <ns3:cad>86</ns3:cad>
          </ns3:TrackPointExtension>
        </extensions>
      </trkpt>
      <trkpt lat="30.20746045745909214019775390625" lon="120.26031388901174068450927734375">
        <ele>7</ele>
        <time>2026-08-31T23:31:17.000Z</time>
        <extensions>
          <ns3:TrackPointExtension>
            <ns3:atemp>30.0</ns3:atemp>
            <ns3:hr>164</ns3:hr>
            <ns3:cad>85</ns3:cad>
          </ns3:TrackPointExtension>
        </extensions>
      </trkpt>
      <trkpt lat="30.20743061788380146026611328125" lon="120.2603131346404552459716796875">
        <ele>7</ele>
        <time>2026-08-31T23:31:18.000Z</time>
        <extensions>
          <ns3:TrackPointExtension>
            <ns3:atemp>30.0</ns3:atemp>
            <ns3:hr>164</ns3:hr>
            <ns3:cad>85</ns3:cad>
          </ns3:TrackPointExtension>
        </extensions>
      </trkpt>
      <trkpt lat="30.20741100423038005828857421875" lon="120.26031271554529666900634765625">
        <ele>7</ele>
        <time>2026-08-31T23:31:19.000Z</time>
        <extensions>
          <ns3:TrackPointExtension>
            <ns3:atemp>30.0</ns3:atemp>
            <ns3:hr>164</ns3:hr>
            <ns3:cad>85</ns3:cad>
          </ns3:TrackPointExtension>
        </extensions>
      </trkpt>
      <trkpt lat="30.20738384686410427093505859375" lon="120.26031489484012126922607421875">
        <ele>7</ele>
        <time>2026-08-31T23:31:20.000Z</time>
        <extensions>
          <ns3:TrackPointExtension>
            <ns3:atemp>30.0</ns3:atemp>
            <ns3:hr>164</ns3:hr>
            <ns3:cad>85</ns3:cad>
          </ns3:TrackPointExtension>
        </extensions>
      </trkpt>
      <trkpt lat="30.207361467182636260986328125" lon="120.26031539775431156158447265625">
        <ele>7</ele>
        <time>2026-08-31T23:31:21.000Z</time>
        <extensions>
          <ns3:TrackPointExtension>
            <ns3:atemp>30.0</ns3:atemp>
            <ns3:hr>164</ns3:hr>
            <ns3:cad>85</ns3:cad>
          </ns3:TrackPointExtension>
        </extensions>
      </trkpt>
      <trkpt lat="30.20733841694891452789306640625" lon="120.26031975634396076202392578125">
        <ele>7</ele>
        <time>2026-08-31T23:31:22.000Z</time>
        <extensions>
          <ns3:TrackPointExtension>
            <ns3:atemp>30.0</ns3:atemp>
            <ns3:hr>164</ns3:hr>
            <ns3:cad>85</ns3:cad>
          </ns3:TrackPointExtension>
        </extensions>
      </trkpt>
      <trkpt lat="30.2073182165622711181640625" lon="120.260316319763660430908203125">
        <ele>7</ele>
        <time>2026-08-31T23:31:23.000Z</time>
        <extensions>
          <ns3:TrackPointExtension>
            <ns3:atemp>30.0</ns3:atemp>
            <ns3:hr>164</ns3:hr>
            <ns3:cad>86</ns3:cad>
          </ns3:TrackPointExtension>
        </extensions>
      </trkpt>
      <trkpt lat="30.207299776375293731689453125" lon="120.2603097818791866302490234375">
        <ele>6.80000019073486328125</ele>
        <time>2026-08-31T23:31:24.000Z</time>
        <extensions>
          <ns3:TrackPointExtension>
            <ns3:atemp>30.0</ns3:atemp>
            <ns3:hr>164</ns3:hr>
            <ns3:cad>86</ns3:cad>
          </ns3:TrackPointExtension>
        </extensions>
      </trkpt>
      <trkpt lat="30.2072848565876483917236328125" lon="120.260303914546966552734375">
        <ele>7</ele>
        <time>2026-08-31T23:31:25.000Z</time>
        <extensions>
          <ns3:TrackPointExtension>
            <ns3:atemp>30.0</ns3:atemp>
            <ns3:hr>165</ns3:hr>
            <ns3:cad>86</ns3:cad>
          </ns3:TrackPointExtension>
        </extensions>
      </trkpt>
      <trkpt lat="30.207273960113525390625" lon="120.2603064291179180145263671875">
        <ele>7</ele>
        <time>2026-08-31T23:31:26.000Z</time>
        <extensions>
          <ns3:TrackPointExtension>
            <ns3:atemp>30.0</ns3:atemp>
            <ns3:hr>165</ns3:hr>
            <ns3:cad>86</ns3:cad>
          </ns3:TrackPointExtension>
        </extensions>
      </trkpt>
      <trkpt lat="30.2072563581168651580810546875" lon="120.26030567474663257598876953125">
        <ele>6.80000019073486328125</ele>
        <time>2026-08-31T23:31:27.000Z</time>
        <extensions>
          <ns3:TrackPointExtension>
            <ns3:atemp>30.0</ns3:atemp>
            <ns3:hr>165</ns3:hr>
            <ns3:cad>86</ns3:cad>
          </ns3:TrackPointExtension>
        </extensions>
      </trkpt>
      <trkpt lat="30.2072462998330593109130859375" lon="120.26030860841274261474609375">
        <ele>6.80000019073486328125</ele>
        <time>2026-08-31T23:31:28.000Z</time>
        <extensions>
          <ns3:TrackPointExtension>
            <ns3:atemp>30.0</ns3:atemp>
            <ns3:hr>165</ns3:hr>
            <ns3:cad>86</ns3:cad>
          </ns3:TrackPointExtension>
        </extensions>
      </trkpt>
      <trkpt lat="30.2072318829596042633056640625" lon="120.26031405664980411529541015625">
        <ele>6.80000019073486328125</ele>
        <time>2026-08-31T23:31:29.000Z</time>
        <extensions>
          <ns3:TrackPointExtension>
            <ns3:atemp>30.0</ns3:atemp>
            <ns3:hr>164</ns3:hr>
            <ns3:cad>86</ns3:cad>
          </ns3:TrackPointExtension>
        </extensions>
      </trkpt>
      <trkpt lat="30.20721905864775180816650390625" lon="120.26031975634396076202392578125">
        <ele>6.599999904632568359375</ele>
        <time>2026-08-31T23:31:30.000Z</time>
        <extensions>
          <ns3:TrackPointExtension>
            <ns3:atemp>30.0</ns3:atemp>
            <ns3:hr>164</ns3:hr>
            <ns3:cad>86</ns3:cad>
          </ns3:TrackPointExtension>
        </extensions>
      </trkpt>
      <trkpt lat="30.20720581524074077606201171875" lon="120.2603319101035594940185546875">
        <ele>6.599999904632568359375</ele>
        <time>2026-08-31T23:31:31.000Z</time>
        <extensions>
          <ns3:TrackPointExtension>
            <ns3:atemp>30.0</ns3:atemp>
            <ns3:hr>164</ns3:hr>
            <ns3:cad>86</ns3:cad>
          </ns3:TrackPointExtension>
        </extensions>
      </trkpt>
      <trkpt lat="30.2071913145482540130615234375" lon="120.26034221984446048736572265625">
        <ele>6.599999904632568359375</ele>
        <time>2026-08-31T23:31:32.000Z</time>
        <extensions>
          <ns3:TrackPointExtension>
            <ns3:atemp>30.0</ns3:atemp>
            <ns3:hr>164</ns3:hr>
            <ns3:cad>86</ns3:cad>
          </ns3:TrackPointExtension>
        </extensions>
      </trkpt>
      <trkpt lat="30.207181759178638458251953125" lon="120.26035261340439319610595703125">
        <ele>6.599999904632568359375</ele>
        <time>2026-08-31T23:31:33.000Z</time>
        <extensions>
          <ns3:TrackPointExtension>
            <ns3:atemp>30.0</ns3:atemp>
            <ns3:hr>163</ns3:hr>
            <ns3:cad>79</ns3:cad>
          </ns3:TrackPointExtension>
        </extensions>
      </trkpt>
      <trkpt lat="30.20717044360935688018798828125" lon="120.260367952287197113037109375">
        <ele>6.80000019073486328125</ele>
        <time>2026-08-31T23:31:34.000Z</time>
        <extensions>
          <ns3:TrackPointExtension>
            <ns3:atemp>30.0</ns3:atemp>
            <ns3:hr>163</ns3:hr>
            <ns3:cad>79</ns3:cad>
          </ns3:TrackPointExtension>
        </extensions>
      </trkpt>
      <trkpt lat="30.207150913774967193603515625" lon="120.2603842131793498992919921875">
        <ele>6.80000019073486328125</ele>
        <time>2026-08-31T23:31:35.000Z</time>
        <extensions>
          <ns3:TrackPointExtension>
            <ns3:atemp>30.0</ns3:atemp>
            <ns3:hr>162</ns3:hr>
            <ns3:cad>79</ns3:cad>
          </ns3:TrackPointExtension>
        </extensions>
      </trkpt>
      <trkpt lat="30.2071356587111949920654296875" lon="120.26039804331958293914794921875">
        <ele>6.80000019073486328125</ele>
        <time>2026-08-31T23:31:36.000Z</time>
        <extensions>
          <ns3:TrackPointExtension>
            <ns3:atemp>30.0</ns3:atemp>
            <ns3:hr>162</ns3:hr>
            <ns3:cad>80</ns3:cad>
          </ns3:TrackPointExtension>
        </extensions>
      </trkpt>
      <trkpt lat="30.2071152068674564361572265625" lon="120.26042100973427295684814453125">
        <ele>6.80000019073486328125</ele>
        <time>2026-08-31T23:31:37.000Z</time>
        <extensions>
          <ns3:TrackPointExtension>
            <ns3:atemp>30.0</ns3:atemp>
            <ns3:hr>162</ns3:hr>
            <ns3:cad>83</ns3:cad>
          </ns3:TrackPointExtension>
        </extensions>
      </trkpt>
      <trkpt lat="30.2071014605462551116943359375" lon="120.2604408748447895050048828125">
        <ele>6.80000019073486328125</ele>
        <time>2026-08-31T23:31:38.000Z</time>
        <extensions>
          <ns3:TrackPointExtension>
            <ns3:atemp>30.0</ns3:atemp>
            <ns3:hr>161</ns3:hr>
            <ns3:cad>83</ns3:cad>
          </ns3:TrackPointExtension>
        </extensions>
      </trkpt>
      <trkpt lat="30.2070937491953372955322265625" lon="120.26047213934361934661865234375">
        <ele>6.80000019073486328125</ele>
        <time>2026-08-31T23:31:39.000Z</time>
        <extensions>
          <ns3:TrackPointExtension>
            <ns3:atemp>30.0</ns3:atemp>
            <ns3:hr>161</ns3:hr>
            <ns3:cad>82</ns3:cad>
          </ns3:TrackPointExtension>
        </extensions>
      </trkpt>
      <trkpt lat="30.20708930678665637969970703125" lon="120.2605059184134006500244140625">
        <ele>6.599999904632568359375</ele>
        <time>2026-08-31T23:31:40.000Z</time>
        <extensions>
          <ns3:TrackPointExtension>
            <ns3:atemp>30.0</ns3:atemp>
            <ns3:hr>161</ns3:hr>
            <ns3:cad>83</ns3:cad>
          </ns3:TrackPointExtension>
        </extensions>
      </trkpt>
      <trkpt lat="30.207093916833400726318359375" lon="120.260534584522247314453125">
        <ele>6.599999904632568359375</ele>
        <time>2026-08-31T23:31:41.000Z</time>
        <extensions>
          <ns3:TrackPointExtension>
            <ns3:atemp>30.0</ns3:atemp>
            <ns3:hr>161</ns3:hr>
            <ns3:cad>83</ns3:cad>
          </ns3:TrackPointExtension>
        </extensions>
      </trkpt>
      <trkpt lat="30.20709249190986156463623046875" lon="120.2605719678103923797607421875">
        <ele>6.599999904632568359375</ele>
        <time>2026-08-31T23:31:42.000Z</time>
        <extensions>
          <ns3:TrackPointExtension>
            <ns3:atemp>30.0</ns3:atemp>
            <ns3:hr>161</ns3:hr>
            <ns3:cad>84</ns3:cad>
          </ns3:TrackPointExtension>
        </extensions>
      </trkpt>
      <trkpt lat="30.207091905176639556884765625" lon="120.26060105301439762115478515625">
        <ele>6.599999904632568359375</ele>
        <time>2026-08-31T23:31:43.000Z</time>
        <extensions>
          <ns3:TrackPointExtension>
            <ns3:atemp>30.0</ns3:atemp>
            <ns3:hr>162</ns3:hr>
            <ns3:cad>85</ns3:cad>
          </ns3:TrackPointExtension>
        </extensions>
      </trkpt>
      <trkpt lat="30.2070893906056880950927734375" lon="120.260636508464813232421875">
        <ele>6.599999904632568359375</ele>
        <time>2026-08-31T23:31:44.000Z</time>
        <extensions>
          <ns3:TrackPointExtension>
            <ns3:atemp>30.0</ns3:atemp>
            <ns3:hr>161</ns3:hr>
            <ns3:cad>86</ns3:cad>
          </ns3:TrackPointExtension>
        </extensions>
      </trkpt>
      <trkpt lat="30.20708830095827579498291015625" lon="120.26066224090754985809326171875">
        <ele>6.599999904632568359375</ele>
        <time>2026-08-31T23:31:45.000Z</time>
        <extensions>
          <ns3:TrackPointExtension>
            <ns3:atemp>30.0</ns3:atemp>
            <ns3:hr>161</ns3:hr>
            <ns3:cad>86</ns3:cad>
          </ns3:TrackPointExtension>
        </extensions>
      </trkpt>
      <trkpt lat="30.20708687603473663330078125" lon="120.260699875652790069580078125">
        <ele>6.599999904632568359375</ele>
        <time>2026-08-31T23:31:46.000Z</time>
        <extensions>
          <ns3:TrackPointExtension>
            <ns3:atemp>30.0</ns3:atemp>
            <ns3:hr>162</ns3:hr>
            <ns3:cad>86</ns3:cad>
          </ns3:TrackPointExtension>
        </extensions>
      </trkpt>
      <trkpt lat="30.20708276890218257904052734375" lon="120.2607322297990322113037109375">
        <ele>6.599999904632568359375</ele>
        <time>2026-08-31T23:31:47.000Z</time>
        <extensions>
          <ns3:TrackPointExtension>
            <ns3:atemp>30.0</ns3:atemp>
            <ns3:hr>161</ns3:hr>
            <ns3:cad>86</ns3:cad>
          </ns3:TrackPointExtension>
        </extensions>
      </trkpt>
      <trkpt lat="30.2070783264935016632080078125" lon="120.26076952926814556121826171875">
        <ele>6.599999904632568359375</ele>
        <time>2026-08-31T23:31:48.000Z</time>
        <extensions>
          <ns3:TrackPointExtension>
            <ns3:atemp>30.0</ns3:atemp>
            <ns3:hr>160</ns3:hr>
            <ns3:cad>86</ns3:cad>
          </ns3:TrackPointExtension>
        </extensions>
      </trkpt>
      <trkpt lat="30.2070794999599456787109375" lon="120.260798446834087371826171875">
        <ele>6.80000019073486328125</ele>
        <time>2026-08-31T23:31:49.000Z</time>
        <extensions>
          <ns3:TrackPointExtension>
            <ns3:atemp>30.0</ns3:atemp>
            <ns3:hr>160</ns3:hr>
            <ns3:cad>86</ns3:cad>
          </ns3:TrackPointExtension>
        </extensions>
      </trkpt>
      <trkpt lat="30.20708017051219940185546875" lon="120.2608314715325832366943359375">
        <ele>6.80000019073486328125</ele>
        <time>2026-08-31T23:31:50.000Z</time>
        <extensions>
          <ns3:TrackPointExtension>
            <ns3:atemp>30.0</ns3:atemp>
            <ns3:hr>160</ns3:hr>
            <ns3:cad>88</ns3:cad>
          </ns3:TrackPointExtension>
        </extensions>
      </trkpt>
      <trkpt lat="30.20707606337964534759521484375" lon="120.2608629874885082244873046875">
        <ele>6.80000019073486328125</ele>
        <time>2026-08-31T23:31:51.000Z</time>
        <extensions>
          <ns3:TrackPointExtension>
            <ns3:atemp>30.0</ns3:atemp>
            <ns3:hr>159</ns3:hr>
            <ns3:cad>88</ns3:cad>
          </ns3:TrackPointExtension>
        </extensions>
      </trkpt>
      <trkpt lat="30.20707748830318450927734375" lon="120.2608898095786571502685546875">
        <ele>6.80000019073486328125</ele>
        <time>2026-08-31T23:31:52.000Z</time>
        <extensions>
          <ns3:TrackPointExtension>
            <ns3:atemp>30.0</ns3:atemp>
            <ns3:hr>159</ns3:hr>
            <ns3:cad>88</ns3:cad>
          </ns3:TrackPointExtension>
        </extensions>
      </trkpt>
      <trkpt lat="30.2070736326277256011962890625" lon="120.2609270252287387847900390625">
        <ele>6.80000019073486328125</ele>
        <time>2026-08-31T23:31:53.000Z</time>
        <extensions>
          <ns3:TrackPointExtension>
            <ns3:atemp>30.0</ns3:atemp>
            <ns3:hr>159</ns3:hr>
            <ns3:cad>88</ns3:cad>
          </ns3:TrackPointExtension>
        </extensions>
      </trkpt>
      <trkpt lat="30.2070769853889942169189453125" lon="120.2609535120427608489990234375">
        <ele>6.80000019073486328125</ele>
        <time>2026-08-31T23:31:54.000Z</time>
        <extensions>
          <ns3:TrackPointExtension>
            <ns3:atemp>30.0</ns3:atemp>
            <ns3:hr>159</ns3:hr>
            <ns3:cad>87</ns3:cad>
          </ns3:TrackPointExtension>
        </extensions>
      </trkpt>
      <trkpt lat="30.20707254298031330108642578125" lon="120.26099349372088909149169921875">
        <ele>6.80000019073486328125</ele>
        <time>2026-08-31T23:31:55.000Z</time>
        <extensions>
          <ns3:TrackPointExtension>
            <ns3:atemp>30.0</ns3:atemp>
            <ns3:hr>159</ns3:hr>
            <ns3:cad>87</ns3:cad>
          </ns3:TrackPointExtension>
        </extensions>
      </trkpt>
      <trkpt lat="30.20708310417830944061279296875" lon="120.26102341711521148681640625">
        <ele>6.80000019073486328125</ele>
        <time>2026-08-31T23:31:56.000Z</time>
        <extensions>
          <ns3:TrackPointExtension>
            <ns3:atemp>30.0</ns3:atemp>
            <ns3:hr>159</ns3:hr>
            <ns3:cad>87</ns3:cad>
          </ns3:TrackPointExtension>
        </extensions>
      </trkpt>
      <trkpt lat="30.2070860378444194793701171875" lon="120.2610631473362445831298828125">
        <ele>6.80000019073486328125</ele>
        <time>2026-08-31T23:31:57.000Z</time>
        <extensions>
          <ns3:TrackPointExtension>
            <ns3:atemp>30.0</ns3:atemp>
            <ns3:hr>159</ns3:hr>
            <ns3:cad>87</ns3:cad>
          </ns3:TrackPointExtension>
        </extensions>
      </trkpt>
      <trkpt lat="30.20709249190986156463623046875" lon="120.26109223254024982452392578125">
        <ele>6.80000019073486328125</ele>
        <time>2026-08-31T23:31:58.000Z</time>
        <extensions>
          <ns3:TrackPointExtension>
            <ns3:atemp>30.0</ns3:atemp>
            <ns3:hr>160</ns3:hr>
            <ns3:cad>87</ns3:cad>
          </ns3:TrackPointExtension>
        </extensions>
      </trkpt>
      <trkpt lat="30.20709282718598842620849609375" lon="120.2611322142183780670166015625">
        <ele>7</ele>
        <time>2026-08-31T23:31:59.000Z</time>
        <extensions>
          <ns3:TrackPointExtension>
            <ns3:atemp>30.0</ns3:atemp>
            <ns3:hr>160</ns3:hr>
            <ns3:cad>88</ns3:cad>
          </ns3:TrackPointExtension>
        </extensions>
      </trkpt>
      <trkpt lat="30.2070924080908298492431640625" lon="120.26115861721336841583251953125">
        <ele>7</ele>
        <time>2026-08-31T23:32:00.000Z</time>
        <extensions>
          <ns3:TrackPointExtension>
            <ns3:atemp>30.0</ns3:atemp>
            <ns3:hr>161</ns3:hr>
            <ns3:cad>89</ns3:cad>
          </ns3:TrackPointExtension>
        </extensions>
      </trkpt>
      <trkpt lat="30.207087211310863494873046875" lon="120.26119851507246494293212890625">
        <ele>7</ele>
        <time>2026-08-31T23:32:01.000Z</time>
        <extensions>
          <ns3:TrackPointExtension>
            <ns3:atemp>30.0</ns3:atemp>
            <ns3:hr>162</ns3:hr>
            <ns3:cad>89</ns3:cad>
          </ns3:TrackPointExtension>
        </extensions>
      </trkpt>
      <trkpt lat="30.2070880495011806488037109375" lon="120.26122567243874073028564453125">
        <ele>7</ele>
        <time>2026-08-31T23:32:02.000Z</time>
        <extensions>
          <ns3:TrackPointExtension>
            <ns3:atemp>30.0</ns3:atemp>
            <ns3:hr>163</ns3:hr>
            <ns3:cad>88</ns3:cad>
          </ns3:TrackPointExtension>
        </extensions>
      </trkpt>
      <trkpt lat="30.20708360709249973297119140625" lon="120.2612628042697906494140625">
        <ele>6.80000019073486328125</ele>
        <time>2026-08-31T23:32:03.000Z</time>
        <extensions>
          <ns3:TrackPointExtension>
            <ns3:atemp>30.0</ns3:atemp>
            <ns3:hr>164</ns3:hr>
            <ns3:cad>88</ns3:cad>
          </ns3:TrackPointExtension>
        </extensions>
      </trkpt>
      <trkpt lat="30.20708796568214893341064453125" lon="120.26128820143640041351318359375">
        <ele>6.80000019073486328125</ele>
        <time>2026-08-31T23:32:04.000Z</time>
        <extensions>
          <ns3:TrackPointExtension>
            <ns3:atemp>30.0</ns3:atemp>
            <ns3:hr>164</ns3:hr>
            <ns3:cad>89</ns3:cad>
          </ns3:TrackPointExtension>
        </extensions>
      </trkpt>
      <trkpt lat="30.20708243362605571746826171875" lon="120.261328183114528656005859375">
        <ele>6.599999904632568359375</ele>
        <time>2026-08-31T23:32:05.000Z</time>
        <extensions>
          <ns3:TrackPointExtension>
            <ns3:atemp>30.0</ns3:atemp>
            <ns3:hr>164</ns3:hr>
            <ns3:cad>89</ns3:cad>
          </ns3:TrackPointExtension>
        </extensions>
      </trkpt>
      <trkpt lat="30.207083523273468017578125" lon="120.261355005204677581787109375">
        <ele>6.599999904632568359375</ele>
        <time>2026-08-31T23:32:06.000Z</time>
        <extensions>
          <ns3:TrackPointExtension>
            <ns3:atemp>31.0</ns3:atemp>
            <ns3:hr>165</ns3:hr>
            <ns3:cad>89</ns3:cad>
          </ns3:TrackPointExtension>
        </extensions>
      </trkpt>
      <trkpt lat="30.207080505788326263427734375" lon="120.26139599271118640899658203125">
        <ele>6.599999904632568359375</ele>
        <time>2026-08-31T23:32:07.000Z</time>
        <extensions>
          <ns3:TrackPointExtension>
            <ns3:atemp>30.0</ns3:atemp>
            <ns3:hr>165</ns3:hr>
            <ns3:cad>89</ns3:cad>
          </ns3:TrackPointExtension>
        </extensions>
      </trkpt>
      <trkpt lat="30.20707790739834308624267578125" lon="120.26142784394323825836181640625">
        <ele>6.599999904632568359375</ele>
        <time>2026-08-31T23:32:08.000Z</time>
        <extensions>
          <ns3:TrackPointExtension>
            <ns3:atemp>30.0</ns3:atemp>
            <ns3:hr>166</ns3:hr>
            <ns3:cad>88</ns3:cad>
          </ns3:TrackPointExtension>
        </extensions>
      </trkpt>
      <trkpt lat="30.2070719562470912933349609375" lon="120.2614654786884784698486328125">
        <ele>6.599999904632568359375</ele>
        <time>2026-08-31T23:32:09.000Z</time>
        <extensions>
          <ns3:TrackPointExtension>
            <ns3:atemp>30.0</ns3:atemp>
            <ns3:hr>167</ns3:hr>
            <ns3:cad>88</ns3:cad>
          </ns3:TrackPointExtension>
        </extensions>
      </trkpt>
      <trkpt lat="30.20706583745777606964111328125" lon="120.2615042030811309814453125">
        <ele>6.599999904632568359375</ele>
        <time>2026-08-31T23:32:10.000Z</time>
        <extensions>
          <ns3:TrackPointExtension>
            <ns3:atemp>30.0</ns3:atemp>
            <ns3:hr>167</ns3:hr>
            <ns3:cad>89</ns3:cad>
          </ns3:TrackPointExtension>
        </extensions>
      </trkpt>
      <trkpt lat="30.20706835202872753143310546875" lon="120.26153328828513622283935546875">
        <ele>6.599999904632568359375</ele>
        <time>2026-08-31T23:32:11.000Z</time>
        <extensions>
          <ns3:TrackPointExtension>
            <ns3:atemp>31.0</ns3:atemp>
            <ns3:hr>168</ns3:hr>
            <ns3:cad>89</ns3:cad>
          </ns3:TrackPointExtension>
        </extensions>
      </trkpt>
      <trkpt lat="30.20706432871520519256591796875" lon="120.26156933046877384185791015625">
        <ele>6.80000019073486328125</ele>
        <time>2026-08-31T23:32:12.000Z</time>
        <extensions>
          <ns3:TrackPointExtension>
            <ns3:atemp>30.0</ns3:atemp>
            <ns3:hr>169</ns3:hr>
            <ns3:cad>89</ns3:cad>
          </ns3:TrackPointExtension>
        </extensions>
      </trkpt>
      <trkpt lat="30.207063071429729461669921875" lon="120.26159799657762050628662109375">
        <ele>6.80000019073486328125</ele>
        <time>2026-08-31T23:32:13.000Z</time>
        <extensions>
          <ns3:TrackPointExtension>
            <ns3:atemp>30.0</ns3:atemp>
            <ns3:hr>169</ns3:hr>
            <ns3:cad>89</ns3:cad>
          </ns3:TrackPointExtension>
        </extensions>
      </trkpt>
      <trkpt lat="30.20706047303974628448486328125" lon="120.26163739152252674102783203125">
        <ele>6.599999904632568359375</ele>
        <time>2026-08-31T23:32:14.000Z</time>
        <extensions>
          <ns3:TrackPointExtension>
            <ns3:atemp>31.0</ns3:atemp>
            <ns3:hr>169</ns3:hr>
            <ns3:cad>88</ns3:cad>
          </ns3:TrackPointExtension>
        </extensions>
      </trkpt>
      <trkpt lat="30.20706885494291782379150390625" lon="120.26166605763137340545654296875">
        <ele>6.80000019073486328125</ele>
        <time>2026-08-31T23:32:15.000Z</time>
        <extensions>
          <ns3:TrackPointExtension>
            <ns3:atemp>31.0</ns3:atemp>
            <ns3:hr>169</ns3:hr>
            <ns3:cad>88</ns3:cad>
          </ns3:TrackPointExtension>
        </extensions>
      </trkpt>
      <trkpt lat="30.2070660889148712158203125" lon="120.2617038600146770477294921875">
        <ele>6.80000019073486328125</ele>
        <time>2026-08-31T23:32:16.000Z</time>
        <extensions>
          <ns3:TrackPointExtension>
            <ns3:atemp>31.0</ns3:atemp>
            <ns3:hr>170</ns3:hr>
            <ns3:cad>88</ns3:cad>
          </ns3:TrackPointExtension>
        </extensions>
      </trkpt>
      <trkpt lat="30.2070655860006809234619140625" lon="120.26173244230449199676513671875">
        <ele>6.80000019073486328125</ele>
        <time>2026-08-31T23:32:17.000Z</time>
        <extensions>
          <ns3:TrackPointExtension>
            <ns3:atemp>30.0</ns3:atemp>
            <ns3:hr>170</ns3:hr>
            <ns3:cad>87</ns3:cad>
          </ns3:TrackPointExtension>
        </extensions>
      </trkpt>
      <trkpt lat="30.20705963484942913055419921875" lon="120.26177334599196910858154296875">
        <ele>7</ele>
        <time>2026-08-31T23:32:18.000Z</time>
        <extensions>
          <ns3:TrackPointExtension>
            <ns3:atemp>31.0</ns3:atemp>
            <ns3:hr>170</ns3:hr>
            <ns3:cad>88</ns3:cad>
          </ns3:TrackPointExtension>
        </extensions>
      </trkpt>
      <trkpt lat="30.20706248469650745391845703125" lon="120.2618067897856235504150390625">
        <ele>7</ele>
        <time>2026-08-31T23:32:19.000Z</time>
        <extensions>
          <ns3:TrackPointExtension>
            <ns3:atemp>31.0</ns3:atemp>
            <ns3:hr>171</ns3:hr>
            <ns3:cad>88</ns3:cad>
          </ns3:TrackPointExtension>
        </extensions>
      </trkpt>
      <trkpt lat="30.2070585452020168304443359375" lon="120.2618448436260223388671875">
        <ele>7</ele>
        <time>2026-08-31T23:32:20.000Z</time>
        <extensions>
          <ns3:TrackPointExtension>
            <ns3:atemp>31.0</ns3:atemp>
            <ns3:hr>171</ns3:hr>
            <ns3:cad>88</ns3:cad>
          </ns3:TrackPointExtension>
        </extensions>
      </trkpt>
      <trkpt lat="30.20705862902104854583740234375" lon="120.2618725039064884185791015625">
        <ele>7</ele>
        <time>2026-08-31T23:32:21.000Z</time>
        <extensions>
          <ns3:TrackPointExtension>
            <ns3:atemp>31.0</ns3:atemp>
            <ns3:hr>171</ns3:hr>
            <ns3:cad>88</ns3:cad>
          </ns3:TrackPointExtension>
        </extensions>
      </trkpt>
      <trkpt lat="30.20705401897430419921875" lon="120.26190846227109432220458984375">
        <ele>7</ele>
        <time>2026-08-31T23:32:22.000Z</time>
        <extensions>
          <ns3:TrackPointExtension>
            <ns3:atemp>31.0</ns3:atemp>
            <ns3:hr>171</ns3:hr>
            <ns3:cad>88</ns3:cad>
          </ns3:TrackPointExtension>
        </extensions>
      </trkpt>
      <trkpt lat="30.207049660384654998779296875" lon="120.261937715113162994384765625">
        <ele>7</ele>
        <time>2026-08-31T23:32:23.000Z</time>
        <extensions>
          <ns3:TrackPointExtension>
            <ns3:atemp>31.0</ns3:atemp>
            <ns3:hr>172</ns3:hr>
            <ns3:cad>88</ns3:cad>
          </ns3:TrackPointExtension>
        </extensions>
      </trkpt>
      <trkpt lat="30.20704538561403751373291015625" lon="120.2619714103639125823974609375">
        <ele>7</ele>
        <time>2026-08-31T23:32:24.000Z</time>
        <extensions>
          <ns3:TrackPointExtension>
            <ns3:atemp>31.0</ns3:atemp>
            <ns3:hr>172</ns3:hr>
            <ns3:cad>88</ns3:cad>
          </ns3:TrackPointExtension>
        </extensions>
      </trkpt>
      <trkpt lat="30.20704354159533977508544921875" lon="120.26200334541499614715576171875">
        <ele>6.80000019073486328125</ele>
        <time>2026-08-31T23:32:25.000Z</time>
        <extensions>
          <ns3:TrackPointExtension>
            <ns3:atemp>31.0</ns3:atemp>
            <ns3:hr>172</ns3:hr>
            <ns3:cad>88</ns3:cad>
          </ns3:TrackPointExtension>
        </extensions>
      </trkpt>
      <trkpt lat="30.20704387687146663665771484375" lon="120.2620361186563968658447265625">
        <ele>6.80000019073486328125</ele>
        <time>2026-08-31T23:32:26.000Z</time>
        <extensions>
          <ns3:TrackPointExtension>
            <ns3:atemp>31.0</ns3:atemp>
            <ns3:hr>172</ns3:hr>
            <ns3:cad>89</ns3:cad>
          </ns3:TrackPointExtension>
        </extensions>
      </trkpt>
      <trkpt lat="30.20704253576695919036865234375" lon="120.26206537149846553802490234375">
        <ele>6.80000019073486328125</ele>
        <time>2026-08-31T23:32:27.000Z</time>
        <extensions>
          <ns3:TrackPointExtension>
            <ns3:atemp>30.0</ns3:atemp>
            <ns3:hr>173</ns3:hr>
            <ns3:cad>89</ns3:cad>
          </ns3:TrackPointExtension>
        </extensions>
      </trkpt>
      <trkpt lat="30.207043625414371490478515625" lon="120.26209554634988307952880859375">
        <ele>6.80000019073486328125</ele>
        <time>2026-08-31T23:32:28.000Z</time>
        <extensions>
          <ns3:TrackPointExtension>
            <ns3:atemp>31.0</ns3:atemp>
            <ns3:hr>173</ns3:hr>
            <ns3:cad>87</ns3:cad>
          </ns3:TrackPointExtension>
        </extensions>
      </trkpt>
      <trkpt lat="30.20704069174826145172119140625" lon="120.2621316723525524139404296875">
        <ele>6.599999904632568359375</ele>
        <time>2026-08-31T23:32:29.000Z</time>
        <extensions>
          <ns3:TrackPointExtension>
            <ns3:atemp>31.0</ns3:atemp>
            <ns3:hr>173</ns3:hr>
            <ns3:cad>87</ns3:cad>
          </ns3:TrackPointExtension>
        </extensions>
      </trkpt>
      <trkpt lat="30.20704261958599090576171875" lon="120.26216603815555572509765625">
        <ele>6.599999904632568359375</ele>
        <time>2026-08-31T23:32:30.000Z</time>
        <extensions>
          <ns3:TrackPointExtension>
            <ns3:atemp>31.0</ns3:atemp>
            <ns3:hr>173</ns3:hr>
            <ns3:cad>87</ns3:cad>
          </ns3:TrackPointExtension>
        </extensions>
      </trkpt>
      <trkpt lat="30.20704387687146663665771484375" lon="120.26220182888209819793701171875">
        <ele>6.599999904632568359375</ele>
        <time>2026-08-31T23:32:31.000Z</time>
        <extensions>
          <ns3:TrackPointExtension>
            <ns3:atemp>31.0</ns3:atemp>
            <ns3:hr>173</ns3:hr>
            <ns3:cad>87</ns3:cad>
          </ns3:TrackPointExtension>
        </extensions>
      </trkpt>
      <trkpt lat="30.20704454742372035980224609375" lon="120.26223041117191314697265625">
        <ele>6.599999904632568359375</ele>
        <time>2026-08-31T23:32:32.000Z</time>
        <extensions>
          <ns3:TrackPointExtension>
            <ns3:atemp>31.0</ns3:atemp>
            <ns3:hr>174</ns3:hr>
            <ns3:cad>88</ns3:cad>
          </ns3:TrackPointExtension>
        </extensions>
      </trkpt>
      <trkpt lat="30.20703918300569057464599609375" lon="120.2622667886316776275634765625">
        <ele>6.599999904632568359375</ele>
        <time>2026-08-31T23:32:33.000Z</time>
        <extensions>
          <ns3:TrackPointExtension>
            <ns3:atemp>31.0</ns3:atemp>
            <ns3:hr>174</ns3:hr>
            <ns3:cad>88</ns3:cad>
          </ns3:TrackPointExtension>
        </extensions>
      </trkpt>
      <trkpt lat="30.20704119466245174407958984375" lon="120.262294448912143707275390625">
        <ele>6.599999904632568359375</ele>
        <time>2026-08-31T23:32:34.000Z</time>
        <extensions>
          <ns3:TrackPointExtension>
            <ns3:atemp>31.0</ns3:atemp>
            <ns3:hr>174</ns3:hr>
            <ns3:cad>88</ns3:cad>
          </ns3:TrackPointExtension>
        </extensions>
      </trkpt>
      <trkpt lat="30.2070394344627857208251953125" lon="120.26232873089611530303955078125">
        <ele>6.599999904632568359375</ele>
        <time>2026-08-31T23:32:35.000Z</time>
        <extensions>
          <ns3:TrackPointExtension>
            <ns3:atemp>31.0</ns3:atemp>
            <ns3:hr>174</ns3:hr>
            <ns3:cad>88</ns3:cad>
          </ns3:TrackPointExtension>
        </extensions>
      </trkpt>
      <trkpt lat="30.2070394344627857208251953125" lon="120.2623579837381839752197265625">
        <ele>6.599999904632568359375</ele>
        <time>2026-08-31T23:32:36.000Z</time>
        <extensions>
          <ns3:TrackPointExtension>
            <ns3:atemp>31.0</ns3:atemp>
            <ns3:hr>174</ns3:hr>
            <ns3:cad>87</ns3:cad>
          </ns3:TrackPointExtension>
        </extensions>
      </trkpt>
      <trkpt lat="30.20703901536762714385986328125" lon="120.26239444501698017120361328125">
        <ele>6.599999904632568359375</ele>
        <time>2026-08-31T23:32:37.000Z</time>
        <extensions>
          <ns3:TrackPointExtension>
            <ns3:atemp>31.0</ns3:atemp>
            <ns3:hr>174</ns3:hr>
            <ns3:cad>87</ns3:cad>
          </ns3:TrackPointExtension>
        </extensions>
      </trkpt>
      <trkpt lat="30.20703884772956371307373046875" lon="120.2624216862022876739501953125">
        <ele>6.599999904632568359375</ele>
        <time>2026-08-31T23:32:38.000Z</time>
        <extensions>
          <ns3:TrackPointExtension>
            <ns3:atemp>31.0</ns3:atemp>
            <ns3:hr>174</ns3:hr>
            <ns3:cad>88</ns3:cad>
          </ns3:TrackPointExtension>
        </extensions>
      </trkpt>
      <trkpt lat="30.20703314803540706634521484375" lon="120.26245412416756153106689453125">
        <ele>6.400000095367431640625</ele>
        <time>2026-08-31T23:32:39.000Z</time>
        <extensions>
          <ns3:TrackPointExtension>
            <ns3:atemp>31.0</ns3:atemp>
            <ns3:hr>175</ns3:hr>
            <ns3:cad>88</ns3:cad>
          </ns3:TrackPointExtension>
        </extensions>
      </trkpt>
      <trkpt lat="30.20702811889350414276123046875" lon="120.262485556304454803466796875">
        <ele>6.400000095367431640625</ele>
        <time>2026-08-31T23:32:40.000Z</time>
        <extensions>
          <ns3:TrackPointExtension>
            <ns3:atemp>31.0</ns3:atemp>
            <ns3:hr>175</ns3:hr>
            <ns3:cad>90</ns3:cad>
          </ns3:TrackPointExtension>
        </extensions>
      </trkpt>
      <trkpt lat="30.2070240117609500885009765625" lon="120.26251950301229953765869140625">
        <ele>6.400000095367431640625</ele>
        <time>2026-08-31T23:32:41.000Z</time>
        <extensions>
          <ns3:TrackPointExtension>
            <ns3:atemp>31.0</ns3:atemp>
            <ns3:hr>175</ns3:hr>
            <ns3:cad>90</ns3:cad>
          </ns3:TrackPointExtension>
        </extensions>
      </trkpt>
      <trkpt lat="30.2070213295519351959228515625" lon="120.26254967786371707916259765625">
        <ele>6.400000095367431640625</ele>
        <time>2026-08-31T23:32:42.000Z</time>
        <extensions>
          <ns3:TrackPointExtension>
            <ns3:atemp>31.0</ns3:atemp>
            <ns3:hr>174</ns3:hr>
            <ns3:cad>88</ns3:cad>
          </ns3:TrackPointExtension>
        </extensions>
      </trkpt>
      <trkpt lat="30.20701990462839603424072265625" lon="120.2625824511051177978515625">
        <ele>6.400000095367431640625</ele>
        <time>2026-08-31T23:32:43.000Z</time>
        <extensions>
          <ns3:TrackPointExtension>
            <ns3:atemp>31.0</ns3:atemp>
            <ns3:hr>174</ns3:hr>
            <ns3:cad>88</ns3:cad>
          </ns3:TrackPointExtension>
        </extensions>
      </trkpt>
      <trkpt lat="30.2070199884474277496337890625" lon="120.2626144699752330780029296875">
        <ele>6.400000095367431640625</ele>
        <time>2026-08-31T23:32:44.000Z</time>
        <extensions>
          <ns3:TrackPointExtension>
            <ns3:atemp>31.0</ns3:atemp>
            <ns3:hr>174</ns3:hr>
            <ns3:cad>88</ns3:cad>
          </ns3:TrackPointExtension>
        </extensions>
      </trkpt>
      <trkpt lat="30.20702225156128406524658203125" lon="120.262651182711124420166015625">
        <ele>6.400000095367431640625</ele>
        <time>2026-08-31T23:32:45.000Z</time>
        <extensions>
          <ns3:TrackPointExtension>
            <ns3:atemp>31.0</ns3:atemp>
            <ns3:hr>174</ns3:hr>
            <ns3:cad>89</ns3:cad>
          </ns3:TrackPointExtension>
        </extensions>
      </trkpt>
      <trkpt lat="30.207025520503520965576171875" lon="120.26268295012414455413818359375">
        <ele>6.400000095367431640625</ele>
        <time>2026-08-31T23:32:46.000Z</time>
        <extensions>
          <ns3:TrackPointExtension>
            <ns3:atemp>31.0</ns3:atemp>
            <ns3:hr>174</ns3:hr>
            <ns3:cad>89</ns3:cad>
          </ns3:TrackPointExtension>
        </extensions>
      </trkpt>
      <trkpt lat="30.20702996291220188140869140625" lon="120.26271748356521129608154296875">
        <ele>6.19999980926513671875</ele>
        <time>2026-08-31T23:32:47.000Z</time>
        <extensions>
          <ns3:TrackPointExtension>
            <ns3:atemp>31.0</ns3:atemp>
            <ns3:hr>174</ns3:hr>
            <ns3:cad>89</ns3:cad>
          </ns3:TrackPointExtension>
        </extensions>
      </trkpt>
      <trkpt lat="30.2070323936641216278076171875" lon="120.26275000534951686859130859375">
        <ele>6.19999980926513671875</ele>
        <time>2026-08-31T23:32:48.000Z</time>
        <extensions>
          <ns3:TrackPointExtension>
            <ns3:atemp>31.0</ns3:atemp>
            <ns3:hr>174</ns3:hr>
            <ns3:cad>89</ns3:cad>
          </ns3:TrackPointExtension>
        </extensions>
      </trkpt>
      <trkpt lat="30.2070287056267261505126953125" lon="120.26278068311512470245361328125">
        <ele>6.19999980926513671875</ele>
        <time>2026-08-31T23:32:49.000Z</time>
        <extensions>
          <ns3:TrackPointExtension>
            <ns3:atemp>31.0</ns3:atemp>
            <ns3:hr>175</ns3:hr>
            <ns3:cad>87</ns3:cad>
          </ns3:TrackPointExtension>
        </extensions>
      </trkpt>
      <trkpt lat="30.20702560432255268096923828125" lon="120.2628169767558574676513671875">
        <ele>6.19999980926513671875</ele>
        <time>2026-08-31T23:32:50.000Z</time>
        <extensions>
          <ns3:TrackPointExtension>
            <ns3:atemp>31.0</ns3:atemp>
            <ns3:hr>175</ns3:hr>
            <ns3:cad>87</ns3:cad>
          </ns3:TrackPointExtension>
        </extensions>
      </trkpt>
      <trkpt lat="30.2070317231118679046630859375" lon="120.26284807361662387847900390625">
        <ele>6.19999980926513671875</ele>
        <time>2026-08-31T23:32:51.000Z</time>
        <extensions>
          <ns3:TrackPointExtension>
            <ns3:atemp>31.0</ns3:atemp>
            <ns3:hr>175</ns3:hr>
            <ns3:cad>87</ns3:cad>
          </ns3:TrackPointExtension>
        </extensions>
      </trkpt>
      <trkpt lat="30.2070312201976776123046875" lon="120.26288344524800777435302734375">
        <ele>6.19999980926513671875</ele>
        <time>2026-08-31T23:32:52.000Z</time>
        <extensions>
          <ns3:TrackPointExtension>
            <ns3:atemp>31.0</ns3:atemp>
            <ns3:hr>175</ns3:hr>
            <ns3:cad>87</ns3:cad>
          </ns3:TrackPointExtension>
        </extensions>
      </trkpt>
      <trkpt lat="30.207034908235073089599609375" lon="120.2629096806049346923828125">
        <ele>6.19999980926513671875</ele>
        <time>2026-08-31T23:32:53.000Z</time>
        <extensions>
          <ns3:TrackPointExtension>
            <ns3:atemp>31.0</ns3:atemp>
            <ns3:hr>175</ns3:hr>
            <ns3:cad>88</ns3:cad>
          </ns3:TrackPointExtension>
        </extensions>
      </trkpt>
      <trkpt lat="30.20703348331153392791748046875" lon="120.26294429786503314971923828125">
        <ele>6.19999980926513671875</ele>
        <time>2026-08-31T23:32:54.000Z</time>
        <extensions>
          <ns3:TrackPointExtension>
            <ns3:atemp>31.0</ns3:atemp>
            <ns3:hr>174</ns3:hr>
            <ns3:cad>88</ns3:cad>
          </ns3:TrackPointExtension>
        </extensions>
      </trkpt>
      <trkpt lat="30.2070424519479274749755859375" lon="120.26296759955585002899169921875">
        <ele>6.19999980926513671875</ele>
        <time>2026-08-31T23:32:55.000Z</time>
        <extensions>
          <ns3:TrackPointExtension>
            <ns3:atemp>31.0</ns3:atemp>
            <ns3:hr>175</ns3:hr>
            <ns3:cad>88</ns3:cad>
          </ns3:TrackPointExtension>
        </extensions>
      </trkpt>
      <trkpt lat="30.2070545218884944915771484375" lon="120.2629913203418254852294921875">
        <ele>6.19999980926513671875</ele>
        <time>2026-08-31T23:32:56.000Z</time>
        <extensions>
          <ns3:TrackPointExtension>
            <ns3:atemp>31.0</ns3:atemp>
            <ns3:hr>175</ns3:hr>
            <ns3:cad>86</ns3:cad>
          </ns3:TrackPointExtension>
        </extensions>
      </trkpt>
      <trkpt lat="30.2070639096200466156005859375" lon="120.263009928166866302490234375">
        <ele>6.19999980926513671875</ele>
        <time>2026-08-31T23:32:57.000Z</time>
        <extensions>
          <ns3:TrackPointExtension>
            <ns3:atemp>31.0</ns3:atemp>
            <ns3:hr>175</ns3:hr>
            <ns3:cad>86</ns3:cad>
          </ns3:TrackPointExtension>
        </extensions>
      </trkpt>
      <trkpt lat="30.20706499926745891571044921875" lon="120.26302107609808444976806640625">
        <ele>6.19999980926513671875</ele>
        <time>2026-08-31T23:32:58.000Z</time>
        <extensions>
          <ns3:TrackPointExtension>
            <ns3:atemp>31.0</ns3:atemp>
            <ns3:hr>175</ns3:hr>
            <ns3:cad>86</ns3:cad>
          </ns3:TrackPointExtension>
        </extensions>
      </trkpt>
      <trkpt lat="30.207063741981983184814453125" lon="120.26303239166736602783203125">
        <ele>6.19999980926513671875</ele>
        <time>2026-08-31T23:32:59.000Z</time>
        <extensions>
          <ns3:TrackPointExtension>
            <ns3:atemp>31.0</ns3:atemp>
            <ns3:hr>175</ns3:hr>
            <ns3:cad>86</ns3:cad>
          </ns3:TrackPointExtension>
        </extensions>
      </trkpt>
      <trkpt lat="30.2070635743439197540283203125" lon="120.26303918100893497467041015625">
        <ele>6</ele>
        <time>2026-08-31T23:33:00.000Z</time>
        <extensions>
          <ns3:TrackPointExtension>
            <ns3:atemp>31.0</ns3:atemp>
            <ns3:hr>175</ns3:hr>
            <ns3:cad>86</ns3:cad>
          </ns3:TrackPointExtension>
        </extensions>
      </trkpt>
      <trkpt lat="30.207067094743251800537109375" lon="120.26304840110242366790771484375">
        <ele>6</ele>
        <time>2026-08-31T23:33:01.000Z</time>
        <extensions>
          <ns3:TrackPointExtension>
            <ns3:atemp>31.0</ns3:atemp>
            <ns3:hr>175</ns3:hr>
            <ns3:cad>65</ns3:cad>
          </ns3:TrackPointExtension>
        </extensions>
      </trkpt>
      <trkpt lat="30.2070686034858226776123046875" lon="120.26305829174816608428955078125">
        <ele>6</ele>
        <time>2026-08-31T23:33:02.000Z</time>
        <extensions>
          <ns3:TrackPointExtension>
            <ns3:atemp>31.0</ns3:atemp>
            <ns3:hr>175</ns3:hr>
            <ns3:cad>65</ns3:cad>
          </ns3:TrackPointExtension>
        </extensions>
      </trkpt>
      <trkpt lat="30.20707371644675731658935546875" lon="120.263072960078716278076171875">
        <ele>5.80000019073486328125</ele>
        <time>2026-08-31T23:33:03.000Z</time>
        <extensions>
          <ns3:TrackPointExtension>
            <ns3:atemp>31.0</ns3:atemp>
            <ns3:hr>174</ns3:hr>
            <ns3:cad>64</ns3:cad>
          </ns3:TrackPointExtension>
        </extensions>
      </trkpt>
      <trkpt lat="30.20707723684608936309814453125" lon="120.2630919031798839569091796875">
        <ele>5.80000019073486328125</ele>
        <time>2026-08-31T23:33:04.000Z</time>
        <extensions>
          <ns3:TrackPointExtension>
            <ns3:atemp>31.0</ns3:atemp>
            <ns3:hr>175</ns3:hr>
            <ns3:cad>64</ns3:cad>
          </ns3:TrackPointExtension>
        </extensions>
      </trkpt>
      <trkpt lat="30.20707623101770877838134765625" lon="120.2631157077848911285400390625">
        <ele>5.80000019073486328125</ele>
        <time>2026-08-31T23:33:05.000Z</time>
        <extensions>
          <ns3:TrackPointExtension>
            <ns3:atemp>31.0</ns3:atemp>
            <ns3:hr>175</ns3:hr>
            <ns3:cad>63</ns3:cad>
          </ns3:TrackPointExtension>
        </extensions>
      </trkpt>
      <trkpt lat="30.2070816792547702789306640625" lon="120.26313272304832935333251953125">
        <ele>6</ele>
        <time>2026-08-31T23:33:06.000Z</time>
        <extensions>
          <ns3:TrackPointExtension>
            <ns3:atemp>31.0</ns3:atemp>
            <ns3:hr>175</ns3:hr>
            <ns3:cad>63</ns3:cad>
          </ns3:TrackPointExtension>
        </extensions>
      </trkpt>
      <trkpt lat="30.20708159543573856353759765625" lon="120.26315719820559024810791015625">
        <ele>6</ele>
        <time>2026-08-31T23:33:07.000Z</time>
        <extensions>
          <ns3:TrackPointExtension>
            <ns3:atemp>31.0</ns3:atemp>
            <ns3:hr>175</ns3:hr>
            <ns3:cad>63</ns3:cad>
          </ns3:TrackPointExtension>
        </extensions>
      </trkpt>
      <trkpt lat="30.2070789970457553863525390625" lon="120.26317245326936244964599609375">
        <ele>6</ele>
        <time>2026-08-31T23:33:08.000Z</time>
        <extensions>
          <ns3:TrackPointExtension>
            <ns3:atemp>31.0</ns3:atemp>
            <ns3:hr>174</ns3:hr>
            <ns3:cad>63</ns3:cad>
          </ns3:TrackPointExtension>
        </extensions>
      </trkpt>
      <trkpt lat="30.20707757212221622467041015625" lon="120.26318586431443691253662109375">
        <ele>6</ele>
        <time>2026-08-31T23:33:09.000Z</time>
        <extensions>
          <ns3:TrackPointExtension>
            <ns3:atemp>31.0</ns3:atemp>
            <ns3:hr>174</ns3:hr>
            <ns3:cad>63</ns3:cad>
          </ns3:TrackPointExtension>
        </extensions>
      </trkpt>
      <trkpt lat="30.20707455463707447052001953125" lon="120.2632008679211139678955078125">
        <ele>6</ele>
        <time>2026-08-31T23:33:10.000Z</time>
        <extensions>
          <ns3:TrackPointExtension>
            <ns3:atemp>31.0</ns3:atemp>
            <ns3:hr>174</ns3:hr>
            <ns3:cad>125</ns3:cad>
          </ns3:TrackPointExtension>
        </extensions>
      </trkpt>
      <trkpt lat="30.2070736326277256011962890625" lon="120.26323020458221435546875">
        <ele>5.80000019073486328125</ele>
        <time>2026-08-31T23:33:11.000Z</time>
        <extensions>
          <ns3:TrackPointExtension>
            <ns3:atemp>31.0</ns3:atemp>
            <ns3:hr>173</ns3:hr>
            <ns3:cad>125</ns3:cad>
          </ns3:TrackPointExtension>
        </extensions>
      </trkpt>
      <trkpt lat="30.20707472227513790130615234375" lon="120.263265408575534820556640625">
        <ele>5.80000019073486328125</ele>
        <time>2026-08-31T23:33:12.000Z</time>
        <extensions>
          <ns3:TrackPointExtension>
            <ns3:atemp>31.0</ns3:atemp>
            <ns3:hr>173</ns3:hr>
            <ns3:cad>125</ns3:cad>
          </ns3:TrackPointExtension>
        </extensions>
      </trkpt>
      <trkpt lat="30.2070739679038524627685546875" lon="120.263302959501743316650390625">
        <ele>5.80000019073486328125</ele>
        <time>2026-08-31T23:33:13.000Z</time>
        <extensions>
          <ns3:TrackPointExtension>
            <ns3:atemp>31.0</ns3:atemp>
            <ns3:hr>173</ns3:hr>
            <ns3:cad>125</ns3:cad>
          </ns3:TrackPointExtension>
        </extensions>
      </trkpt>
      <trkpt lat="30.207075141370296478271484375" lon="120.26333682239055633544921875">
        <ele>5.80000019073486328125</ele>
        <time>2026-08-31T23:33:14.000Z</time>
        <extensions>
          <ns3:TrackPointExtension>
            <ns3:atemp>31.0</ns3:atemp>
            <ns3:hr>172</ns3:hr>
            <ns3:cad>83</ns3:cad>
          </ns3:TrackPointExtension>
        </extensions>
      </trkpt>
      <trkpt lat="30.20707639865577220916748046875" lon="120.263377726078033447265625">
        <ele>6</ele>
        <time>2026-08-31T23:33:15.000Z</time>
        <extensions>
          <ns3:TrackPointExtension>
            <ns3:atemp>31.0</ns3:atemp>
            <ns3:hr>172</ns3:hr>
            <ns3:cad>83</ns3:cad>
          </ns3:TrackPointExtension>
        </extensions>
      </trkpt>
      <trkpt lat="30.20708377473056316375732421875" lon="120.26340848766267299652099609375">
        <ele>6</ele>
        <time>2026-08-31T23:33:16.000Z</time>
        <extensions>
          <ns3:TrackPointExtension>
            <ns3:atemp>31.0</ns3:atemp>
            <ns3:hr>172</ns3:hr>
            <ns3:cad>83</ns3:cad>
          </ns3:TrackPointExtension>
        </extensions>
      </trkpt>
      <trkpt lat="30.20708930678665637969970703125" lon="120.2634456194937229156494140625">
        <ele>6</ele>
        <time>2026-08-31T23:33:17.000Z</time>
        <extensions>
          <ns3:TrackPointExtension>
            <ns3:atemp>31.0</ns3:atemp>
            <ns3:hr>171</ns3:hr>
            <ns3:cad>85</ns3:cad>
          </ns3:TrackPointExtension>
        </extensions>
      </trkpt>
      <trkpt lat="30.20709182135760784149169921875" lon="120.2634757943451404571533203125">
        <ele>6.19999980926513671875</ele>
        <time>2026-08-31T23:33:18.000Z</time>
        <extensions>
          <ns3:TrackPointExtension>
            <ns3:atemp>31.0</ns3:atemp>
            <ns3:hr>172</ns3:hr>
            <ns3:cad>85</ns3:cad>
          </ns3:TrackPointExtension>
        </extensions>
      </trkpt>
      <trkpt lat="30.20710523240268230438232421875" lon="120.2635006047785282135009765625">
        <ele>6.19999980926513671875</ele>
        <time>2026-08-31T23:33:19.000Z</time>
        <extensions>
          <ns3:TrackPointExtension>
            <ns3:atemp>31.0</ns3:atemp>
            <ns3:hr>172</ns3:hr>
            <ns3:cad>85</ns3:cad>
          </ns3:TrackPointExtension>
        </extensions>
      </trkpt>
      <trkpt lat="30.20712182857096195220947265625" lon="120.26351996697485446929931640625">
        <ele>6</ele>
        <time>2026-08-31T23:33:20.000Z</time>
        <extensions>
          <ns3:TrackPointExtension>
            <ns3:atemp>31.0</ns3:atemp>
            <ns3:hr>172</ns3:hr>
            <ns3:cad>85</ns3:cad>
          </ns3:TrackPointExtension>
        </extensions>
      </trkpt>
      <trkpt lat="30.20713917911052703857421875" lon="120.26353488676249980926513671875">
        <ele>6</ele>
        <time>2026-08-31T23:33:21.000Z</time>
        <extensions>
          <ns3:TrackPointExtension>
            <ns3:atemp>31.0</ns3:atemp>
            <ns3:hr>173</ns3:hr>
            <ns3:cad>86</ns3:cad>
          </ns3:TrackPointExtension>
        </extensions>
      </trkpt>
      <trkpt lat="30.20715971477329730987548828125" lon="120.26354427449405193328857421875">
        <ele>6</ele>
        <time>2026-08-31T23:33:22.000Z</time>
        <extensions>
          <ns3:TrackPointExtension>
            <ns3:atemp>31.0</ns3:atemp>
            <ns3:hr>172</ns3:hr>
            <ns3:cad>86</ns3:cad>
          </ns3:TrackPointExtension>
        </extensions>
      </trkpt>
      <trkpt lat="30.20717899315059185028076171875" lon="120.26355064474046230316162109375">
        <ele>6</ele>
        <time>2026-08-31T23:33:23.000Z</time>
        <extensions>
          <ns3:TrackPointExtension>
            <ns3:atemp>31.0</ns3:atemp>
            <ns3:hr>172</ns3:hr>
            <ns3:cad>86</ns3:cad>
          </ns3:TrackPointExtension>
        </extensions>
      </trkpt>
      <trkpt lat="30.2072043903172016143798828125" lon="120.26355852372944355010986328125">
        <ele>6.19999980926513671875</ele>
        <time>2026-08-31T23:33:24.000Z</time>
        <extensions>
          <ns3:TrackPointExtension>
            <ns3:atemp>31.0</ns3:atemp>
            <ns3:hr>172</ns3:hr>
            <ns3:cad>87</ns3:cad>
          </ns3:TrackPointExtension>
        </extensions>
      </trkpt>
      <trkpt lat="30.20722475834190845489501953125" lon="120.263561792671680450439453125">
        <ele>6.19999980926513671875</ele>
        <time>2026-08-31T23:33:25.000Z</time>
        <extensions>
          <ns3:TrackPointExtension>
            <ns3:atemp>31.0</ns3:atemp>
            <ns3:hr>172</ns3:hr>
            <ns3:cad>87</ns3:cad>
          </ns3:TrackPointExtension>
        </extensions>
      </trkpt>
      <trkpt lat="30.20724973641335964202880859375" lon="120.26356673799455165863037109375">
        <ele>6.19999980926513671875</ele>
        <time>2026-08-31T23:33:26.000Z</time>
        <extensions>
          <ns3:TrackPointExtension>
            <ns3:atemp>31.0</ns3:atemp>
            <ns3:hr>171</ns3:hr>
            <ns3:cad>87</ns3:cad>
          </ns3:TrackPointExtension>
        </extensions>
      </trkpt>
      <trkpt lat="30.20726834423840045928955078125" lon="120.263567157089710235595703125">
        <ele>6.19999980926513671875</ele>
        <time>2026-08-31T23:33:27.000Z</time>
        <extensions>
          <ns3:TrackPointExtension>
            <ns3:atemp>31.0</ns3:atemp>
            <ns3:hr>171</ns3:hr>
            <ns3:cad>87</ns3:cad>
          </ns3:TrackPointExtension>
        </extensions>
      </trkpt>
      <trkpt lat="30.20729315467178821563720703125" lon="120.26357042603194713592529296875">
        <ele>6.19999980926513671875</ele>
        <time>2026-08-31T23:33:28.000Z</time>
        <extensions>
          <ns3:TrackPointExtension>
            <ns3:atemp>31.0</ns3:atemp>
            <ns3:hr>170</ns3:hr>
            <ns3:cad>87</ns3:cad>
          </ns3:TrackPointExtension>
        </extensions>
      </trkpt>
      <trkpt lat="30.20731913857161998748779296875" lon="120.2635740302503108978271484375">
        <ele>6</ele>
        <time>2026-08-31T23:33:29.000Z</time>
        <extensions>
          <ns3:TrackPointExtension>
            <ns3:atemp>31.0</ns3:atemp>
            <ns3:hr>170</ns3:hr>
            <ns3:cad>87</ns3:cad>
          </ns3:TrackPointExtension>
        </extensions>
      </trkpt>
      <trkpt lat="30.207343362271785736083984375" lon="120.2635763771831989288330078125">
        <ele>6</ele>
        <time>2026-08-31T23:33:30.000Z</time>
        <extensions>
          <ns3:TrackPointExtension>
            <ns3:atemp>31.0</ns3:atemp>
            <ns3:hr>170</ns3:hr>
            <ns3:cad>87</ns3:cad>
          </ns3:TrackPointExtension>
        </extensions>
      </trkpt>
      <trkpt lat="30.20737227983772754669189453125" lon="120.263581573963165283203125">
        <ele>6</ele>
        <time>2026-08-31T23:33:31.000Z</time>
        <extensions>
          <ns3:TrackPointExtension>
            <ns3:atemp>31.0</ns3:atemp>
            <ns3:hr>169</ns3:hr>
            <ns3:cad>86</ns3:cad>
          </ns3:TrackPointExtension>
        </extensions>
      </trkpt>
      <trkpt lat="30.20739524625241756439208984375" lon="120.2635814063251018524169921875">
        <ele>6</ele>
        <time>2026-08-31T23:33:32.000Z</time>
        <extensions>
          <ns3:TrackPointExtension>
            <ns3:atemp>31.0</ns3:atemp>
            <ns3:hr>169</ns3:hr>
            <ns3:cad>86</ns3:cad>
          </ns3:TrackPointExtension>
        </extensions>
      </trkpt>
      <trkpt lat="30.2074270136654376983642578125" lon="120.2635881118476390838623046875">
        <ele>6</ele>
        <time>2026-08-31T23:33:33.000Z</time>
        <extensions>
          <ns3:TrackPointExtension>
            <ns3:atemp>31.0</ns3:atemp>
            <ns3:hr>169</ns3:hr>
            <ns3:cad>85</ns3:cad>
          </ns3:TrackPointExtension>
        </extensions>
      </trkpt>
      <trkpt lat="30.2074496448040008544921875" lon="120.26359322480857372283935546875">
        <ele>6</ele>
        <time>2026-08-31T23:33:34.000Z</time>
        <extensions>
          <ns3:TrackPointExtension>
            <ns3:atemp>31.0</ns3:atemp>
            <ns3:hr>168</ns3:hr>
            <ns3:cad>85</ns3:cad>
          </ns3:TrackPointExtension>
        </extensions>
      </trkpt>
      <trkpt lat="30.207478813827037811279296875" lon="120.26360236108303070068359375">
        <ele>6</ele>
        <time>2026-08-31T23:33:35.000Z</time>
        <extensions>
          <ns3:TrackPointExtension>
            <ns3:atemp>31.0</ns3:atemp>
            <ns3:hr>168</ns3:hr>
            <ns3:cad>86</ns3:cad>
          </ns3:TrackPointExtension>
        </extensions>
      </trkpt>
      <trkpt lat="30.2074997685849666595458984375" lon="120.2636102400720119476318359375">
        <ele>5.80000019073486328125</ele>
        <time>2026-08-31T23:33:36.000Z</time>
        <extensions>
          <ns3:TrackPointExtension>
            <ns3:atemp>31.0</ns3:atemp>
            <ns3:hr>168</ns3:hr>
            <ns3:cad>86</ns3:cad>
          </ns3:TrackPointExtension>
        </extensions>
      </trkpt>
      <trkpt lat="30.2075249142944812774658203125" lon="120.26361619122326374053955078125">
        <ele>5.80000019073486328125</ele>
        <time>2026-08-31T23:33:37.000Z</time>
        <extensions>
          <ns3:TrackPointExtension>
            <ns3:atemp>31.0</ns3:atemp>
            <ns3:hr>168</ns3:hr>
            <ns3:cad>86</ns3:cad>
          </ns3:TrackPointExtension>
        </extensions>
      </trkpt>
      <trkpt lat="30.20755131728947162628173828125" lon="120.26362239383161067962646484375">
        <ele>5.80000019073486328125</ele>
        <time>2026-08-31T23:33:38.000Z</time>
        <extensions>
          <ns3:TrackPointExtension>
            <ns3:atemp>31.0</ns3:atemp>
            <ns3:hr>168</ns3:hr>
            <ns3:cad>86</ns3:cad>
          </ns3:TrackPointExtension>
        </extensions>
      </trkpt>
      <trkpt lat="30.20756774581968784332275390625" lon="120.26362138800323009490966796875">
        <ele>5.80000019073486328125</ele>
        <time>2026-08-31T23:33:39.000Z</time>
        <extensions>
          <ns3:TrackPointExtension>
            <ns3:atemp>31.0</ns3:atemp>
            <ns3:hr>167</ns3:hr>
            <ns3:cad>86</ns3:cad>
          </ns3:TrackPointExtension>
        </extensions>
      </trkpt>
      <trkpt lat="30.20758844912052154541015625" lon="120.26362859643995761871337890625">
        <ele>6</ele>
        <time>2026-08-31T23:33:40.000Z</time>
        <extensions>
          <ns3:TrackPointExtension>
            <ns3:atemp>31.0</ns3:atemp>
            <ns3:hr>168</ns3:hr>
            <ns3:cad>86</ns3:cad>
          </ns3:TrackPointExtension>
        </extensions>
      </trkpt>
      <trkpt lat="30.20761133171617984771728515625" lon="120.26363161392509937286376953125">
        <ele>6</ele>
        <time>2026-08-31T23:33:41.000Z</time>
        <extensions>
          <ns3:TrackPointExtension>
            <ns3:atemp>31.0</ns3:atemp>
            <ns3:hr>167</ns3:hr>
            <ns3:cad>86</ns3:cad>
          </ns3:TrackPointExtension>
        </extensions>
      </trkpt>
      <trkpt lat="30.20763941109180450439453125" lon="120.2636311948299407958984375">
        <ele>6</ele>
        <time>2026-08-31T23:33:42.000Z</time>
        <extensions>
          <ns3:TrackPointExtension>
            <ns3:atemp>31.0</ns3:atemp>
            <ns3:hr>167</ns3:hr>
            <ns3:cad>86</ns3:cad>
          </ns3:TrackPointExtension>
        </extensions>
      </trkpt>
      <trkpt lat="30.20766262896358966827392578125" lon="120.26363781653344631195068359375">
        <ele>5.80000019073486328125</ele>
        <time>2026-08-31T23:33:43.000Z</time>
        <extensions>
          <ns3:TrackPointExtension>
            <ns3:atemp>31.0</ns3:atemp>
            <ns3:hr>167</ns3:hr>
            <ns3:cad>86</ns3:cad>
          </ns3:TrackPointExtension>
        </extensions>
      </trkpt>
      <trkpt lat="30.20768978632986545562744140625" lon="120.2636365592479705810546875">
        <ele>5.80000019073486328125</ele>
        <time>2026-08-31T23:33:44.000Z</time>
        <extensions>
          <ns3:TrackPointExtension>
            <ns3:atemp>31.0</ns3:atemp>
            <ns3:hr>167</ns3:hr>
            <ns3:cad>86</ns3:cad>
          </ns3:TrackPointExtension>
        </extensions>
      </trkpt>
      <trkpt lat="30.2077140100300312042236328125" lon="120.26364368386566638946533203125">
        <ele>5.80000019073486328125</ele>
        <time>2026-08-31T23:33:45.000Z</time>
        <extensions>
          <ns3:TrackPointExtension>
            <ns3:atemp>31.0</ns3:atemp>
            <ns3:hr>166</ns3:hr>
            <ns3:cad>87</ns3:cad>
          </ns3:TrackPointExtension>
        </extensions>
      </trkpt>
      <trkpt lat="30.20773462951183319091796875" lon="120.2636432647705078125">
        <ele>5.80000019073486328125</ele>
        <time>2026-08-31T23:33:46.000Z</time>
        <extensions>
          <ns3:TrackPointExtension>
            <ns3:atemp>31.0</ns3:atemp>
            <ns3:hr>166</ns3:hr>
            <ns3:cad>87</ns3:cad>
          </ns3:TrackPointExtension>
        </extensions>
      </trkpt>
      <trkpt lat="30.20776488818228244781494140625" lon="120.26365038938820362091064453125">
        <ele>6</ele>
        <time>2026-08-31T23:33:47.000Z</time>
        <extensions>
          <ns3:TrackPointExtension>
            <ns3:atemp>31.0</ns3:atemp>
            <ns3:hr>166</ns3:hr>
            <ns3:cad>87</ns3:cad>
          </ns3:TrackPointExtension>
        </extensions>
      </trkpt>
      <trkpt lat="30.207787267863750457763671875" lon="120.26365659199655055999755859375">
        <ele>6</ele>
        <time>2026-08-31T23:33:48.000Z</time>
        <extensions>
          <ns3:TrackPointExtension>
            <ns3:atemp>31.0</ns3:atemp>
            <ns3:hr>165</ns3:hr>
            <ns3:cad>87</ns3:cad>
          </ns3:TrackPointExtension>
        </extensions>
      </trkpt>
      <trkpt lat="30.2078211307525634765625" lon="120.26366329751908779144287109375">
        <ele>5.80000019073486328125</ele>
        <time>2026-08-31T23:33:49.000Z</time>
        <extensions>
          <ns3:TrackPointExtension>
            <ns3:atemp>31.0</ns3:atemp>
            <ns3:hr>165</ns3:hr>
            <ns3:cad>87</ns3:cad>
          </ns3:TrackPointExtension>
        </extensions>
      </trkpt>
      <trkpt lat="30.207848288118839263916015625" lon="120.2636692486703395843505859375">
        <ele>6</ele>
        <time>2026-08-31T23:33:50.000Z</time>
        <extensions>
          <ns3:TrackPointExtension>
            <ns3:atemp>31.0</ns3:atemp>
            <ns3:hr>165</ns3:hr>
            <ns3:cad>87</ns3:cad>
          </ns3:TrackPointExtension>
        </extensions>
      </trkpt>
      <trkpt lat="30.20787603221833705902099609375" lon="120.26368140242993831634521484375">
        <ele>6</ele>
        <time>2026-08-31T23:33:51.000Z</time>
        <extensions>
          <ns3:TrackPointExtension>
            <ns3:atemp>31.0</ns3:atemp>
            <ns3:hr>165</ns3:hr>
            <ns3:cad>86</ns3:cad>
          </ns3:TrackPointExtension>
        </extensions>
      </trkpt>
      <trkpt lat="30.20790235139429569244384765625" lon="120.2636873535811901092529296875">
        <ele>5.80000019073486328125</ele>
        <time>2026-08-31T23:33:52.000Z</time>
        <extensions>
          <ns3:TrackPointExtension>
            <ns3:atemp>31.0</ns3:atemp>
            <ns3:hr>164</ns3:hr>
            <ns3:cad>86</ns3:cad>
          </ns3:TrackPointExtension>
        </extensions>
      </trkpt>
      <trkpt lat="30.207928754389286041259765625" lon="120.26369799859821796417236328125">
        <ele>5.80000019073486328125</ele>
        <time>2026-08-31T23:33:53.000Z</time>
        <extensions>
          <ns3:TrackPointExtension>
            <ns3:atemp>31.0</ns3:atemp>
            <ns3:hr>165</ns3:hr>
            <ns3:cad>86</ns3:cad>
          </ns3:TrackPointExtension>
        </extensions>
      </trkpt>
      <trkpt lat="30.2079574204981327056884765625" lon="120.26370252482593059539794921875">
        <ele>5.80000019073486328125</ele>
        <time>2026-08-31T23:33:54.000Z</time>
        <extensions>
          <ns3:TrackPointExtension>
            <ns3:atemp>31.0</ns3:atemp>
            <ns3:hr>165</ns3:hr>
            <ns3:cad>87</ns3:cad>
          </ns3:TrackPointExtension>
        </extensions>
      </trkpt>
      <trkpt lat="30.2079808898270130157470703125" lon="120.263708643615245819091796875">
        <ele>5.80000019073486328125</ele>
        <time>2026-08-31T23:33:55.000Z</time>
        <extensions>
          <ns3:TrackPointExtension>
            <ns3:atemp>31.0</ns3:atemp>
            <ns3:hr>165</ns3:hr>
            <ns3:cad>87</ns3:cad>
          </ns3:TrackPointExtension>
        </extensions>
      </trkpt>
      <trkpt lat="30.20801131613552570343017578125" lon="120.26371208019554615020751953125">
        <ele>5.80000019073486328125</ele>
        <time>2026-08-31T23:33:56.000Z</time>
        <extensions>
          <ns3:TrackPointExtension>
            <ns3:atemp>31.0</ns3:atemp>
            <ns3:hr>165</ns3:hr>
            <ns3:cad>86</ns3:cad>
          </ns3:TrackPointExtension>
        </extensions>
      </trkpt>
      <trkpt lat="30.20803813822567462921142578125" lon="120.26371828280389308929443359375">
        <ele>5.80000019073486328125</ele>
        <time>2026-08-31T23:33:57.000Z</time>
        <extensions>
          <ns3:TrackPointExtension>
            <ns3:atemp>31.0</ns3:atemp>
            <ns3:hr>165</ns3:hr>
            <ns3:cad>86</ns3:cad>
          </ns3:TrackPointExtension>
        </extensions>
      </trkpt>
      <trkpt lat="30.2080673910677433013916015625" lon="120.26372431777417659759521484375">
        <ele>5.80000019073486328125</ele>
        <time>2026-08-31T23:33:58.000Z</time>
        <extensions>
          <ns3:TrackPointExtension>
            <ns3:atemp>31.0</ns3:atemp>
            <ns3:hr>165</ns3:hr>
            <ns3:cad>86</ns3:cad>
          </ns3:TrackPointExtension>
        </extensions>
      </trkpt>
      <trkpt lat="30.20809002220630645751953125" lon="120.26372297666966915130615234375">
        <ele>5.80000019073486328125</ele>
        <time>2026-08-31T23:33:59.000Z</time>
        <extensions>
          <ns3:TrackPointExtension>
            <ns3:atemp>31.0</ns3:atemp>
            <ns3:hr>166</ns3:hr>
            <ns3:cad>86</ns3:cad>
          </ns3:TrackPointExtension>
        </extensions>
      </trkpt>
      <trkpt lat="30.2081166766583919525146484375" lon="120.2637282572686672210693359375">
        <ele>5.80000019073486328125</ele>
        <time>2026-08-31T23:34:00.000Z</time>
        <extensions>
          <ns3:TrackPointExtension>
            <ns3:atemp>31.0</ns3:atemp>
            <ns3:hr>166</ns3:hr>
            <ns3:cad>87</ns3:cad>
          </ns3:TrackPointExtension>
        </extensions>
      </trkpt>
      <trkpt lat="30.20813436247408390045166015625" lon="120.26373253203928470611572265625">
        <ele>5.80000019073486328125</ele>
        <time>2026-08-31T23:34:01.000Z</time>
        <extensions>
          <ns3:TrackPointExtension>
            <ns3:atemp>31.0</ns3:atemp>
            <ns3:hr>166</ns3:hr>
            <ns3:cad>87</ns3:cad>
          </ns3:TrackPointExtension>
        </extensions>
      </trkpt>
      <trkpt lat="30.2081585861742496490478515625" lon="120.26373739354312419891357421875">
        <ele>5.80000019073486328125</ele>
        <time>2026-08-31T23:34:02.000Z</time>
        <extensions>
          <ns3:TrackPointExtension>
            <ns3:atemp>31.0</ns3:atemp>
            <ns3:hr>166</ns3:hr>
            <ns3:cad>87</ns3:cad>
          </ns3:TrackPointExtension>
        </extensions>
      </trkpt>
      <trkpt lat="30.208181552588939666748046875" lon="120.26374191977083683013916015625">
        <ele>5.80000019073486328125</ele>
        <time>2026-08-31T23:34:03.000Z</time>
        <extensions>
          <ns3:TrackPointExtension>
            <ns3:atemp>31.0</ns3:atemp>
            <ns3:hr>167</ns3:hr>
            <ns3:cad>87</ns3:cad>
          </ns3:TrackPointExtension>
        </extensions>
      </trkpt>
      <trkpt lat="30.2082088775932788848876953125" lon="120.26374912820756435394287109375">
        <ele>5.80000019073486328125</ele>
        <time>2026-08-31T23:34:04.000Z</time>
        <extensions>
          <ns3:TrackPointExtension>
            <ns3:atemp>31.0</ns3:atemp>
            <ns3:hr>167</ns3:hr>
            <ns3:cad>87</ns3:cad>
          </ns3:TrackPointExtension>
        </extensions>
      </trkpt>
      <trkpt lat="30.20823695696890354156494140625" lon="120.2637550793588161468505859375">
        <ele>5.80000019073486328125</ele>
        <time>2026-08-31T23:34:05.000Z</time>
        <extensions>
          <ns3:TrackPointExtension>
            <ns3:atemp>31.0</ns3:atemp>
            <ns3:hr>167</ns3:hr>
            <ns3:cad>87</ns3:cad>
          </ns3:TrackPointExtension>
        </extensions>
      </trkpt>
      <trkpt lat="30.208267383277416229248046875" lon="120.26376119814813137054443359375">
        <ele>5.80000019073486328125</ele>
        <time>2026-08-31T23:34:06.000Z</time>
        <extensions>
          <ns3:TrackPointExtension>
            <ns3:atemp>31.0</ns3:atemp>
            <ns3:hr>167</ns3:hr>
            <ns3:cad>87</ns3:cad>
          </ns3:TrackPointExtension>
        </extensions>
      </trkpt>
      <trkpt lat="30.208292193710803985595703125" lon="120.26377159170806407928466796875">
        <ele>5.599999904632568359375</ele>
        <time>2026-08-31T23:34:07.000Z</time>
        <extensions>
          <ns3:TrackPointExtension>
            <ns3:atemp>31.0</ns3:atemp>
            <ns3:hr>167</ns3:hr>
            <ns3:cad>87</ns3:cad>
          </ns3:TrackPointExtension>
        </extensions>
      </trkpt>
      <trkpt lat="30.20832069218158721923828125" lon="120.2637768723070621490478515625">
        <ele>5.599999904632568359375</ele>
        <time>2026-08-31T23:34:08.000Z</time>
        <extensions>
          <ns3:TrackPointExtension>
            <ns3:atemp>31.0</ns3:atemp>
            <ns3:hr>167</ns3:hr>
            <ns3:cad>87</ns3:cad>
          </ns3:TrackPointExtension>
        </extensions>
      </trkpt>
      <trkpt lat="30.20834692753851413726806640625" lon="120.26377737522125244140625">
        <ele>5.599999904632568359375</ele>
        <time>2026-08-31T23:34:09.000Z</time>
        <extensions>
          <ns3:TrackPointExtension>
            <ns3:atemp>31.0</ns3:atemp>
            <ns3:hr>167</ns3:hr>
            <ns3:cad>88</ns3:cad>
          </ns3:TrackPointExtension>
        </extensions>
      </trkpt>
      <trkpt lat="30.2083724923431873321533203125" lon="120.2637788839638233184814453125">
        <ele>5.599999904632568359375</ele>
        <time>2026-08-31T23:34:10.000Z</time>
        <extensions>
          <ns3:TrackPointExtension>
            <ns3:atemp>31.0</ns3:atemp>
            <ns3:hr>168</ns3:hr>
            <ns3:cad>88</ns3:cad>
          </ns3:TrackPointExtension>
        </extensions>
      </trkpt>
      <trkpt lat="30.20839923061430454254150390625" lon="120.2637839131057262420654296875">
        <ele>5.599999904632568359375</ele>
        <time>2026-08-31T23:34:11.000Z</time>
        <extensions>
          <ns3:TrackPointExtension>
            <ns3:atemp>31.0</ns3:atemp>
            <ns3:hr>168</ns3:hr>
            <ns3:cad>88</ns3:cad>
          </ns3:TrackPointExtension>
        </extensions>
      </trkpt>
      <trkpt lat="30.20842370577156543731689453125" lon="120.2637894451618194580078125">
        <ele>5.599999904632568359375</ele>
        <time>2026-08-31T23:34:12.000Z</time>
        <extensions>
          <ns3:TrackPointExtension>
            <ns3:atemp>31.0</ns3:atemp>
            <ns3:hr>168</ns3:hr>
            <ns3:cad>88</ns3:cad>
          </ns3:TrackPointExtension>
        </extensions>
      </trkpt>
      <trkpt lat="30.20845354534685611724853515625" lon="120.26379682123661041259765625">
        <ele>5.599999904632568359375</ele>
        <time>2026-08-31T23:34:13.000Z</time>
        <extensions>
          <ns3:TrackPointExtension>
            <ns3:atemp>31.0</ns3:atemp>
            <ns3:hr>169</ns3:hr>
            <ns3:cad>88</ns3:cad>
          </ns3:TrackPointExtension>
        </extensions>
      </trkpt>
      <trkpt lat="30.2084774337708950042724609375" lon="120.26380352675914764404296875">
        <ele>5.599999904632568359375</ele>
        <time>2026-08-31T23:34:14.000Z</time>
        <extensions>
          <ns3:TrackPointExtension>
            <ns3:atemp>31.0</ns3:atemp>
            <ns3:hr>168</ns3:hr>
            <ns3:cad>88</ns3:cad>
          </ns3:TrackPointExtension>
        </extensions>
      </trkpt>
      <trkpt lat="30.20850702188909053802490234375" lon="120.263807885348796844482421875">
        <ele>5.599999904632568359375</ele>
        <time>2026-08-31T23:34:15.000Z</time>
        <extensions>
          <ns3:TrackPointExtension>
            <ns3:atemp>31.0</ns3:atemp>
            <ns3:hr>168</ns3:hr>
            <ns3:cad>88</ns3:cad>
          </ns3:TrackPointExtension>
        </extensions>
      </trkpt>
      <trkpt lat="30.2085332572460174560546875" lon="120.26380729861557483673095703125">
        <ele>5.599999904632568359375</ele>
        <time>2026-08-31T23:34:16.000Z</time>
        <extensions>
          <ns3:TrackPointExtension>
            <ns3:atemp>31.0</ns3:atemp>
            <ns3:hr>168</ns3:hr>
            <ns3:cad>88</ns3:cad>
          </ns3:TrackPointExtension>
        </extensions>
      </trkpt>
      <trkpt lat="30.20855597220361232757568359375" lon="120.2638030238449573516845703125">
        <ele>5.599999904632568359375</ele>
        <time>2026-08-31T23:34:17.000Z</time>
        <extensions>
          <ns3:TrackPointExtension>
            <ns3:atemp>31.0</ns3:atemp>
            <ns3:hr>168</ns3:hr>
            <ns3:cad>88</ns3:cad>
          </ns3:TrackPointExtension>
        </extensions>
      </trkpt>
      <trkpt lat="30.208577178418636322021484375" lon="120.263793803751468658447265625">
        <ele>5.599999904632568359375</ele>
        <time>2026-08-31T23:34:18.000Z</time>
        <extensions>
          <ns3:TrackPointExtension>
            <ns3:atemp>31.0</ns3:atemp>
            <ns3:hr>168</ns3:hr>
            <ns3:cad>88</ns3:cad>
          </ns3:TrackPointExtension>
        </extensions>
      </trkpt>
      <trkpt lat="30.20859427750110626220703125" lon="120.2637808956205844879150390625">
        <ele>5.599999904632568359375</ele>
        <time>2026-08-31T23:34:19.000Z</time>
        <extensions>
          <ns3:TrackPointExtension>
            <ns3:atemp>31.0</ns3:atemp>
            <ns3:hr>168</ns3:hr>
            <ns3:cad>88</ns3:cad>
          </ns3:TrackPointExtension>
        </extensions>
      </trkpt>
      <trkpt lat="30.20860509015619754791259765625" lon="120.26376522146165370941162109375">
        <ele>5.599999904632568359375</ele>
        <time>2026-08-31T23:34:20.000Z</time>
        <extensions>
          <ns3:TrackPointExtension>
            <ns3:atemp>31.0</ns3:atemp>
            <ns3:hr>168</ns3:hr>
            <ns3:cad>88</ns3:cad>
          </ns3:TrackPointExtension>
        </extensions>
      </trkpt>
      <trkpt lat="30.20861162804067134857177734375" lon="120.2637456916272640228271484375">
        <ele>5.599999904632568359375</ele>
        <time>2026-08-31T23:34:21.000Z</time>
        <extensions>
          <ns3:TrackPointExtension>
            <ns3:atemp>31.0</ns3:atemp>
            <ns3:hr>168</ns3:hr>
            <ns3:cad>88</ns3:cad>
          </ns3:TrackPointExtension>
        </extensions>
      </trkpt>
      <trkpt lat="30.20861548371613025665283203125" lon="120.26372699998319149017333984375">
        <ele>5.599999904632568359375</ele>
        <time>2026-08-31T23:34:22.000Z</time>
        <extensions>
          <ns3:TrackPointExtension>
            <ns3:atemp>31.0</ns3:atemp>
            <ns3:hr>168</ns3:hr>
            <ns3:cad>88</ns3:cad>
          </ns3:TrackPointExtension>
        </extensions>
      </trkpt>
      <trkpt lat="30.20861984230577945709228515625" lon="120.263711325824260711669921875">
        <ele>5.400000095367431640625</ele>
        <time>2026-08-31T23:34:23.000Z</time>
        <extensions>
          <ns3:TrackPointExtension>
            <ns3:atemp>31.0</ns3:atemp>
            <ns3:hr>169</ns3:hr>
            <ns3:cad>88</ns3:cad>
          </ns3:TrackPointExtension>
        </extensions>
      </trkpt>
      <trkpt lat="30.20862218923866748809814453125" lon="120.2636913768947124481201171875">
        <ele>5.400000095367431640625</ele>
        <time>2026-08-31T23:34:24.000Z</time>
        <extensions>
          <ns3:TrackPointExtension>
            <ns3:atemp>31.0</ns3:atemp>
            <ns3:hr>170</ns3:hr>
            <ns3:cad>88</ns3:cad>
          </ns3:TrackPointExtension>
        </extensions>
      </trkpt>
      <trkpt lat="30.20862252451479434967041015625" lon="120.26367478072643280029296875">
        <ele>5.400000095367431640625</ele>
        <time>2026-08-31T23:34:25.000Z</time>
        <extensions>
          <ns3:TrackPointExtension>
            <ns3:atemp>31.0</ns3:atemp>
            <ns3:hr>170</ns3:hr>
            <ns3:cad>88</ns3:cad>
          </ns3:TrackPointExtension>
        </extensions>
      </trkpt>
      <trkpt lat="30.2086226083338260650634765625" lon="120.2636561729013919830322265625">
        <ele>5.400000095367431640625</ele>
        <time>2026-08-31T23:34:26.000Z</time>
        <extensions>
          <ns3:TrackPointExtension>
            <ns3:atemp>31.0</ns3:atemp>
            <ns3:hr>170</ns3:hr>
            <ns3:cad>61</ns3:cad>
          </ns3:TrackPointExtension>
        </extensions>
      </trkpt>
      <trkpt lat="30.20862109959125518798828125" lon="120.26364033110439777374267578125">
        <ele>5.400000095367431640625</ele>
        <time>2026-08-31T23:34:27.000Z</time>
        <extensions>
          <ns3:TrackPointExtension>
            <ns3:atemp>31.0</ns3:atemp>
            <ns3:hr>170</ns3:hr>
            <ns3:cad>61</ns3:cad>
          </ns3:TrackPointExtension>
        </extensions>
      </trkpt>
      <trkpt lat="30.20862244069576263427734375" lon="120.26362541131675243377685546875">
        <ele>5.400000095367431640625</ele>
        <time>2026-08-31T23:34:28.000Z</time>
        <extensions>
          <ns3:TrackPointExtension>
            <ns3:atemp>31.0</ns3:atemp>
            <ns3:hr>169</ns3:hr>
            <ns3:cad>61</ns3:cad>
          </ns3:TrackPointExtension>
        </extensions>
      </trkpt>
      <trkpt lat="30.20862068049609661102294921875" lon="120.26361065916717052459716796875">
        <ele>5.19999980926513671875</ele>
        <time>2026-08-31T23:34:29.000Z</time>
        <extensions>
          <ns3:TrackPointExtension>
            <ns3:atemp>31.0</ns3:atemp>
            <ns3:hr>169</ns3:hr>
            <ns3:cad>61</ns3:cad>
          </ns3:TrackPointExtension>
        </extensions>
      </trkpt>
      <trkpt lat="30.20861900411546230316162109375" lon="120.26359322480857372283935546875">
        <ele>5.19999980926513671875</ele>
        <time>2026-08-31T23:34:30.000Z</time>
        <extensions>
          <ns3:TrackPointExtension>
            <ns3:atemp>31.0</ns3:atemp>
            <ns3:hr>169</ns3:hr>
            <ns3:cad>61</ns3:cad>
          </ns3:TrackPointExtension>
        </extensions>
      </trkpt>
      <trkpt lat="30.208621434867382049560546875" lon="120.26357897557318210601806640625">
        <ele>5.19999980926513671875</ele>
        <time>2026-08-31T23:34:31.000Z</time>
        <extensions>
          <ns3:TrackPointExtension>
            <ns3:atemp>31.0</ns3:atemp>
            <ns3:hr>169</ns3:hr>
            <ns3:cad>61</ns3:cad>
          </ns3:TrackPointExtension>
        </extensions>
      </trkpt>
      <trkpt lat="30.20862403325736522674560546875" lon="120.26356481015682220458984375">
        <ele>5.19999980926513671875</ele>
        <time>2026-08-31T23:34:32.000Z</time>
        <extensions>
          <ns3:TrackPointExtension>
            <ns3:atemp>31.0</ns3:atemp>
            <ns3:hr>168</ns3:hr>
            <ns3:cad>60</ns3:cad>
          </ns3:TrackPointExtension>
        </extensions>
      </trkpt>
      <trkpt lat="30.208624787628650665283203125" lon="120.26355349458754062652587890625">
        <ele>5.400000095367431640625</ele>
        <time>2026-08-31T23:34:33.000Z</time>
        <extensions>
          <ns3:TrackPointExtension>
            <ns3:atemp>31.0</ns3:atemp>
            <ns3:hr>168</ns3:hr>
            <ns3:cad>60</ns3:cad>
          </ns3:TrackPointExtension>
        </extensions>
      </trkpt>
      <trkpt lat="30.208627469837665557861328125" lon="120.26353823952376842498779296875">
        <ele>5.400000095367431640625</ele>
        <time>2026-08-31T23:34:34.000Z</time>
        <extensions>
          <ns3:TrackPointExtension>
            <ns3:atemp>31.0</ns3:atemp>
            <ns3:hr>168</ns3:hr>
            <ns3:cad>60</ns3:cad>
          </ns3:TrackPointExtension>
        </extensions>
      </trkpt>
      <trkpt lat="30.20862990058958530426025390625" lon="120.26352348737418651580810546875">
        <ele>5.400000095367431640625</ele>
        <time>2026-08-31T23:34:35.000Z</time>
        <extensions>
          <ns3:TrackPointExtension>
            <ns3:atemp>31.0</ns3:atemp>
            <ns3:hr>168</ns3:hr>
            <ns3:cad>60</ns3:cad>
          </ns3:TrackPointExtension>
        </extensions>
      </trkpt>
      <trkpt lat="30.208632163703441619873046875" lon="120.2635078132152557373046875">
        <ele>5.400000095367431640625</ele>
        <time>2026-08-31T23:34:36.000Z</time>
        <extensions>
          <ns3:TrackPointExtension>
            <ns3:atemp>31.0</ns3:atemp>
            <ns3:hr>168</ns3:hr>
            <ns3:cad>60</ns3:cad>
          </ns3:TrackPointExtension>
        </extensions>
      </trkpt>
      <trkpt lat="30.20863585174083709716796875" lon="120.26349046267569065093994140625">
        <ele>5.400000095367431640625</ele>
        <time>2026-08-31T23:34:37.000Z</time>
        <extensions>
          <ns3:TrackPointExtension>
            <ns3:atemp>31.0</ns3:atemp>
            <ns3:hr>168</ns3:hr>
            <ns3:cad>59</ns3:cad>
          </ns3:TrackPointExtension>
        </extensions>
      </trkpt>
      <trkpt lat="30.208638198673725128173828125" lon="120.2634737826883792877197265625">
        <ele>5.599999904632568359375</ele>
        <time>2026-08-31T23:34:38.000Z</time>
        <extensions>
          <ns3:TrackPointExtension>
            <ns3:atemp>31.0</ns3:atemp>
            <ns3:hr>168</ns3:hr>
            <ns3:cad>59</ns3:cad>
          </ns3:TrackPointExtension>
        </extensions>
      </trkpt>
      <trkpt lat="30.2086405456066131591796875" lon="120.263457857072353363037109375">
        <ele>5.599999904632568359375</ele>
        <time>2026-08-31T23:34:39.000Z</time>
        <extensions>
          <ns3:TrackPointExtension>
            <ns3:atemp>31.0</ns3:atemp>
            <ns3:hr>167</ns3:hr>
            <ns3:cad>59</ns3:cad>
          </ns3:TrackPointExtension>
        </extensions>
      </trkpt>
      <trkpt lat="30.208642892539501190185546875" lon="120.263445116579532623291015625">
        <ele>5.599999904632568359375</ele>
        <time>2026-08-31T23:34:40.000Z</time>
        <extensions>
          <ns3:TrackPointExtension>
            <ns3:atemp>31.0</ns3:atemp>
            <ns3:hr>167</ns3:hr>
            <ns3:cad>60</ns3:cad>
          </ns3:TrackPointExtension>
        </extensions>
      </trkpt>
      <trkpt lat="30.20864431746304035186767578125" lon="120.26343296281993389129638671875">
        <ele>5.599999904632568359375</ele>
        <time>2026-08-31T23:34:41.000Z</time>
        <extensions>
          <ns3:TrackPointExtension>
            <ns3:atemp>31.0</ns3:atemp>
            <ns3:hr>166</ns3:hr>
            <ns3:cad>60</ns3:cad>
          </ns3:TrackPointExtension>
        </extensions>
      </trkpt>
      <trkpt lat="30.20864716731011867523193359375" lon="120.26342206634581089019775390625">
        <ele>5.599999904632568359375</ele>
        <time>2026-08-31T23:34:42.000Z</time>
        <extensions>
          <ns3:TrackPointExtension>
            <ns3:atemp>31.0</ns3:atemp>
            <ns3:hr>166</ns3:hr>
            <ns3:cad>60</ns3:cad>
          </ns3:TrackPointExtension>
        </extensions>
      </trkpt>
      <trkpt lat="30.20864951424300670623779296875" lon="120.26341058313846588134765625">
        <ele>5.599999904632568359375</ele>
        <time>2026-08-31T23:34:43.000Z</time>
        <extensions>
          <ns3:TrackPointExtension>
            <ns3:atemp>31.0</ns3:atemp>
            <ns3:hr>166</ns3:hr>
            <ns3:cad>60</ns3:cad>
          </ns3:TrackPointExtension>
        </extensions>
      </trkpt>
      <trkpt lat="30.208654962480068206787109375" lon="120.263400860130786895751953125">
        <ele>5.599999904632568359375</ele>
        <time>2026-08-31T23:34:44.000Z</time>
        <extensions>
          <ns3:TrackPointExtension>
            <ns3:atemp>31.0</ns3:atemp>
            <ns3:hr>165</ns3:hr>
            <ns3:cad>60</ns3:cad>
          </ns3:TrackPointExtension>
        </extensions>
      </trkpt>
      <trkpt lat="30.2086588181555271148681640625" lon="120.26339071802794933319091796875">
        <ele>5.599999904632568359375</ele>
        <time>2026-08-31T23:34:45.000Z</time>
        <extensions>
          <ns3:TrackPointExtension>
            <ns3:atemp>31.0</ns3:atemp>
            <ns3:hr>165</ns3:hr>
            <ns3:cad>60</ns3:cad>
          </ns3:TrackPointExtension>
        </extensions>
      </trkpt>
      <trkpt lat="30.2086628414690494537353515625" lon="120.263382755219936370849609375">
        <ele>5.599999904632568359375</ele>
        <time>2026-08-31T23:34:46.000Z</time>
        <extensions>
          <ns3:TrackPointExtension>
            <ns3:atemp>31.0</ns3:atemp>
            <ns3:hr>164</ns3:hr>
            <ns3:cad>60</ns3:cad>
          </ns3:TrackPointExtension>
        </extensions>
      </trkpt>
      <trkpt lat="30.20866493694484233856201171875" lon="120.26336942799389362335205078125">
        <ele>5.599999904632568359375</ele>
        <time>2026-08-31T23:34:47.000Z</time>
        <extensions>
          <ns3:TrackPointExtension>
            <ns3:atemp>31.0</ns3:atemp>
            <ns3:hr>163</ns3:hr>
            <ns3:cad>60</ns3:cad>
          </ns3:TrackPointExtension>
        </extensions>
      </trkpt>
      <trkpt lat="30.20866543985903263092041015625" lon="120.26336439885199069976806640625">
        <ele>5.599999904632568359375</ele>
        <time>2026-08-31T23:34:48.000Z</time>
        <extensions>
          <ns3:TrackPointExtension>
            <ns3:atemp>31.0</ns3:atemp>
            <ns3:hr>163</ns3:hr>
            <ns3:cad>59</ns3:cad>
          </ns3:TrackPointExtension>
        </extensions>
      </trkpt>
      <trkpt lat="30.20866527222096920013427734375" lon="120.263351239264011383056640625">
        <ele>5.599999904632568359375</ele>
        <time>2026-08-31T23:34:49.000Z</time>
        <extensions>
          <ns3:TrackPointExtension>
            <ns3:atemp>31.0</ns3:atemp>
            <ns3:hr>163</ns3:hr>
            <ns3:cad>59</ns3:cad>
          </ns3:TrackPointExtension>
        </extensions>
      </trkpt>
      <trkpt lat="30.20866862498223781585693359375" lon="120.2633376605808734893798828125">
        <ele>5.599999904632568359375</ele>
        <time>2026-08-31T23:34:50.000Z</time>
        <extensions>
          <ns3:TrackPointExtension>
            <ns3:atemp>31.0</ns3:atemp>
            <ns3:hr>162</ns3:hr>
            <ns3:cad>60</ns3:cad>
          </ns3:TrackPointExtension>
        </extensions>
      </trkpt>
      <trkpt lat="30.20866828970611095428466796875" lon="120.26332567445933818817138671875">
        <ele>5.599999904632568359375</ele>
        <time>2026-08-31T23:34:51.000Z</time>
        <extensions>
          <ns3:TrackPointExtension>
            <ns3:atemp>31.0</ns3:atemp>
            <ns3:hr>162</ns3:hr>
            <ns3:cad>60</ns3:cad>
          </ns3:TrackPointExtension>
        </extensions>
      </trkpt>
      <trkpt lat="30.20866761915385723114013671875" lon="120.2633115090429782867431640625">
        <ele>5.599999904632568359375</ele>
        <time>2026-08-31T23:34:52.000Z</time>
        <extensions>
          <ns3:TrackPointExtension>
            <ns3:atemp>31.0</ns3:atemp>
            <ns3:hr>161</ns3:hr>
            <ns3:cad>60</ns3:cad>
          </ns3:TrackPointExtension>
        </extensions>
      </trkpt>
      <trkpt lat="30.20866845734417438507080078125" lon="120.26329482905566692352294921875">
        <ele>5.599999904632568359375</ele>
        <time>2026-08-31T23:34:53.000Z</time>
        <extensions>
          <ns3:TrackPointExtension>
            <ns3:atemp>31.0</ns3:atemp>
            <ns3:hr>161</ns3:hr>
            <ns3:cad>59</ns3:cad>
          </ns3:TrackPointExtension>
        </extensions>
      </trkpt>
      <trkpt lat="30.208665691316127777099609375" lon="120.2632771432399749755859375">
        <ele>5.599999904632568359375</ele>
        <time>2026-08-31T23:34:54.000Z</time>
        <extensions>
          <ns3:TrackPointExtension>
            <ns3:atemp>31.0</ns3:atemp>
            <ns3:hr>160</ns3:hr>
            <ns3:cad>59</ns3:cad>
          </ns3:TrackPointExtension>
        </extensions>
      </trkpt>
      <trkpt lat="30.208663009107112884521484375" lon="120.263256020843982696533203125">
        <ele>5.599999904632568359375</ele>
        <time>2026-08-31T23:34:55.000Z</time>
        <extensions>
          <ns3:TrackPointExtension>
            <ns3:atemp>31.0</ns3:atemp>
            <ns3:hr>160</ns3:hr>
            <ns3:cad>59</ns3:cad>
          </ns3:TrackPointExtension>
        </extensions>
      </trkpt>
      <trkpt lat="30.20866409875452518463134765625" lon="120.26323162950575351715087890625">
        <ele>5.599999904632568359375</ele>
        <time>2026-08-31T23:34:56.000Z</time>
        <extensions>
          <ns3:TrackPointExtension>
            <ns3:atemp>31.0</ns3:atemp>
            <ns3:hr>159</ns3:hr>
            <ns3:cad>60</ns3:cad>
          </ns3:TrackPointExtension>
        </extensions>
      </trkpt>
      <trkpt lat="30.20866401493549346923828125" lon="120.26321385987102985382080078125">
        <ele>5.599999904632568359375</ele>
        <time>2026-08-31T23:34:57.000Z</time>
        <extensions>
          <ns3:TrackPointExtension>
            <ns3:atemp>31.0</ns3:atemp>
            <ns3:hr>159</ns3:hr>
            <ns3:cad>60</ns3:cad>
          </ns3:TrackPointExtension>
        </extensions>
      </trkpt>
      <trkpt lat="30.20866393111646175384521484375" lon="120.26318519376218318939208984375">
        <ele>5.599999904632568359375</ele>
        <time>2026-08-31T23:34:58.000Z</time>
        <extensions>
          <ns3:TrackPointExtension>
            <ns3:atemp>31.0</ns3:atemp>
            <ns3:hr>158</ns3:hr>
            <ns3:cad>60</ns3:cad>
          </ns3:TrackPointExtension>
        </extensions>
      </trkpt>
      <trkpt lat="30.2086672000586986541748046875" lon="120.263160131871700286865234375">
        <ele>5.599999904632568359375</ele>
        <time>2026-08-31T23:34:59.000Z</time>
        <extensions>
          <ns3:TrackPointExtension>
            <ns3:atemp>31.0</ns3:atemp>
            <ns3:hr>158</ns3:hr>
            <ns3:cad>60</ns3:cad>
          </ns3:TrackPointExtension>
        </extensions>
      </trkpt>
      <trkpt lat="30.2086702175438404083251953125" lon="120.26313163340091705322265625">
        <ele>5.599999904632568359375</ele>
        <time>2026-08-31T23:35:00.000Z</time>
        <extensions>
          <ns3:TrackPointExtension>
            <ns3:atemp>31.0</ns3:atemp>
            <ns3:hr>157</ns3:hr>
            <ns3:cad>80</ns3:cad>
          </ns3:TrackPointExtension>
        </extensions>
      </trkpt>
      <trkpt lat="30.2086705528199672698974609375" lon="120.2630974352359771728515625">
        <ele>5.80000019073486328125</ele>
        <time>2026-08-31T23:35:01.000Z</time>
        <extensions>
          <ns3:TrackPointExtension>
            <ns3:atemp>31.0</ns3:atemp>
            <ns3:hr>156</ns3:hr>
            <ns3:cad>83</ns3:cad>
          </ns3:TrackPointExtension>
        </extensions>
      </trkpt>
      <trkpt lat="30.2086695469915866851806640625" lon="120.263074301183223724365234375">
        <ele>5.80000019073486328125</ele>
        <time>2026-08-31T23:35:02.000Z</time>
        <extensions>
          <ns3:TrackPointExtension>
            <ns3:atemp>31.0</ns3:atemp>
            <ns3:hr>156</ns3:hr>
            <ns3:cad>83</ns3:cad>
          </ns3:TrackPointExtension>
        </extensions>
      </trkpt>
      <trkpt lat="30.2086712233722209930419921875" lon="120.26304270140826702117919921875">
        <ele>5.80000019073486328125</ele>
        <time>2026-08-31T23:35:03.000Z</time>
        <extensions>
          <ns3:TrackPointExtension>
            <ns3:atemp>31.0</ns3:atemp>
            <ns3:hr>156</ns3:hr>
            <ns3:cad>83</ns3:cad>
          </ns3:TrackPointExtension>
        </extensions>
      </trkpt>
      <trkpt lat="30.20866376347839832305908203125" lon="120.26300489902496337890625">
        <ele>5.80000019073486328125</ele>
        <time>2026-08-31T23:35:04.000Z</time>
        <extensions>
          <ns3:TrackPointExtension>
            <ns3:atemp>31.0</ns3:atemp>
            <ns3:hr>156</ns3:hr>
            <ns3:cad>83</ns3:cad>
          </ns3:TrackPointExtension>
        </extensions>
      </trkpt>
      <trkpt lat="30.20866242237389087677001953125" lon="120.262975059449672698974609375">
        <ele>5.80000019073486328125</ele>
        <time>2026-08-31T23:35:05.000Z</time>
        <extensions>
          <ns3:TrackPointExtension>
            <ns3:atemp>31.0</ns3:atemp>
            <ns3:hr>155</ns3:hr>
            <ns3:cad>83</ns3:cad>
          </ns3:TrackPointExtension>
        </extensions>
      </trkpt>
      <trkpt lat="30.2086608298122882843017578125" lon="120.262940861284732818603515625">
        <ele>5.80000019073486328125</ele>
        <time>2026-08-31T23:35:06.000Z</time>
        <extensions>
          <ns3:TrackPointExtension>
            <ns3:atemp>31.0</ns3:atemp>
            <ns3:hr>156</ns3:hr>
            <ns3:cad>83</ns3:cad>
          </ns3:TrackPointExtension>
        </extensions>
      </trkpt>
      <trkpt lat="30.20865890197455883026123046875" lon="120.26292317546904087066650390625">
        <ele>5.80000019073486328125</ele>
        <time>2026-08-31T23:35:07.000Z</time>
        <extensions>
          <ns3:TrackPointExtension>
            <ns3:atemp>31.0</ns3:atemp>
            <ns3:hr>155</ns3:hr>
            <ns3:cad>84</ns3:cad>
          </ns3:TrackPointExtension>
        </extensions>
      </trkpt>
      <trkpt lat="30.2086648531258106231689453125" lon="120.2628904022276401519775390625">
        <ele>5.80000019073486328125</ele>
        <time>2026-08-31T23:35:08.000Z</time>
        <extensions>
          <ns3:TrackPointExtension>
            <ns3:atemp>31.0</ns3:atemp>
            <ns3:hr>155</ns3:hr>
            <ns3:cad>84</ns3:cad>
          </ns3:TrackPointExtension>
        </extensions>
      </trkpt>
      <trkpt lat="30.2086698822677135467529296875" lon="120.26286567561328411102294921875">
        <ele>5.80000019073486328125</ele>
        <time>2026-08-31T23:35:09.000Z</time>
        <extensions>
          <ns3:TrackPointExtension>
            <ns3:atemp>31.0</ns3:atemp>
            <ns3:hr>154</ns3:hr>
            <ns3:cad>84</ns3:cad>
          </ns3:TrackPointExtension>
        </extensions>
      </trkpt>
      <trkpt lat="30.20867616869509220123291015625" lon="120.26283650659024715423583984375">
        <ele>5.80000019073486328125</ele>
        <time>2026-08-31T23:35:10.000Z</time>
        <extensions>
          <ns3:TrackPointExtension>
            <ns3:atemp>31.0</ns3:atemp>
            <ns3:hr>152</ns3:hr>
            <ns3:cad>85</ns3:cad>
          </ns3:TrackPointExtension>
        </extensions>
      </trkpt>
      <trkpt lat="30.20868279039859771728515625" lon="120.2628089301288127899169921875">
        <ele>5.80000019073486328125</ele>
        <time>2026-08-31T23:35:11.000Z</time>
        <extensions>
          <ns3:TrackPointExtension>
            <ns3:atemp>31.0</ns3:atemp>
            <ns3:hr>150</ns3:hr>
            <ns3:cad>85</ns3:cad>
          </ns3:TrackPointExtension>
        </extensions>
      </trkpt>
      <trkpt lat="30.2086899988353252410888671875" lon="120.2627821080386638641357421875">
        <ele>5.80000019073486328125</ele>
        <time>2026-08-31T23:35:12.000Z</time>
        <extensions>
          <ns3:TrackPointExtension>
            <ns3:atemp>31.0</ns3:atemp>
            <ns3:hr>148</ns3:hr>
            <ns3:cad>85</ns3:cad>
          </ns3:TrackPointExtension>
        </extensions>
      </trkpt>
      <trkpt lat="30.2086977101862430572509765625" lon="120.26275536976754665374755859375">
        <ele>5.80000019073486328125</ele>
        <time>2026-08-31T23:35:13.000Z</time>
        <extensions>
          <ns3:TrackPointExtension>
            <ns3:atemp>31.0</ns3:atemp>
            <ns3:hr>147</ns3:hr>
            <ns3:cad>85</ns3:cad>
          </ns3:TrackPointExtension>
        </extensions>
      </trkpt>
      <trkpt lat="30.208703577518463134765625" lon="120.2627287991344928741455078125">
        <ele>5.80000019073486328125</ele>
        <time>2026-08-31T23:35:14.000Z</time>
        <extensions>
          <ns3:TrackPointExtension>
            <ns3:atemp>31.0</ns3:atemp>
            <ns3:hr>146</ns3:hr>
            <ns3:cad>85</ns3:cad>
          </ns3:TrackPointExtension>
        </extensions>
      </trkpt>
      <trkpt lat="30.20871631801128387451171875" lon="120.26269770227372646331787109375">
        <ele>5.80000019073486328125</ele>
        <time>2026-08-31T23:35:15.000Z</time>
        <extensions>
          <ns3:TrackPointExtension>
            <ns3:atemp>31.0</ns3:atemp>
            <ns3:hr>146</ns3:hr>
            <ns3:cad>85</ns3:cad>
          </ns3:TrackPointExtension>
        </extensions>
      </trkpt>
      <trkpt lat="30.208722688257694244384765625" lon="120.2626664377748966217041015625">
        <ele>5.80000019073486328125</ele>
        <time>2026-08-31T23:35:16.000Z</time>
        <extensions>
          <ns3:TrackPointExtension>
            <ns3:atemp>31.0</ns3:atemp>
            <ns3:hr>146</ns3:hr>
            <ns3:cad>85</ns3:cad>
          </ns3:TrackPointExtension>
        </extensions>
      </trkpt>
      <trkpt lat="30.2087221853435039520263671875" lon="120.2626379393041133880615234375">
        <ele>5.80000019073486328125</ele>
        <time>2026-08-31T23:35:17.000Z</time>
        <extensions>
          <ns3:TrackPointExtension>
            <ns3:atemp>31.0</ns3:atemp>
            <ns3:hr>146</ns3:hr>
            <ns3:cad>85</ns3:cad>
          </ns3:TrackPointExtension>
        </extensions>
      </trkpt>
      <trkpt lat="30.2087241970002651214599609375" lon="120.26260399259626865386962890625">
        <ele>5.80000019073486328125</ele>
        <time>2026-08-31T23:35:18.000Z</time>
        <extensions>
          <ns3:TrackPointExtension>
            <ns3:atemp>31.0</ns3:atemp>
            <ns3:hr>147</ns3:hr>
            <ns3:cad>85</ns3:cad>
          </ns3:TrackPointExtension>
        </extensions>
      </trkpt>
      <trkpt lat="30.20872696302831172943115234375" lon="120.26257549412548542022705078125">
        <ele>5.80000019073486328125</ele>
        <time>2026-08-31T23:35:19.000Z</time>
        <extensions>
          <ns3:TrackPointExtension>
            <ns3:atemp>31.0</ns3:atemp>
            <ns3:hr>147</ns3:hr>
            <ns3:cad>85</ns3:cad>
          </ns3:TrackPointExtension>
        </extensions>
      </trkpt>
      <trkpt lat="30.2087265439331531524658203125" lon="120.262537188827991485595703125">
        <ele>5.80000019073486328125</ele>
        <time>2026-08-31T23:35:20.000Z</time>
        <extensions>
          <ns3:TrackPointExtension>
            <ns3:atemp>31.0</ns3:atemp>
            <ns3:hr>148</ns3:hr>
            <ns3:cad>85</ns3:cad>
          </ns3:TrackPointExtension>
        </extensions>
      </trkpt>
      <trkpt lat="30.20872863940894603729248046875" lon="120.26250860653817653656005859375">
        <ele>5.80000019073486328125</ele>
        <time>2026-08-31T23:35:21.000Z</time>
        <extensions>
          <ns3:TrackPointExtension>
            <ns3:atemp>31.0</ns3:atemp>
            <ns3:hr>148</ns3:hr>
            <ns3:cad>85</ns3:cad>
          </ns3:TrackPointExtension>
        </extensions>
      </trkpt>
      <trkpt lat="30.2087309025228023529052734375" lon="120.26248061098158359527587890625">
        <ele>5.80000019073486328125</ele>
        <time>2026-08-31T23:35:22.000Z</time>
        <extensions>
          <ns3:TrackPointExtension>
            <ns3:atemp>31.0</ns3:atemp>
            <ns3:hr>149</ns3:hr>
            <ns3:cad>85</ns3:cad>
          </ns3:TrackPointExtension>
        </extensions>
      </trkpt>
      <trkpt lat="30.208734087646007537841796875" lon="120.2624501846730709075927734375">
        <ele>5.80000019073486328125</ele>
        <time>2026-08-31T23:35:23.000Z</time>
        <extensions>
          <ns3:TrackPointExtension>
            <ns3:atemp>31.0</ns3:atemp>
            <ns3:hr>150</ns3:hr>
            <ns3:cad>85</ns3:cad>
          </ns3:TrackPointExtension>
        </extensions>
      </trkpt>
      <trkpt lat="30.2087376080453395843505859375" lon="120.26242361404001712799072265625">
        <ele>5.80000019073486328125</ele>
        <time>2026-08-31T23:35:24.000Z</time>
        <extensions>
          <ns3:TrackPointExtension>
            <ns3:atemp>31.0</ns3:atemp>
            <ns3:hr>150</ns3:hr>
            <ns3:cad>85</ns3:cad>
          </ns3:TrackPointExtension>
        </extensions>
      </trkpt>
      <trkpt lat="30.2087463252246379852294921875" lon="120.26238732039928436279296875">
        <ele>5.80000019073486328125</ele>
        <time>2026-08-31T23:35:25.000Z</time>
        <extensions>
          <ns3:TrackPointExtension>
            <ns3:atemp>31.0</ns3:atemp>
            <ns3:hr>150</ns3:hr>
            <ns3:cad>85</ns3:cad>
          </ns3:TrackPointExtension>
        </extensions>
      </trkpt>
      <trkpt lat="30.20875177346169948577880859375" lon="120.26235806755721569061279296875">
        <ele>5.80000019073486328125</ele>
        <time>2026-08-31T23:35:26.000Z</time>
        <extensions>
          <ns3:TrackPointExtension>
            <ns3:atemp>31.0</ns3:atemp>
            <ns3:hr>151</ns3:hr>
            <ns3:cad>85</ns3:cad>
          </ns3:TrackPointExtension>
        </extensions>
      </trkpt>
      <trkpt lat="30.208760239183902740478515625" lon="120.2623204328119754791259765625">
        <ele>5.599999904632568359375</ele>
        <time>2026-08-31T23:35:27.000Z</time>
        <extensions>
          <ns3:TrackPointExtension>
            <ns3:atemp>31.0</ns3:atemp>
            <ns3:hr>151</ns3:hr>
            <ns3:cad>84</ns3:cad>
          </ns3:TrackPointExtension>
        </extensions>
      </trkpt>
      <trkpt lat="30.2087667770683765411376953125" lon="120.2622919343411922454833984375">
        <ele>5.599999904632568359375</ele>
        <time>2026-08-31T23:35:28.000Z</time>
        <extensions>
          <ns3:TrackPointExtension>
            <ns3:atemp>31.0</ns3:atemp>
            <ns3:hr>151</ns3:hr>
            <ns3:cad>84</ns3:cad>
          </ns3:TrackPointExtension>
        </extensions>
      </trkpt>
      <trkpt lat="30.20876836962997913360595703125" lon="120.26226318441331386566162109375">
        <ele>5.80000019073486328125</ele>
        <time>2026-08-31T23:35:29.000Z</time>
        <extensions>
          <ns3:TrackPointExtension>
            <ns3:atemp>31.0</ns3:atemp>
            <ns3:hr>151</ns3:hr>
            <ns3:cad>84</ns3:cad>
          </ns3:TrackPointExtension>
        </extensions>
      </trkpt>
      <trkpt lat="30.20877323113381862640380859375" lon="120.2622322551906108856201171875">
        <ele>5.80000019073486328125</ele>
        <time>2026-08-31T23:35:30.000Z</time>
        <extensions>
          <ns3:TrackPointExtension>
            <ns3:atemp>31.0</ns3:atemp>
            <ns3:hr>152</ns3:hr>
            <ns3:cad>84</ns3:cad>
          </ns3:TrackPointExtension>
        </extensions>
      </trkpt>
      <trkpt lat="30.20876937545835971832275390625" lon="120.26220736093819141387939453125">
        <ele>5.599999904632568359375</ele>
        <time>2026-08-31T23:35:31.000Z</time>
        <extensions>
          <ns3:TrackPointExtension>
            <ns3:atemp>31.0</ns3:atemp>
            <ns3:hr>153</ns3:hr>
            <ns3:cad>86</ns3:cad>
          </ns3:TrackPointExtension>
        </extensions>
      </trkpt>
      <trkpt lat="30.208769626915454864501953125" lon="120.26217165403068065643310546875">
        <ele>5.599999904632568359375</ele>
        <time>2026-08-31T23:35:32.000Z</time>
        <extensions>
          <ns3:TrackPointExtension>
            <ns3:atemp>31.0</ns3:atemp>
            <ns3:hr>154</ns3:hr>
            <ns3:cad>86</ns3:cad>
          </ns3:TrackPointExtension>
        </extensions>
      </trkpt>
      <trkpt lat="30.208768285810947418212890625" lon="120.262144915759563446044921875">
        <ele>5.599999904632568359375</ele>
        <time>2026-08-31T23:35:33.000Z</time>
        <extensions>
          <ns3:TrackPointExtension>
            <ns3:atemp>31.0</ns3:atemp>
            <ns3:hr>154</ns3:hr>
            <ns3:cad>86</ns3:cad>
          </ns3:TrackPointExtension>
        </extensions>
      </trkpt>
      <trkpt lat="30.20876619033515453338623046875" lon="120.26211163960397243499755859375">
        <ele>5.599999904632568359375</ele>
        <time>2026-08-31T23:35:34.000Z</time>
        <extensions>
          <ns3:TrackPointExtension>
            <ns3:atemp>31.0</ns3:atemp>
            <ns3:hr>155</ns3:hr>
            <ns3:cad>86</ns3:cad>
          </ns3:TrackPointExtension>
        </extensions>
      </trkpt>
      <trkpt lat="30.20876518450677394866943359375" lon="120.2620783634483814239501953125">
        <ele>5.599999904632568359375</ele>
        <time>2026-08-31T23:35:35.000Z</time>
        <extensions>
          <ns3:TrackPointExtension>
            <ns3:atemp>31.0</ns3:atemp>
            <ns3:hr>155</ns3:hr>
            <ns3:cad>86</ns3:cad>
          </ns3:TrackPointExtension>
        </extensions>
      </trkpt>
      <trkpt lat="30.2087647654116153717041015625" lon="120.2620471827685832977294921875">
        <ele>5.599999904632568359375</ele>
        <time>2026-08-31T23:35:36.000Z</time>
        <extensions>
          <ns3:TrackPointExtension>
            <ns3:atemp>31.0</ns3:atemp>
            <ns3:hr>155</ns3:hr>
            <ns3:cad>86</ns3:cad>
          </ns3:TrackPointExtension>
        </extensions>
      </trkpt>
      <trkpt lat="30.2087664417922496795654296875" lon="120.26201181113719940185546875">
        <ele>5.599999904632568359375</ele>
        <time>2026-08-31T23:35:37.000Z</time>
        <extensions>
          <ns3:TrackPointExtension>
            <ns3:atemp>31.0</ns3:atemp>
            <ns3:hr>156</ns3:hr>
            <ns3:cad>86</ns3:cad>
          </ns3:TrackPointExtension>
        </extensions>
      </trkpt>
      <trkpt lat="30.208764262497425079345703125" lon="120.2619861625134944915771484375">
        <ele>5.599999904632568359375</ele>
        <time>2026-08-31T23:35:38.000Z</time>
        <extensions>
          <ns3:TrackPointExtension>
            <ns3:atemp>31.0</ns3:atemp>
            <ns3:hr>156</ns3:hr>
            <ns3:cad>86</ns3:cad>
          </ns3:TrackPointExtension>
        </extensions>
      </trkpt>
      <trkpt lat="30.20876585505902767181396484375" lon="120.26195238344371318817138671875">
        <ele>5.599999904632568359375</ele>
        <time>2026-08-31T23:35:39.000Z</time>
        <extensions>
          <ns3:TrackPointExtension>
            <ns3:atemp>31.0</ns3:atemp>
            <ns3:hr>156</ns3:hr>
            <ns3:cad>86</ns3:cad>
          </ns3:TrackPointExtension>
        </extensions>
      </trkpt>
      <trkpt lat="30.208766274154186248779296875" lon="120.261926315724849700927734375">
        <ele>5.599999904632568359375</ele>
        <time>2026-08-31T23:35:40.000Z</time>
        <extensions>
          <ns3:TrackPointExtension>
            <ns3:atemp>31.0</ns3:atemp>
            <ns3:hr>157</ns3:hr>
            <ns3:cad>86</ns3:cad>
          </ns3:TrackPointExtension>
        </extensions>
      </trkpt>
      <trkpt lat="30.20876619033515453338623046875" lon="120.2618949674069881439208984375">
        <ele>5.599999904632568359375</ele>
        <time>2026-08-31T23:35:41.000Z</time>
        <extensions>
          <ns3:TrackPointExtension>
            <ns3:atemp>31.0</ns3:atemp>
            <ns3:hr>157</ns3:hr>
            <ns3:cad>86</ns3:cad>
          </ns3:TrackPointExtension>
        </extensions>
      </trkpt>
      <trkpt lat="30.20876334048807621002197265625" lon="120.2618694864213466644287109375">
        <ele>5.599999904632568359375</ele>
        <time>2026-08-31T23:35:42.000Z</time>
        <extensions>
          <ns3:TrackPointExtension>
            <ns3:atemp>31.0</ns3:atemp>
            <ns3:hr>157</ns3:hr>
            <ns3:cad>86</ns3:cad>
          </ns3:TrackPointExtension>
        </extensions>
      </trkpt>
      <trkpt lat="30.20876325666904449462890625" lon="120.26183746755123138427734375">
        <ele>5.599999904632568359375</ele>
        <time>2026-08-31T23:35:43.000Z</time>
        <extensions>
          <ns3:TrackPointExtension>
            <ns3:atemp>31.0</ns3:atemp>
            <ns3:hr>157</ns3:hr>
            <ns3:cad>86</ns3:cad>
          </ns3:TrackPointExtension>
        </extensions>
      </trkpt>
      <trkpt lat="30.2087677828967571258544921875" lon="120.26180687360465526580810546875">
        <ele>5.400000095367431640625</ele>
        <time>2026-08-31T23:35:44.000Z</time>
        <extensions>
          <ns3:TrackPointExtension>
            <ns3:atemp>31.0</ns3:atemp>
            <ns3:hr>158</ns3:hr>
            <ns3:cad>87</ns3:cad>
          </ns3:TrackPointExtension>
        </extensions>
      </trkpt>
      <trkpt lat="30.20876434631645679473876953125" lon="120.261778123676776885986328125">
        <ele>5.400000095367431640625</ele>
        <time>2026-08-31T23:35:45.000Z</time>
        <extensions>
          <ns3:TrackPointExtension>
            <ns3:atemp>31.0</ns3:atemp>
            <ns3:hr>158</ns3:hr>
            <ns3:cad>87</ns3:cad>
          </ns3:TrackPointExtension>
        </extensions>
      </trkpt>
      <trkpt lat="30.2087654359638690948486328125" lon="120.26174719445407390594482421875">
        <ele>5.400000095367431640625</ele>
        <time>2026-08-31T23:35:46.000Z</time>
        <extensions>
          <ns3:TrackPointExtension>
            <ns3:atemp>31.0</ns3:atemp>
            <ns3:hr>158</ns3:hr>
            <ns3:cad>87</ns3:cad>
          </ns3:TrackPointExtension>
        </extensions>
      </trkpt>
      <trkpt lat="30.2087637595832347869873046875" lon="120.26172322221100330352783203125">
        <ele>5.400000095367431640625</ele>
        <time>2026-08-31T23:35:47.000Z</time>
        <extensions>
          <ns3:TrackPointExtension>
            <ns3:atemp>31.0</ns3:atemp>
            <ns3:hr>158</ns3:hr>
            <ns3:cad>87</ns3:cad>
          </ns3:TrackPointExtension>
        </extensions>
      </trkpt>
      <trkpt lat="30.20876468159258365631103515625" lon="120.2616894431412220001220703125">
        <ele>5.19999980926513671875</ele>
        <time>2026-08-31T23:35:48.000Z</time>
        <extensions>
          <ns3:TrackPointExtension>
            <ns3:atemp>31.0</ns3:atemp>
            <ns3:hr>158</ns3:hr>
            <ns3:cad>87</ns3:cad>
          </ns3:TrackPointExtension>
        </extensions>
      </trkpt>
      <trkpt lat="30.20876593887805938720703125" lon="120.26166580617427825927734375">
        <ele>5.400000095367431640625</ele>
        <time>2026-08-31T23:35:49.000Z</time>
        <extensions>
          <ns3:TrackPointExtension>
            <ns3:atemp>31.0</ns3:atemp>
            <ns3:hr>158</ns3:hr>
            <ns3:cad>87</ns3:cad>
          </ns3:TrackPointExtension>
        </extensions>
      </trkpt>
      <trkpt lat="30.20877130329608917236328125" lon="120.2616302669048309326171875">
        <ele>5.400000095367431640625</ele>
        <time>2026-08-31T23:35:50.000Z</time>
        <extensions>
          <ns3:TrackPointExtension>
            <ns3:atemp>31.0</ns3:atemp>
            <ns3:hr>158</ns3:hr>
            <ns3:cad>86</ns3:cad>
          </ns3:TrackPointExtension>
        </extensions>
      </trkpt>
      <trkpt lat="30.208775661885738372802734375" lon="120.2616029419004917144775390625">
        <ele>5.400000095367431640625</ele>
        <time>2026-08-31T23:35:51.000Z</time>
        <extensions>
          <ns3:TrackPointExtension>
            <ns3:atemp>31.0</ns3:atemp>
            <ns3:hr>158</ns3:hr>
            <ns3:cad>86</ns3:cad>
          </ns3:TrackPointExtension>
        </extensions>
      </trkpt>
      <trkpt lat="30.20877691917121410369873046875" lon="120.261573605239391326904296875">
        <ele>5.400000095367431640625</ele>
        <time>2026-08-31T23:35:52.000Z</time>
        <extensions>
          <ns3:TrackPointExtension>
            <ns3:atemp>31.0</ns3:atemp>
            <ns3:hr>159</ns3:hr>
            <ns3:cad>87</ns3:cad>
          </ns3:TrackPointExtension>
        </extensions>
      </trkpt>
      <trkpt lat="30.2087741531431674957275390625" lon="120.26154720224440097808837890625">
        <ele>5.400000095367431640625</ele>
        <time>2026-08-31T23:35:53.000Z</time>
        <extensions>
          <ns3:TrackPointExtension>
            <ns3:atemp>31.0</ns3:atemp>
            <ns3:hr>159</ns3:hr>
            <ns3:cad>87</ns3:cad>
          </ns3:TrackPointExtension>
        </extensions>
      </trkpt>
      <trkpt lat="30.2087692916393280029296875" lon="120.261518619954586029052734375">
        <ele>5.400000095367431640625</ele>
        <time>2026-08-31T23:35:54.000Z</time>
        <extensions>
          <ns3:TrackPointExtension>
            <ns3:atemp>31.0</ns3:atemp>
            <ns3:hr>159</ns3:hr>
            <ns3:cad>87</ns3:cad>
          </ns3:TrackPointExtension>
        </extensions>
      </trkpt>
      <trkpt lat="30.20876501686871051788330078125" lon="120.2614879421889781951904296875">
        <ele>5.400000095367431640625</ele>
        <time>2026-08-31T23:35:55.000Z</time>
        <extensions>
          <ns3:TrackPointExtension>
            <ns3:atemp>31.0</ns3:atemp>
            <ns3:hr>160</ns3:hr>
            <ns3:cad>86</ns3:cad>
          </ns3:TrackPointExtension>
        </extensions>
      </trkpt>
      <trkpt lat="30.20876116119325160980224609375" lon="120.26146254502236843109130859375">
        <ele>5.400000095367431640625</ele>
        <time>2026-08-31T23:35:56.000Z</time>
        <extensions>
          <ns3:TrackPointExtension>
            <ns3:atemp>31.0</ns3:atemp>
            <ns3:hr>160</ns3:hr>
            <ns3:cad>86</ns3:cad>
          </ns3:TrackPointExtension>
        </extensions>
      </trkpt>
      <trkpt lat="30.208757556974887847900390625" lon="120.26143287308514118194580078125">
        <ele>5.400000095367431640625</ele>
        <time>2026-08-31T23:35:57.000Z</time>
        <extensions>
          <ns3:TrackPointExtension>
            <ns3:atemp>31.0</ns3:atemp>
            <ns3:hr>160</ns3:hr>
            <ns3:cad>87</ns3:cad>
          </ns3:TrackPointExtension>
        </extensions>
      </trkpt>
      <trkpt lat="30.208752863109111785888671875" lon="120.26141233742237091064453125">
        <ele>5.400000095367431640625</ele>
        <time>2026-08-31T23:35:58.000Z</time>
        <extensions>
          <ns3:TrackPointExtension>
            <ns3:atemp>31.0</ns3:atemp>
            <ns3:hr>160</ns3:hr>
            <ns3:cad>87</ns3:cad>
          </ns3:TrackPointExtension>
        </extensions>
      </trkpt>
      <trkpt lat="30.20875680260360240936279296875" lon="120.261385850608348846435546875">
        <ele>5.19999980926513671875</ele>
        <time>2026-08-31T23:35:59.000Z</time>
        <extensions>
          <ns3:TrackPointExtension>
            <ns3:atemp>31.0</ns3:atemp>
            <ns3:hr>160</ns3:hr>
            <ns3:cad>87</ns3:cad>
          </ns3:TrackPointExtension>
        </extensions>
      </trkpt>
      <trkpt lat="30.20875998772680759429931640625" lon="120.26135877706110477447509765625">
        <ele>5.400000095367431640625</ele>
        <time>2026-08-31T23:36:00.000Z</time>
        <extensions>
          <ns3:TrackPointExtension>
            <ns3:atemp>31.0</ns3:atemp>
            <ns3:hr>160</ns3:hr>
            <ns3:cad>87</ns3:cad>
          </ns3:TrackPointExtension>
        </extensions>
      </trkpt>
      <trkpt lat="30.20875697024166584014892578125" lon="120.26133312843739986419677734375">
        <ele>5.400000095367431640625</ele>
        <time>2026-08-31T23:36:01.000Z</time>
        <extensions>
          <ns3:TrackPointExtension>
            <ns3:atemp>31.0</ns3:atemp>
            <ns3:hr>160</ns3:hr>
            <ns3:cad>87</ns3:cad>
          </ns3:TrackPointExtension>
        </extensions>
      </trkpt>
      <trkpt lat="30.20875261165201663970947265625" lon="120.26131385006010532379150390625">
        <ele>5.19999980926513671875</ele>
        <time>2026-08-31T23:36:02.000Z</time>
        <extensions>
          <ns3:TrackPointExtension>
            <ns3:atemp>31.0</ns3:atemp>
            <ns3:hr>160</ns3:hr>
            <ns3:cad>87</ns3:cad>
          </ns3:TrackPointExtension>
        </extensions>
      </trkpt>
      <trkpt lat="30.20874808542430400848388671875" lon="120.261304713785648345947265625">
        <ele>5.19999980926513671875</ele>
        <time>2026-08-31T23:36:03.000Z</time>
        <extensions>
          <ns3:TrackPointExtension>
            <ns3:atemp>31.0</ns3:atemp>
            <ns3:hr>160</ns3:hr>
            <ns3:cad>87</ns3:cad>
          </ns3:TrackPointExtension>
        </extensions>
      </trkpt>
      <trkpt lat="30.20874314010143280029296875" lon="120.26129641570150852203369140625">
        <ele>5.19999980926513671875</ele>
        <time>2026-08-31T23:36:04.000Z</time>
        <extensions>
          <ns3:TrackPointExtension>
            <ns3:atemp>31.0</ns3:atemp>
            <ns3:hr>160</ns3:hr>
            <ns3:cad>87</ns3:cad>
          </ns3:TrackPointExtension>
        </extensions>
      </trkpt>
      <trkpt lat="30.2087399549782276153564453125" lon="120.26129440404474735260009765625">
        <ele>5.19999980926513671875</ele>
        <time>2026-08-31T23:36:05.000Z</time>
        <extensions>
          <ns3:TrackPointExtension>
            <ns3:atemp>31.0</ns3:atemp>
            <ns3:hr>161</ns3:hr>
            <ns3:cad>0</ns3:cad>
          </ns3:TrackPointExtension>
        </extensions>
      </trkpt>
      <trkpt lat="30.2087423019111156463623046875" lon="120.2612834237515926361083984375">
        <ele>5.19999980926513671875</ele>
        <time>2026-08-31T23:36:06.000Z</time>
        <extensions>
          <ns3:TrackPointExtension>
            <ns3:atemp>31.0</ns3:atemp>
            <ns3:hr>162</ns3:hr>
            <ns3:cad>0</ns3:cad>
          </ns3:TrackPointExtension>
        </extensions>
      </trkpt>
      <trkpt lat="30.20874422974884510040283203125" lon="120.26127495802938938140869140625">
        <ele>5.19999980926513671875</ele>
        <time>2026-08-31T23:36:07.000Z</time>
        <extensions>
          <ns3:TrackPointExtension>
            <ns3:atemp>31.0</ns3:atemp>
            <ns3:hr>162</ns3:hr>
            <ns3:cad>0</ns3:cad>
          </ns3:TrackPointExtension>
        </extensions>
      </trkpt>
      <trkpt lat="30.20874707959592342376708984375" lon="120.26125802658498287200927734375">
        <ele>5.19999980926513671875</ele>
        <time>2026-08-31T23:36:08.000Z</time>
        <extensions>
          <ns3:TrackPointExtension>
            <ns3:atemp>31.0</ns3:atemp>
            <ns3:hr>162</ns3:hr>
            <ns3:cad>0</ns3:cad>
          </ns3:TrackPointExtension>
        </extensions>
      </trkpt>
      <trkpt lat="30.2087506838142871856689453125" lon="120.26122936047613620758056640625">
        <ele>5.19999980926513671875</ele>
        <time>2026-08-31T23:36:09.000Z</time>
        <extensions>
          <ns3:TrackPointExtension>
            <ns3:atemp>31.0</ns3:atemp>
            <ns3:hr>163</ns3:hr>
            <ns3:cad>0</ns3:cad>
          </ns3:TrackPointExtension>
        </extensions>
      </trkpt>
      <trkpt lat="30.20875261165201663970947265625" lon="120.26119373738765716552734375">
        <ele>5.400000095367431640625</ele>
        <time>2026-08-31T23:36:10.000Z</time>
        <extensions>
          <ns3:TrackPointExtension>
            <ns3:atemp>31.0</ns3:atemp>
            <ns3:hr>163</ns3:hr>
            <ns3:cad>0</ns3:cad>
          </ns3:TrackPointExtension>
        </extensions>
      </trkpt>
      <trkpt lat="30.2087520249187946319580078125" lon="120.26116565801203250885009765625">
        <ele>5.400000095367431640625</ele>
        <time>2026-08-31T23:36:11.000Z</time>
        <extensions>
          <ns3:TrackPointExtension>
            <ns3:atemp>31.0</ns3:atemp>
            <ns3:hr>163</ns3:hr>
            <ns3:cad>0</ns3:cad>
          </ns3:TrackPointExtension>
        </extensions>
      </trkpt>
      <trkpt lat="30.2087567187845706939697265625" lon="120.2611181326210498809814453125">
        <ele>5.400000095367431640625</ele>
        <time>2026-08-31T23:36:12.000Z</time>
        <extensions>
          <ns3:TrackPointExtension>
            <ns3:atemp>31.0</ns3:atemp>
            <ns3:hr>163</ns3:hr>
            <ns3:cad>83</ns3:cad>
          </ns3:TrackPointExtension>
        </extensions>
      </trkpt>
      <trkpt lat="30.2087610773742198944091796875" lon="120.2610866166651248931884765625">
        <ele>5.400000095367431640625</ele>
        <time>2026-08-31T23:36:13.000Z</time>
        <extensions>
          <ns3:TrackPointExtension>
            <ns3:atemp>31.0</ns3:atemp>
            <ns3:hr>164</ns3:hr>
            <ns3:cad>82</ns3:cad>
          </ns3:TrackPointExtension>
        </extensions>
      </trkpt>
      <trkpt lat="30.20876417867839336395263671875" lon="120.26105032302439212799072265625">
        <ele>5.599999904632568359375</ele>
        <time>2026-08-31T23:36:14.000Z</time>
        <extensions>
          <ns3:TrackPointExtension>
            <ns3:atemp>31.0</ns3:atemp>
            <ns3:hr>163</ns3:hr>
            <ns3:cad>82</ns3:cad>
          </ns3:TrackPointExtension>
        </extensions>
      </trkpt>
      <trkpt lat="30.2087692916393280029296875" lon="120.26101629249751567840576171875">
        <ele>5.400000095367431640625</ele>
        <time>2026-08-31T23:36:15.000Z</time>
        <extensions>
          <ns3:TrackPointExtension>
            <ns3:atemp>31.0</ns3:atemp>
            <ns3:hr>164</ns3:hr>
            <ns3:cad>83</ns3:cad>
          </ns3:TrackPointExtension>
        </extensions>
      </trkpt>
      <trkpt lat="30.208767950534820556640625" lon="120.26098595000803470611572265625">
        <ele>5.599999904632568359375</ele>
        <time>2026-08-31T23:36:16.000Z</time>
        <extensions>
          <ns3:TrackPointExtension>
            <ns3:atemp>31.0</ns3:atemp>
            <ns3:hr>165</ns3:hr>
            <ns3:cad>84</ns3:cad>
          </ns3:TrackPointExtension>
        </extensions>
      </trkpt>
      <trkpt lat="30.2087711356580257415771484375" lon="120.2609511651098728179931640625">
        <ele>5.599999904632568359375</ele>
        <time>2026-08-31T23:36:17.000Z</time>
        <extensions>
          <ns3:TrackPointExtension>
            <ns3:atemp>31.0</ns3:atemp>
            <ns3:hr>166</ns3:hr>
            <ns3:cad>85</ns3:cad>
          </ns3:TrackPointExtension>
        </extensions>
      </trkpt>
      <trkpt lat="30.20877004601061344146728515625" lon="120.26092258282005786895751953125">
        <ele>5.599999904632568359375</ele>
        <time>2026-08-31T23:36:18.000Z</time>
        <extensions>
          <ns3:TrackPointExtension>
            <ns3:atemp>31.0</ns3:atemp>
            <ns3:hr>166</ns3:hr>
            <ns3:cad>86</ns3:cad>
          </ns3:TrackPointExtension>
        </extensions>
      </trkpt>
      <trkpt lat="30.208774991333484649658203125" lon="120.26088930666446685791015625">
        <ele>5.599999904632568359375</ele>
        <time>2026-08-31T23:36:19.000Z</time>
        <extensions>
          <ns3:TrackPointExtension>
            <ns3:atemp>31.0</ns3:atemp>
            <ns3:hr>167</ns3:hr>
            <ns3:cad>86</ns3:cad>
          </ns3:TrackPointExtension>
        </extensions>
      </trkpt>
      <trkpt lat="30.20877323113381862640380859375" lon="120.2608660049736499786376953125">
        <ele>5.599999904632568359375</ele>
        <time>2026-08-31T23:36:20.000Z</time>
        <extensions>
          <ns3:TrackPointExtension>
            <ns3:atemp>31.0</ns3:atemp>
            <ns3:hr>167</ns3:hr>
            <ns3:cad>86</ns3:cad>
          </ns3:TrackPointExtension>
        </extensions>
      </trkpt>
      <trkpt lat="30.2087714709341526031494140625" lon="120.26083507575094699859619140625">
        <ele>5.599999904632568359375</ele>
        <time>2026-08-31T23:36:21.000Z</time>
        <extensions>
          <ns3:TrackPointExtension>
            <ns3:atemp>31.0</ns3:atemp>
            <ns3:hr>167</ns3:hr>
            <ns3:cad>86</ns3:cad>
          </ns3:TrackPointExtension>
        </extensions>
      </trkpt>
      <trkpt lat="30.2087677828967571258544921875" lon="120.260804481804370880126953125">
        <ele>5.599999904632568359375</ele>
        <time>2026-08-31T23:36:22.000Z</time>
        <extensions>
          <ns3:TrackPointExtension>
            <ns3:atemp>31.0</ns3:atemp>
            <ns3:hr>167</ns3:hr>
            <ns3:cad>86</ns3:cad>
          </ns3:TrackPointExtension>
        </extensions>
      </trkpt>
      <trkpt lat="30.20876468159258365631103515625" lon="120.260777659714221954345703125">
        <ele>5.599999904632568359375</ele>
        <time>2026-08-31T23:36:23.000Z</time>
        <extensions>
          <ns3:TrackPointExtension>
            <ns3:atemp>31.0</ns3:atemp>
            <ns3:hr>167</ns3:hr>
            <ns3:cad>86</ns3:cad>
          </ns3:TrackPointExtension>
        </extensions>
      </trkpt>
      <trkpt lat="30.20876459777355194091796875" lon="120.2607489936053752899169921875">
        <ele>5.599999904632568359375</ele>
        <time>2026-08-31T23:36:24.000Z</time>
        <extensions>
          <ns3:TrackPointExtension>
            <ns3:atemp>31.0</ns3:atemp>
            <ns3:hr>168</ns3:hr>
            <ns3:cad>86</ns3:cad>
          </ns3:TrackPointExtension>
        </extensions>
      </trkpt>
      <trkpt lat="30.208762586116790771484375" lon="120.26072292588651180267333984375">
        <ele>5.599999904632568359375</ele>
        <time>2026-08-31T23:36:25.000Z</time>
        <extensions>
          <ns3:TrackPointExtension>
            <ns3:atemp>31.0</ns3:atemp>
            <ns3:hr>167</ns3:hr>
            <ns3:cad>86</ns3:cad>
          </ns3:TrackPointExtension>
        </extensions>
      </trkpt>
      <trkpt lat="30.208762250840663909912109375" lon="120.2606926672160625457763671875">
        <ele>5.599999904632568359375</ele>
        <time>2026-08-31T23:36:26.000Z</time>
        <extensions>
          <ns3:TrackPointExtension>
            <ns3:atemp>31.0</ns3:atemp>
            <ns3:hr>167</ns3:hr>
            <ns3:cad>86</ns3:cad>
          </ns3:TrackPointExtension>
        </extensions>
      </trkpt>
      <trkpt lat="30.20876619033515453338623046875" lon="120.2606631629168987274169921875">
        <ele>5.599999904632568359375</ele>
        <time>2026-08-31T23:36:27.000Z</time>
        <extensions>
          <ns3:TrackPointExtension>
            <ns3:atemp>31.0</ns3:atemp>
            <ns3:hr>167</ns3:hr>
            <ns3:cad>86</ns3:cad>
          </ns3:TrackPointExtension>
        </extensions>
      </trkpt>
      <trkpt lat="30.20876887254416942596435546875" lon="120.26063256897032260894775390625">
        <ele>5.599999904632568359375</ele>
        <time>2026-08-31T23:36:28.000Z</time>
        <extensions>
          <ns3:TrackPointExtension>
            <ns3:atemp>31.0</ns3:atemp>
            <ns3:hr>167</ns3:hr>
            <ns3:cad>86</ns3:cad>
          </ns3:TrackPointExtension>
        </extensions>
      </trkpt>
      <trkpt lat="30.208766944706439971923828125" lon="120.2606088481843471527099609375">
        <ele>5.599999904632568359375</ele>
        <time>2026-08-31T23:36:29.000Z</time>
        <extensions>
          <ns3:TrackPointExtension>
            <ns3:atemp>31.0</ns3:atemp>
            <ns3:hr>167</ns3:hr>
            <ns3:cad>86</ns3:cad>
          </ns3:TrackPointExtension>
        </extensions>
      </trkpt>
      <trkpt lat="30.2087654359638690948486328125" lon="120.260580517351627349853515625">
        <ele>5.599999904632568359375</ele>
        <time>2026-08-31T23:36:30.000Z</time>
        <extensions>
          <ns3:TrackPointExtension>
            <ns3:atemp>31.0</ns3:atemp>
            <ns3:hr>167</ns3:hr>
            <ns3:cad>86</ns3:cad>
          </ns3:TrackPointExtension>
        </extensions>
      </trkpt>
      <trkpt lat="30.20876635797321796417236328125" lon="120.26054841466248035430908203125">
        <ele>5.599999904632568359375</ele>
        <time>2026-08-31T23:36:31.000Z</time>
        <extensions>
          <ns3:TrackPointExtension>
            <ns3:atemp>31.0</ns3:atemp>
            <ns3:hr>167</ns3:hr>
            <ns3:cad>86</ns3:cad>
          </ns3:TrackPointExtension>
        </extensions>
      </trkpt>
      <trkpt lat="30.20876803435385227203369140625" lon="120.2605211734771728515625">
        <ele>5.599999904632568359375</ele>
        <time>2026-08-31T23:36:32.000Z</time>
        <extensions>
          <ns3:TrackPointExtension>
            <ns3:atemp>31.0</ns3:atemp>
            <ns3:hr>166</ns3:hr>
            <ns3:cad>86</ns3:cad>
          </ns3:TrackPointExtension>
        </extensions>
      </trkpt>
      <trkpt lat="30.2087697945535182952880859375" lon="120.260487981140613555908203125">
        <ele>5.599999904632568359375</ele>
        <time>2026-08-31T23:36:33.000Z</time>
        <extensions>
          <ns3:TrackPointExtension>
            <ns3:atemp>31.0</ns3:atemp>
            <ns3:hr>166</ns3:hr>
            <ns3:cad>86</ns3:cad>
          </ns3:TrackPointExtension>
        </extensions>
      </trkpt>
      <trkpt lat="30.20877532660961151123046875" lon="120.26046208105981349945068359375">
        <ele>5.599999904632568359375</ele>
        <time>2026-08-31T23:36:34.000Z</time>
        <extensions>
          <ns3:TrackPointExtension>
            <ns3:atemp>31.0</ns3:atemp>
            <ns3:hr>166</ns3:hr>
            <ns3:cad>86</ns3:cad>
          </ns3:TrackPointExtension>
        </extensions>
      </trkpt>
      <trkpt lat="30.20877256058156490325927734375" lon="120.26042922399938106536865234375">
        <ele>5.599999904632568359375</ele>
        <time>2026-08-31T23:36:35.000Z</time>
        <extensions>
          <ns3:TrackPointExtension>
            <ns3:atemp>31.0</ns3:atemp>
            <ns3:hr>165</ns3:hr>
            <ns3:cad>86</ns3:cad>
          </ns3:TrackPointExtension>
        </extensions>
      </trkpt>
      <trkpt lat="30.20876417867839336395263671875" lon="120.2604016475379467010498046875">
        <ele>5.599999904632568359375</ele>
        <time>2026-08-31T23:36:36.000Z</time>
        <extensions>
          <ns3:TrackPointExtension>
            <ns3:atemp>31.0</ns3:atemp>
            <ns3:hr>165</ns3:hr>
            <ns3:cad>86</ns3:cad>
          </ns3:TrackPointExtension>
        </extensions>
      </trkpt>
      <trkpt lat="30.20874640904366970062255859375" lon="120.26038915850222110748291015625">
        <ele>5.599999904632568359375</ele>
        <time>2026-08-31T23:36:37.000Z</time>
        <extensions>
          <ns3:TrackPointExtension>
            <ns3:atemp>31.0</ns3:atemp>
            <ns3:hr>165</ns3:hr>
            <ns3:cad>86</ns3:cad>
          </ns3:TrackPointExtension>
        </extensions>
      </trkpt>
      <trkpt lat="30.20872293971478939056396484375" lon="120.26038027368485927581787109375">
        <ele>5.599999904632568359375</ele>
        <time>2026-08-31T23:36:38.000Z</time>
        <extensions>
          <ns3:TrackPointExtension>
            <ns3:atemp>31.0</ns3:atemp>
            <ns3:hr>165</ns3:hr>
            <ns3:cad>86</ns3:cad>
          </ns3:TrackPointExtension>
        </extensions>
      </trkpt>
      <trkpt lat="30.2087037451565265655517578125" lon="120.26037759147584438323974609375">
        <ele>5.599999904632568359375</ele>
        <time>2026-08-31T23:36:39.000Z</time>
        <extensions>
          <ns3:TrackPointExtension>
            <ns3:atemp>31.0</ns3:atemp>
            <ns3:hr>165</ns3:hr>
            <ns3:cad>86</ns3:cad>
          </ns3:TrackPointExtension>
        </extensions>
      </trkpt>
      <trkpt lat="30.20867398940026760101318359375" lon="120.2603741548955440521240234375">
        <ele>5.599999904632568359375</ele>
        <time>2026-08-31T23:36:40.000Z</time>
        <extensions>
          <ns3:TrackPointExtension>
            <ns3:atemp>31.0</ns3:atemp>
            <ns3:hr>164</ns3:hr>
            <ns3:cad>86</ns3:cad>
          </ns3:TrackPointExtension>
        </extensions>
      </trkpt>
      <trkpt lat="30.20865605212748050689697265625" lon="120.26038044132292270660400390625">
        <ele>5.80000019073486328125</ele>
        <time>2026-08-31T23:36:41.000Z</time>
        <extensions>
          <ns3:TrackPointExtension>
            <ns3:atemp>31.0</ns3:atemp>
            <ns3:hr>164</ns3:hr>
            <ns3:cad>86</ns3:cad>
          </ns3:TrackPointExtension>
        </extensions>
      </trkpt>
      <trkpt lat="30.2086283080279827117919921875" lon="120.26038060896098613739013671875">
        <ele>5.599999904632568359375</ele>
        <time>2026-08-31T23:36:42.000Z</time>
        <extensions>
          <ns3:TrackPointExtension>
            <ns3:atemp>31.0</ns3:atemp>
            <ns3:hr>164</ns3:hr>
            <ns3:cad>86</ns3:cad>
          </ns3:TrackPointExtension>
        </extensions>
      </trkpt>
      <trkpt lat="30.208608023822307586669921875" lon="120.26038295589387416839599609375">
        <ele>5.599999904632568359375</ele>
        <time>2026-08-31T23:36:43.000Z</time>
        <extensions>
          <ns3:TrackPointExtension>
            <ns3:atemp>31.0</ns3:atemp>
            <ns3:hr>164</ns3:hr>
            <ns3:cad>86</ns3:cad>
          </ns3:TrackPointExtension>
        </extensions>
      </trkpt>
      <trkpt lat="30.20858195610344409942626953125" lon="120.26038505136966705322265625">
        <ele>5.599999904632568359375</ele>
        <time>2026-08-31T23:36:44.000Z</time>
        <extensions>
          <ns3:TrackPointExtension>
            <ns3:atemp>31.0</ns3:atemp>
            <ns3:hr>164</ns3:hr>
            <ns3:cad>86</ns3:cad>
          </ns3:TrackPointExtension>
        </extensions>
      </trkpt>
      <trkpt lat="30.2085555531084537506103515625" lon="120.26038262061774730682373046875">
        <ele>5.599999904632568359375</ele>
        <time>2026-08-31T23:36:45.000Z</time>
        <extensions>
          <ns3:TrackPointExtension>
            <ns3:atemp>31.0</ns3:atemp>
            <ns3:hr>164</ns3:hr>
            <ns3:cad>87</ns3:cad>
          </ns3:TrackPointExtension>
        </extensions>
      </trkpt>
      <trkpt lat="30.20853116177022457122802734375" lon="120.260380022227764129638671875">
        <ele>5.599999904632568359375</ele>
        <time>2026-08-31T23:36:46.000Z</time>
        <extensions>
          <ns3:TrackPointExtension>
            <ns3:atemp>31.0</ns3:atemp>
            <ns3:hr>164</ns3:hr>
            <ns3:cad>87</ns3:cad>
          </ns3:TrackPointExtension>
        </extensions>
      </trkpt>
      <trkpt lat="30.2085052616894245147705078125" lon="120.26037742383778095245361328125">
        <ele>5.80000019073486328125</ele>
        <time>2026-08-31T23:36:47.000Z</time>
        <extensions>
          <ns3:TrackPointExtension>
            <ns3:atemp>31.0</ns3:atemp>
            <ns3:hr>163</ns3:hr>
            <ns3:cad>87</ns3:cad>
          </ns3:TrackPointExtension>
        </extensions>
      </trkpt>
      <trkpt lat="30.2084854803979396820068359375" lon="120.2603768371045589447021484375">
        <ele>5.80000019073486328125</ele>
        <time>2026-08-31T23:36:48.000Z</time>
        <extensions>
          <ns3:TrackPointExtension>
            <ns3:atemp>31.0</ns3:atemp>
            <ns3:hr>164</ns3:hr>
            <ns3:cad>87</ns3:cad>
          </ns3:TrackPointExtension>
        </extensions>
      </trkpt>
      <trkpt lat="30.20846008323132991790771484375" lon="120.26036904193460941314697265625">
        <ele>5.80000019073486328125</ele>
        <time>2026-08-31T23:36:49.000Z</time>
        <extensions>
          <ns3:TrackPointExtension>
            <ns3:atemp>31.0</ns3:atemp>
            <ns3:hr>164</ns3:hr>
            <ns3:cad>87</ns3:cad>
          </ns3:TrackPointExtension>
        </extensions>
      </trkpt>
      <trkpt lat="30.20843845792114734649658203125" lon="120.2603617496788501739501953125">
        <ele>5.80000019073486328125</ele>
        <time>2026-08-31T23:36:50.000Z</time>
        <extensions>
          <ns3:TrackPointExtension>
            <ns3:atemp>31.0</ns3:atemp>
            <ns3:hr>164</ns3:hr>
            <ns3:cad>87</ns3:cad>
          </ns3:TrackPointExtension>
        </extensions>
      </trkpt>
      <trkpt lat="30.2084211073815822601318359375" lon="120.2603634260594844818115234375">
        <ele>5.80000019073486328125</ele>
        <time>2026-08-31T23:36:51.000Z</time>
        <extensions>
          <ns3:TrackPointExtension>
            <ns3:atemp>30.0</ns3:atemp>
            <ns3:hr>164</ns3:hr>
            <ns3:cad>87</ns3:cad>
          </ns3:TrackPointExtension>
        </extensions>
      </trkpt>
      <trkpt lat="30.208404175937175750732421875" lon="120.26036359369754791259765625">
        <ele>5.599999904632568359375</ele>
        <time>2026-08-31T23:36:52.000Z</time>
        <extensions>
          <ns3:TrackPointExtension>
            <ns3:atemp>31.0</ns3:atemp>
            <ns3:hr>164</ns3:hr>
            <ns3:cad>87</ns3:cad>
          </ns3:TrackPointExtension>
        </extensions>
      </trkpt>
      <trkpt lat="30.2083869092166423797607421875" lon="120.26036359369754791259765625">
        <ele>5.599999904632568359375</ele>
        <time>2026-08-31T23:36:53.000Z</time>
        <extensions>
          <ns3:TrackPointExtension>
            <ns3:atemp>31.0</ns3:atemp>
            <ns3:hr>164</ns3:hr>
            <ns3:cad>87</ns3:cad>
          </ns3:TrackPointExtension>
        </extensions>
      </trkpt>
      <trkpt lat="30.20838112570345401763916015625" lon="120.260364599525928497314453125">
        <ele>5.599999904632568359375</ele>
        <time>2026-08-31T23:36:54.000Z</time>
        <extensions>
          <ns3:TrackPointExtension>
            <ns3:atemp>31.0</ns3:atemp>
            <ns3:hr>164</ns3:hr>
            <ns3:cad>87</ns3:cad>
          </ns3:TrackPointExtension>
        </extensions>
      </trkpt>
      <trkpt lat="30.20836603827774524688720703125" lon="120.2603738196194171905517578125">
        <ele>5.599999904632568359375</ele>
        <time>2026-08-31T23:36:55.000Z</time>
        <extensions>
          <ns3:TrackPointExtension>
            <ns3:atemp>31.0</ns3:atemp>
            <ns3:hr>164</ns3:hr>
            <ns3:cad>70</ns3:cad>
          </ns3:TrackPointExtension>
        </extensions>
      </trkpt>
      <trkpt lat="30.20834575407207012176513671875" lon="120.26037407107651233673095703125">
        <ele>5.599999904632568359375</ele>
        <time>2026-08-31T23:36:56.000Z</time>
        <extensions>
          <ns3:TrackPointExtension>
            <ns3:atemp>31.0</ns3:atemp>
            <ns3:hr>164</ns3:hr>
            <ns3:cad>70</ns3:cad>
          </ns3:TrackPointExtension>
        </extensions>
      </trkpt>
      <trkpt lat="30.2083302475512027740478515625" lon="120.26037826202809810638427734375">
        <ele>5.80000019073486328125</ele>
        <time>2026-08-31T23:36:57.000Z</time>
        <extensions>
          <ns3:TrackPointExtension>
            <ns3:atemp>31.0</ns3:atemp>
            <ns3:hr>164</ns3:hr>
            <ns3:cad>67</ns3:cad>
          </ns3:TrackPointExtension>
        </extensions>
      </trkpt>
      <trkpt lat="30.20830015651881694793701171875" lon="120.2603776752948760986328125">
        <ele>5.80000019073486328125</ele>
        <time>2026-08-31T23:36:58.000Z</time>
        <extensions>
          <ns3:TrackPointExtension>
            <ns3:atemp>31.0</ns3:atemp>
            <ns3:hr>164</ns3:hr>
            <ns3:cad>70</ns3:cad>
          </ns3:TrackPointExtension>
        </extensions>
      </trkpt>
      <trkpt lat="30.20827777683734893798828125" lon="120.26036770083010196685791015625">
        <ele>5.80000019073486328125</ele>
        <time>2026-08-31T23:36:59.000Z</time>
        <extensions>
          <ns3:TrackPointExtension>
            <ns3:atemp>31.0</ns3:atemp>
            <ns3:hr>163</ns3:hr>
            <ns3:cad>79</ns3:cad>
          </ns3:TrackPointExtension>
        </extensions>
      </trkpt>
      <trkpt lat="30.2082511223852634429931640625" lon="120.260362587869167327880859375">
        <ele>5.80000019073486328125</ele>
        <time>2026-08-31T23:37:00.000Z</time>
        <extensions>
          <ns3:TrackPointExtension>
            <ns3:atemp>31.0</ns3:atemp>
            <ns3:hr>163</ns3:hr>
            <ns3:cad>84</ns3:cad>
          </ns3:TrackPointExtension>
        </extensions>
      </trkpt>
      <trkpt lat="30.20822321064770221710205078125" lon="120.260357558727264404296875">
        <ele>5.80000019073486328125</ele>
        <time>2026-08-31T23:37:01.000Z</time>
        <extensions>
          <ns3:TrackPointExtension>
            <ns3:atemp>31.0</ns3:atemp>
            <ns3:hr>163</ns3:hr>
            <ns3:cad>85</ns3:cad>
          </ns3:TrackPointExtension>
        </extensions>
      </trkpt>
      <trkpt lat="30.208198986947536468505859375" lon="120.26035529561340808868408203125">
        <ele>5.80000019073486328125</ele>
        <time>2026-08-31T23:37:02.000Z</time>
        <extensions>
          <ns3:TrackPointExtension>
            <ns3:atemp>31.0</ns3:atemp>
            <ns3:hr>162</ns3:hr>
            <ns3:cad>86</ns3:cad>
          </ns3:TrackPointExtension>
        </extensions>
      </trkpt>
      <trkpt lat="30.208171494305133819580078125" lon="120.26035160757601261138916015625">
        <ele>5.80000019073486328125</ele>
        <time>2026-08-31T23:37:03.000Z</time>
        <extensions>
          <ns3:TrackPointExtension>
            <ns3:atemp>30.0</ns3:atemp>
            <ns3:hr>163</ns3:hr>
            <ns3:cad>86</ns3:cad>
          </ns3:TrackPointExtension>
        </extensions>
      </trkpt>
      <trkpt lat="30.2081470191478729248046875" lon="120.26035512797534465789794921875">
        <ele>5.80000019073486328125</ele>
        <time>2026-08-31T23:37:04.000Z</time>
        <extensions>
          <ns3:TrackPointExtension>
            <ns3:atemp>31.0</ns3:atemp>
            <ns3:hr>163</ns3:hr>
            <ns3:cad>86</ns3:cad>
          </ns3:TrackPointExtension>
        </extensions>
      </trkpt>
      <trkpt lat="30.20811575464904308319091796875" lon="120.260349847376346588134765625">
        <ele>5.80000019073486328125</ele>
        <time>2026-08-31T23:37:05.000Z</time>
        <extensions>
          <ns3:TrackPointExtension>
            <ns3:atemp>31.0</ns3:atemp>
            <ns3:hr>162</ns3:hr>
            <ns3:cad>86</ns3:cad>
          </ns3:TrackPointExtension>
        </extensions>
      </trkpt>
      <trkpt lat="30.20809496752917766571044921875" lon="120.260348506271839141845703125">
        <ele>5.80000019073486328125</ele>
        <time>2026-08-31T23:37:06.000Z</time>
        <extensions>
          <ns3:TrackPointExtension>
            <ns3:atemp>31.0</ns3:atemp>
            <ns3:hr>162</ns3:hr>
            <ns3:cad>86</ns3:cad>
          </ns3:TrackPointExtension>
        </extensions>
      </trkpt>
      <trkpt lat="30.2080677263438701629638671875" lon="120.26034884154796600341796875">
        <ele>5.80000019073486328125</ele>
        <time>2026-08-31T23:37:07.000Z</time>
        <extensions>
          <ns3:TrackPointExtension>
            <ns3:atemp>31.0</ns3:atemp>
            <ns3:hr>162</ns3:hr>
            <ns3:cad>87</ns3:cad>
          </ns3:TrackPointExtension>
        </extensions>
      </trkpt>
      <trkpt lat="30.20804434083402156829833984375" lon="120.2603495121002197265625">
        <ele>5.80000019073486328125</ele>
        <time>2026-08-31T23:37:08.000Z</time>
        <extensions>
          <ns3:TrackPointExtension>
            <ns3:atemp>31.0</ns3:atemp>
            <ns3:hr>162</ns3:hr>
            <ns3:cad>87</ns3:cad>
          </ns3:TrackPointExtension>
        </extensions>
      </trkpt>
      <trkpt lat="30.20802221260964870452880859375" lon="120.2603463269770145416259765625">
        <ele>5.80000019073486328125</ele>
        <time>2026-08-31T23:37:09.000Z</time>
        <extensions>
          <ns3:TrackPointExtension>
            <ns3:atemp>31.0</ns3:atemp>
            <ns3:hr>162</ns3:hr>
            <ns3:cad>87</ns3:cad>
          </ns3:TrackPointExtension>
        </extensions>
      </trkpt>
      <trkpt lat="30.20799404941499233245849609375" lon="120.26034071110188961029052734375">
        <ele>5.80000019073486328125</ele>
        <time>2026-08-31T23:37:10.000Z</time>
        <extensions>
          <ns3:TrackPointExtension>
            <ns3:atemp>31.0</ns3:atemp>
            <ns3:hr>162</ns3:hr>
            <ns3:cad>87</ns3:cad>
          </ns3:TrackPointExtension>
        </extensions>
      </trkpt>
      <trkpt lat="30.2079728431999683380126953125" lon="120.26034071110188961029052734375">
        <ele>5.80000019073486328125</ele>
        <time>2026-08-31T23:37:11.000Z</time>
        <extensions>
          <ns3:TrackPointExtension>
            <ns3:atemp>31.0</ns3:atemp>
            <ns3:hr>162</ns3:hr>
            <ns3:cad>87</ns3:cad>
          </ns3:TrackPointExtension>
        </extensions>
      </trkpt>
      <trkpt lat="30.2079443447291851043701171875" lon="120.26033132337033748626708984375">
        <ele>5.80000019073486328125</ele>
        <time>2026-08-31T23:37:12.000Z</time>
        <extensions>
          <ns3:TrackPointExtension>
            <ns3:atemp>31.0</ns3:atemp>
            <ns3:hr>162</ns3:hr>
            <ns3:cad>86</ns3:cad>
          </ns3:TrackPointExtension>
        </extensions>
      </trkpt>
      <trkpt lat="30.20792364142835140228271484375" lon="120.26032847352325916290283203125">
        <ele>5.80000019073486328125</ele>
        <time>2026-08-31T23:37:13.000Z</time>
        <extensions>
          <ns3:TrackPointExtension>
            <ns3:atemp>31.0</ns3:atemp>
            <ns3:hr>161</ns3:hr>
            <ns3:cad>86</ns3:cad>
          </ns3:TrackPointExtension>
        </extensions>
      </trkpt>
      <trkpt lat="30.20789623260498046875" lon="120.2603240311145782470703125">
        <ele>5.80000019073486328125</ele>
        <time>2026-08-31T23:37:14.000Z</time>
        <extensions>
          <ns3:TrackPointExtension>
            <ns3:atemp>31.0</ns3:atemp>
            <ns3:hr>162</ns3:hr>
            <ns3:cad>86</ns3:cad>
          </ns3:TrackPointExtension>
        </extensions>
      </trkpt>
      <trkpt lat="30.2078729309141635894775390625" lon="120.2603262104094028472900390625">
        <ele>5.80000019073486328125</ele>
        <time>2026-08-31T23:37:15.000Z</time>
        <extensions>
          <ns3:TrackPointExtension>
            <ns3:atemp>31.0</ns3:atemp>
            <ns3:hr>162</ns3:hr>
            <ns3:cad>87</ns3:cad>
          </ns3:TrackPointExtension>
        </extensions>
      </trkpt>
      <trkpt lat="30.207841582596302032470703125" lon="120.260317660868167877197265625">
        <ele>5.80000019073486328125</ele>
        <time>2026-08-31T23:37:16.000Z</time>
        <extensions>
          <ns3:TrackPointExtension>
            <ns3:atemp>31.0</ns3:atemp>
            <ns3:hr>161</ns3:hr>
            <ns3:cad>87</ns3:cad>
          </ns3:TrackPointExtension>
        </extensions>
      </trkpt>
      <trkpt lat="30.207816772162914276123046875" lon="120.26031338609755039215087890625">
        <ele>5.80000019073486328125</ele>
        <time>2026-08-31T23:37:17.000Z</time>
        <extensions>
          <ns3:TrackPointExtension>
            <ns3:atemp>31.0</ns3:atemp>
            <ns3:hr>162</ns3:hr>
            <ns3:cad>87</ns3:cad>
          </ns3:TrackPointExtension>
        </extensions>
      </trkpt>
      <trkpt lat="30.2077864296734333038330078125" lon="120.26031070388853549957275390625">
        <ele>5.80000019073486328125</ele>
        <time>2026-08-31T23:37:18.000Z</time>
        <extensions>
          <ns3:TrackPointExtension>
            <ns3:atemp>31.0</ns3:atemp>
            <ns3:hr>162</ns3:hr>
            <ns3:cad>87</ns3:cad>
          </ns3:TrackPointExtension>
        </extensions>
      </trkpt>
      <trkpt lat="30.2077596075832843780517578125" lon="120.2603065967559814453125">
        <ele>5.80000019073486328125</ele>
        <time>2026-08-31T23:37:19.000Z</time>
        <extensions>
          <ns3:TrackPointExtension>
            <ns3:atemp>31.0</ns3:atemp>
            <ns3:hr>161</ns3:hr>
            <ns3:cad>86</ns3:cad>
          </ns3:TrackPointExtension>
        </extensions>
      </trkpt>
      <trkpt lat="30.20773270167410373687744140625" lon="120.26030936278402805328369140625">
        <ele>5.80000019073486328125</ele>
        <time>2026-08-31T23:37:20.000Z</time>
        <extensions>
          <ns3:TrackPointExtension>
            <ns3:atemp>30.0</ns3:atemp>
            <ns3:hr>162</ns3:hr>
            <ns3:cad>87</ns3:cad>
          </ns3:TrackPointExtension>
        </extensions>
      </trkpt>
      <trkpt lat="30.207703448832035064697265625" lon="120.26031221263110637664794921875">
        <ele>5.80000019073486328125</ele>
        <time>2026-08-31T23:37:21.000Z</time>
        <extensions>
          <ns3:TrackPointExtension>
            <ns3:atemp>31.0</ns3:atemp>
            <ns3:hr>162</ns3:hr>
            <ns3:cad>87</ns3:cad>
          </ns3:TrackPointExtension>
        </extensions>
      </trkpt>
      <trkpt lat="30.20768123678863048553466796875" lon="120.2603159844875335693359375">
        <ele>5.599999904632568359375</ele>
        <time>2026-08-31T23:37:22.000Z</time>
        <extensions>
          <ns3:TrackPointExtension>
            <ns3:atemp>31.0</ns3:atemp>
            <ns3:hr>162</ns3:hr>
            <ns3:cad>87</ns3:cad>
          </ns3:TrackPointExtension>
        </extensions>
      </trkpt>
      <trkpt lat="30.2076534926891326904296875" lon="120.2603124640882015228271484375">
        <ele>5.599999904632568359375</ele>
        <time>2026-08-31T23:37:23.000Z</time>
        <extensions>
          <ns3:TrackPointExtension>
            <ns3:atemp>31.0</ns3:atemp>
            <ns3:hr>162</ns3:hr>
            <ns3:cad>88</ns3:cad>
          </ns3:TrackPointExtension>
        </extensions>
      </trkpt>
      <trkpt lat="30.2076275087893009185791015625" lon="120.2603154815733432769775390625">
        <ele>5.599999904632568359375</ele>
        <time>2026-08-31T23:37:24.000Z</time>
        <extensions>
          <ns3:TrackPointExtension>
            <ns3:atemp>31.0</ns3:atemp>
            <ns3:hr>162</ns3:hr>
            <ns3:cad>88</ns3:cad>
          </ns3:TrackPointExtension>
        </extensions>
      </trkpt>
      <trkpt lat="30.20759926177561283111572265625" lon="120.26031539775431156158447265625">
        <ele>5.599999904632568359375</ele>
        <time>2026-08-31T23:37:25.000Z</time>
        <extensions>
          <ns3:TrackPointExtension>
            <ns3:atemp>30.0</ns3:atemp>
            <ns3:hr>162</ns3:hr>
            <ns3:cad>88</ns3:cad>
          </ns3:TrackPointExtension>
        </extensions>
      </trkpt>
      <trkpt lat="30.20757176913321018218994140625" lon="120.26031824760138988494873046875">
        <ele>5.599999904632568359375</ele>
        <time>2026-08-31T23:37:26.000Z</time>
        <extensions>
          <ns3:TrackPointExtension>
            <ns3:atemp>31.0</ns3:atemp>
            <ns3:hr>163</ns3:hr>
            <ns3:cad>87</ns3:cad>
          </ns3:TrackPointExtension>
        </extensions>
      </trkpt>
      <trkpt lat="30.20754293538630008697509765625" lon="120.2603131346404552459716796875">
        <ele>5.599999904632568359375</ele>
        <time>2026-08-31T23:37:27.000Z</time>
        <extensions>
          <ns3:TrackPointExtension>
            <ns3:atemp>31.0</ns3:atemp>
            <ns3:hr>163</ns3:hr>
            <ns3:cad>87</ns3:cad>
          </ns3:TrackPointExtension>
        </extensions>
      </trkpt>
      <trkpt lat="30.207519717514514923095703125" lon="120.26031455956399440765380859375">
        <ele>5.599999904632568359375</ele>
        <time>2026-08-31T23:37:28.000Z</time>
        <extensions>
          <ns3:TrackPointExtension>
            <ns3:atemp>31.0</ns3:atemp>
            <ns3:hr>163</ns3:hr>
            <ns3:cad>88</ns3:cad>
          </ns3:TrackPointExtension>
        </extensions>
      </trkpt>
      <trkpt lat="30.2074898779392242431640625" lon="120.26031120680272579193115234375">
        <ele>5.80000019073486328125</ele>
        <time>2026-08-31T23:37:29.000Z</time>
        <extensions>
          <ns3:TrackPointExtension>
            <ns3:atemp>30.0</ns3:atemp>
            <ns3:hr>163</ns3:hr>
            <ns3:cad>88</ns3:cad>
          </ns3:TrackPointExtension>
        </extensions>
      </trkpt>
      <trkpt lat="30.20746950991451740264892578125" lon="120.26031070388853549957275390625">
        <ele>5.80000019073486328125</ele>
        <time>2026-08-31T23:37:30.000Z</time>
        <extensions>
          <ns3:TrackPointExtension>
            <ns3:atemp>31.0</ns3:atemp>
            <ns3:hr>163</ns3:hr>
            <ns3:cad>88</ns3:cad>
          </ns3:TrackPointExtension>
        </extensions>
      </trkpt>
      <trkpt lat="30.20743916742503643035888671875" lon="120.260310955345630645751953125">
        <ele>5.80000019073486328125</ele>
        <time>2026-08-31T23:37:31.000Z</time>
        <extensions>
          <ns3:TrackPointExtension>
            <ns3:atemp>31.0</ns3:atemp>
            <ns3:hr>163</ns3:hr>
            <ns3:cad>87</ns3:cad>
          </ns3:TrackPointExtension>
        </extensions>
      </trkpt>
      <trkpt lat="30.2074136026203632354736328125" lon="120.26030701585114002227783203125">
        <ele>5.80000019073486328125</ele>
        <time>2026-08-31T23:37:32.000Z</time>
        <extensions>
          <ns3:TrackPointExtension>
            <ns3:atemp>30.0</ns3:atemp>
            <ns3:hr>164</ns3:hr>
            <ns3:cad>87</ns3:cad>
          </ns3:TrackPointExtension>
        </extensions>
      </trkpt>
      <trkpt lat="30.20738937892019748687744140625" lon="120.260304920375347137451171875">
        <ele>5.80000019073486328125</ele>
        <time>2026-08-31T23:37:33.000Z</time>
        <extensions>
          <ns3:TrackPointExtension>
            <ns3:atemp>30.0</ns3:atemp>
            <ns3:hr>164</ns3:hr>
            <ns3:cad>87</ns3:cad>
          </ns3:TrackPointExtension>
        </extensions>
      </trkpt>
      <trkpt lat="30.2073623053729534149169921875" lon="120.26030299253761768341064453125">
        <ele>5.80000019073486328125</ele>
        <time>2026-08-31T23:37:34.000Z</time>
        <extensions>
          <ns3:TrackPointExtension>
            <ns3:atemp>31.0</ns3:atemp>
            <ns3:hr>164</ns3:hr>
            <ns3:cad>87</ns3:cad>
          </ns3:TrackPointExtension>
        </extensions>
      </trkpt>
      <trkpt lat="30.207340009510517120361328125" lon="120.26030584238469600677490234375">
        <ele>5.80000019073486328125</ele>
        <time>2026-08-31T23:37:35.000Z</time>
        <extensions>
          <ns3:TrackPointExtension>
            <ns3:atemp>31.0</ns3:atemp>
            <ns3:hr>164</ns3:hr>
            <ns3:cad>87</ns3:cad>
          </ns3:TrackPointExtension>
        </extensions>
      </trkpt>
      <trkpt lat="30.2073116786777973175048828125" lon="120.260299555957317352294921875">
        <ele>5.80000019073486328125</ele>
        <time>2026-08-31T23:37:36.000Z</time>
        <extensions>
          <ns3:TrackPointExtension>
            <ns3:atemp>31.0</ns3:atemp>
            <ns3:hr>164</ns3:hr>
            <ns3:cad>88</ns3:cad>
          </ns3:TrackPointExtension>
        </extensions>
      </trkpt>
      <trkpt lat="30.2072855271399021148681640625" lon="120.2602993883192539215087890625">
        <ele>5.80000019073486328125</ele>
        <time>2026-08-31T23:37:37.000Z</time>
        <extensions>
          <ns3:TrackPointExtension>
            <ns3:atemp>31.0</ns3:atemp>
            <ns3:hr>164</ns3:hr>
            <ns3:cad>88</ns3:cad>
          </ns3:TrackPointExtension>
        </extensions>
      </trkpt>
      <trkpt lat="30.20725929178297519683837890625" lon="120.26029729284346103668212890625">
        <ele>5.80000019073486328125</ele>
        <time>2026-08-31T23:37:38.000Z</time>
        <extensions>
          <ns3:TrackPointExtension>
            <ns3:atemp>31.0</ns3:atemp>
            <ns3:hr>165</ns3:hr>
            <ns3:cad>88</ns3:cad>
          </ns3:TrackPointExtension>
        </extensions>
      </trkpt>
      <trkpt lat="30.20723783411085605621337890625" lon="120.260303579270839691162109375">
        <ele>5.80000019073486328125</ele>
        <time>2026-08-31T23:37:39.000Z</time>
        <extensions>
          <ns3:TrackPointExtension>
            <ns3:atemp>31.0</ns3:atemp>
            <ns3:hr>167</ns3:hr>
            <ns3:cad>87</ns3:cad>
          </ns3:TrackPointExtension>
        </extensions>
      </trkpt>
      <trkpt lat="30.20720615051686763763427734375" lon="120.26031523011624813079833984375">
        <ele>5.80000019073486328125</ele>
        <time>2026-08-31T23:37:40.000Z</time>
        <extensions>
          <ns3:TrackPointExtension>
            <ns3:atemp>31.0</ns3:atemp>
            <ns3:hr>169</ns3:hr>
            <ns3:cad>87</ns3:cad>
          </ns3:TrackPointExtension>
        </extensions>
      </trkpt>
      <trkpt lat="30.2071866206824779510498046875" lon="120.26033065281808376312255859375">
        <ele>5.80000019073486328125</ele>
        <time>2026-08-31T23:37:41.000Z</time>
        <extensions>
          <ns3:TrackPointExtension>
            <ns3:atemp>31.0</ns3:atemp>
            <ns3:hr>172</ns3:hr>
            <ns3:cad>87</ns3:cad>
          </ns3:TrackPointExtension>
        </extensions>
      </trkpt>
      <trkpt lat="30.2071599662303924560546875" lon="120.260351859033107757568359375">
        <ele>5.80000019073486328125</ele>
        <time>2026-08-31T23:37:42.000Z</time>
        <extensions>
          <ns3:TrackPointExtension>
            <ns3:atemp>31.0</ns3:atemp>
            <ns3:hr>173</ns3:hr>
            <ns3:cad>87</ns3:cad>
          </ns3:TrackPointExtension>
        </extensions>
      </trkpt>
      <trkpt lat="30.2071440406143665313720703125" lon="120.26037088595330715179443359375">
        <ele>5.80000019073486328125</ele>
        <time>2026-08-31T23:37:43.000Z</time>
        <extensions>
          <ns3:TrackPointExtension>
            <ns3:atemp>31.0</ns3:atemp>
            <ns3:hr>174</ns3:hr>
            <ns3:cad>87</ns3:cad>
          </ns3:TrackPointExtension>
        </extensions>
      </trkpt>
      <trkpt lat="30.20712585188448429107666015625" lon="120.2603949420154094696044921875">
        <ele>5.80000019073486328125</ele>
        <time>2026-08-31T23:37:44.000Z</time>
        <extensions>
          <ns3:TrackPointExtension>
            <ns3:atemp>31.0</ns3:atemp>
            <ns3:hr>174</ns3:hr>
            <ns3:cad>87</ns3:cad>
          </ns3:TrackPointExtension>
        </extensions>
      </trkpt>
      <trkpt lat="30.20710967481136322021484375" lon="120.260421596467494964599609375">
        <ele>5.599999904632568359375</ele>
        <time>2026-08-31T23:37:45.000Z</time>
        <extensions>
          <ns3:TrackPointExtension>
            <ns3:atemp>31.0</ns3:atemp>
            <ns3:hr>174</ns3:hr>
            <ns3:cad>87</ns3:cad>
          </ns3:TrackPointExtension>
        </extensions>
      </trkpt>
      <trkpt lat="30.20709785632789134979248046875" lon="120.26044615544378757476806640625">
        <ele>5.599999904632568359375</ele>
        <time>2026-08-31T23:37:46.000Z</time>
        <extensions>
          <ns3:TrackPointExtension>
            <ns3:atemp>31.0</ns3:atemp>
            <ns3:hr>175</ns3:hr>
            <ns3:cad>87</ns3:cad>
          </ns3:TrackPointExtension>
        </extensions>
      </trkpt>
      <trkpt lat="30.20709232427179813385009765625" lon="120.26048135943710803985595703125">
        <ele>5.599999904632568359375</ele>
        <time>2026-08-31T23:37:47.000Z</time>
        <extensions>
          <ns3:TrackPointExtension>
            <ns3:atemp>31.0</ns3:atemp>
            <ns3:hr>174</ns3:hr>
            <ns3:cad>87</ns3:cad>
          </ns3:TrackPointExtension>
        </extensions>
      </trkpt>
      <trkpt lat="30.2070930786430835723876953125" lon="120.26051254011690616607666015625">
        <ele>5.599999904632568359375</ele>
        <time>2026-08-31T23:37:48.000Z</time>
        <extensions>
          <ns3:TrackPointExtension>
            <ns3:atemp>31.0</ns3:atemp>
            <ns3:hr>174</ns3:hr>
            <ns3:cad>87</ns3:cad>
          </ns3:TrackPointExtension>
        </extensions>
      </trkpt>
      <trkpt lat="30.2070903964340686798095703125" lon="120.26054338552057743072509765625">
        <ele>5.599999904632568359375</ele>
        <time>2026-08-31T23:37:49.000Z</time>
        <extensions>
          <ns3:TrackPointExtension>
            <ns3:atemp>31.0</ns3:atemp>
            <ns3:hr>174</ns3:hr>
            <ns3:cad>88</ns3:cad>
          </ns3:TrackPointExtension>
        </extensions>
      </trkpt>
      <trkpt lat="30.20709224045276641845703125" lon="120.26056752540171146392822265625">
        <ele>5.599999904632568359375</ele>
        <time>2026-08-31T23:37:50.000Z</time>
        <extensions>
          <ns3:TrackPointExtension>
            <ns3:atemp>31.0</ns3:atemp>
            <ns3:hr>174</ns3:hr>
            <ns3:cad>88</ns3:cad>
          </ns3:TrackPointExtension>
        </extensions>
      </trkpt>
      <trkpt lat="30.20708645693957805633544921875" lon="120.2606008015573024749755859375">
        <ele>5.599999904632568359375</ele>
        <time>2026-08-31T23:37:51.000Z</time>
        <extensions>
          <ns3:TrackPointExtension>
            <ns3:atemp>31.0</ns3:atemp>
            <ns3:hr>173</ns3:hr>
            <ns3:cad>88</ns3:cad>
          </ns3:TrackPointExtension>
        </extensions>
      </trkpt>
      <trkpt lat="30.2070917375385761260986328125" lon="120.26063089258968830108642578125">
        <ele>5.80000019073486328125</ele>
        <time>2026-08-31T23:37:52.000Z</time>
        <extensions>
          <ns3:TrackPointExtension>
            <ns3:atemp>31.0</ns3:atemp>
            <ns3:hr>173</ns3:hr>
            <ns3:cad>88</ns3:cad>
          </ns3:TrackPointExtension>
        </extensions>
      </trkpt>
      <trkpt lat="30.207091234624385833740234375" lon="120.260666348040103912353515625">
        <ele>5.80000019073486328125</ele>
        <time>2026-08-31T23:37:53.000Z</time>
        <extensions>
          <ns3:TrackPointExtension>
            <ns3:atemp>31.0</ns3:atemp>
            <ns3:hr>173</ns3:hr>
            <ns3:cad>88</ns3:cad>
          </ns3:TrackPointExtension>
        </extensions>
      </trkpt>
      <trkpt lat="30.20708729512989521026611328125" lon="120.26069308631122112274169921875">
        <ele>5.80000019073486328125</ele>
        <time>2026-08-31T23:37:54.000Z</time>
        <extensions>
          <ns3:TrackPointExtension>
            <ns3:atemp>31.0</ns3:atemp>
            <ns3:hr>173</ns3:hr>
            <ns3:cad>87</ns3:cad>
          </ns3:TrackPointExtension>
        </extensions>
      </trkpt>
      <trkpt lat="30.2070816792547702789306640625" lon="120.26072971522808074951171875">
        <ele>5.80000019073486328125</ele>
        <time>2026-08-31T23:37:55.000Z</time>
        <extensions>
          <ns3:TrackPointExtension>
            <ns3:atemp>31.0</ns3:atemp>
            <ns3:hr>173</ns3:hr>
            <ns3:cad>87</ns3:cad>
          </ns3:TrackPointExtension>
        </extensions>
      </trkpt>
      <trkpt lat="30.20708411000669002532958984375" lon="120.26075251400470733642578125">
        <ele>5.80000019073486328125</ele>
        <time>2026-08-31T23:37:56.000Z</time>
        <extensions>
          <ns3:TrackPointExtension>
            <ns3:atemp>31.0</ns3:atemp>
            <ns3:hr>173</ns3:hr>
            <ns3:cad>87</ns3:cad>
          </ns3:TrackPointExtension>
        </extensions>
      </trkpt>
      <trkpt lat="30.2070776559412479400634765625" lon="120.26079283095896244049072265625">
        <ele>5.599999904632568359375</ele>
        <time>2026-08-31T23:37:57.000Z</time>
        <extensions>
          <ns3:TrackPointExtension>
            <ns3:atemp>31.0</ns3:atemp>
            <ns3:hr>173</ns3:hr>
            <ns3:cad>88</ns3:cad>
          </ns3:TrackPointExtension>
        </extensions>
      </trkpt>
      <trkpt lat="30.20707723684608936309814453125" lon="120.26081680320203304290771484375">
        <ele>5.599999904632568359375</ele>
        <time>2026-08-31T23:37:58.000Z</time>
        <extensions>
          <ns3:TrackPointExtension>
            <ns3:atemp>31.0</ns3:atemp>
            <ns3:hr>173</ns3:hr>
            <ns3:cad>89</ns3:cad>
          </ns3:TrackPointExtension>
        </extensions>
      </trkpt>
      <trkpt lat="30.20707639865577220916748046875" lon="120.26085837744176387786865234375">
        <ele>5.599999904632568359375</ele>
        <time>2026-08-31T23:37:59.000Z</time>
        <extensions>
          <ns3:TrackPointExtension>
            <ns3:atemp>31.0</ns3:atemp>
            <ns3:hr>173</ns3:hr>
            <ns3:cad>89</ns3:cad>
          </ns3:TrackPointExtension>
        </extensions>
      </trkpt>
      <trkpt lat="30.20707748830318450927734375" lon="120.26088452897965908050537109375">
        <ele>5.80000019073486328125</ele>
        <time>2026-08-31T23:38:00.000Z</time>
        <extensions>
          <ns3:TrackPointExtension>
            <ns3:atemp>31.0</ns3:atemp>
            <ns3:hr>173</ns3:hr>
            <ns3:cad>89</ns3:cad>
          </ns3:TrackPointExtension>
        </extensions>
      </trkpt>
      <trkpt lat="30.20707170478999614715576171875" lon="120.26092291809618473052978515625">
        <ele>5.80000019073486328125</ele>
        <time>2026-08-31T23:38:01.000Z</time>
        <extensions>
          <ns3:TrackPointExtension>
            <ns3:atemp>31.0</ns3:atemp>
            <ns3:hr>173</ns3:hr>
            <ns3:cad>89</ns3:cad>
          </ns3:TrackPointExtension>
        </extensions>
      </trkpt>
      <trkpt lat="30.20707053132355213165283203125" lon="120.26094521395862102508544921875">
        <ele>5.80000019073486328125</ele>
        <time>2026-08-31T23:38:02.000Z</time>
        <extensions>
          <ns3:TrackPointExtension>
            <ns3:atemp>31.0</ns3:atemp>
            <ns3:hr>173</ns3:hr>
            <ns3:cad>89</ns3:cad>
          </ns3:TrackPointExtension>
        </extensions>
      </trkpt>
      <trkpt lat="30.20706768147647380828857421875" lon="120.26097756810486316680908203125">
        <ele>5.80000019073486328125</ele>
        <time>2026-08-31T23:38:03.000Z</time>
        <extensions>
          <ns3:TrackPointExtension>
            <ns3:atemp>31.0</ns3:atemp>
            <ns3:hr>173</ns3:hr>
            <ns3:cad>89</ns3:cad>
          </ns3:TrackPointExtension>
        </extensions>
      </trkpt>
      <trkpt lat="30.20706835202872753143310546875" lon="120.26100204326212406158447265625">
        <ele>5.80000019073486328125</ele>
        <time>2026-08-31T23:38:04.000Z</time>
        <extensions>
          <ns3:TrackPointExtension>
            <ns3:atemp>31.0</ns3:atemp>
            <ns3:hr>173</ns3:hr>
            <ns3:cad>90</ns3:cad>
          </ns3:TrackPointExtension>
        </extensions>
      </trkpt>
      <trkpt lat="30.20706835202872753143310546875" lon="120.26103775016963481903076171875">
        <ele>5.80000019073486328125</ele>
        <time>2026-08-31T23:38:05.000Z</time>
        <extensions>
          <ns3:TrackPointExtension>
            <ns3:atemp>31.0</ns3:atemp>
            <ns3:hr>172</ns3:hr>
            <ns3:cad>90</ns3:cad>
          </ns3:TrackPointExtension>
        </extensions>
      </trkpt>
      <trkpt lat="30.2070769853889942169189453125" lon="120.26106339879333972930908203125">
        <ele>5.80000019073486328125</ele>
        <time>2026-08-31T23:38:06.000Z</time>
        <extensions>
          <ns3:TrackPointExtension>
            <ns3:atemp>31.0</ns3:atemp>
            <ns3:hr>172</ns3:hr>
            <ns3:cad>89</ns3:cad>
          </ns3:TrackPointExtension>
        </extensions>
      </trkpt>
      <trkpt lat="30.20707388408482074737548828125" lon="120.2611027099192142486572265625">
        <ele>5.80000019073486328125</ele>
        <time>2026-08-31T23:38:07.000Z</time>
        <extensions>
          <ns3:TrackPointExtension>
            <ns3:atemp>31.0</ns3:atemp>
            <ns3:hr>172</ns3:hr>
            <ns3:cad>88</ns3:cad>
          </ns3:TrackPointExtension>
        </extensions>
      </trkpt>
      <trkpt lat="30.2070753090083599090576171875" lon="120.261132717132568359375">
        <ele>5.80000019073486328125</ele>
        <time>2026-08-31T23:38:08.000Z</time>
        <extensions>
          <ns3:TrackPointExtension>
            <ns3:atemp>31.0</ns3:atemp>
            <ns3:hr>173</ns3:hr>
            <ns3:cad>88</ns3:cad>
          </ns3:TrackPointExtension>
        </extensions>
      </trkpt>
      <trkpt lat="30.20707354880869388580322265625" lon="120.261167921125888824462890625">
        <ele>5.80000019073486328125</ele>
        <time>2026-08-31T23:38:09.000Z</time>
        <extensions>
          <ns3:TrackPointExtension>
            <ns3:atemp>31.0</ns3:atemp>
            <ns3:hr>172</ns3:hr>
            <ns3:cad>89</ns3:cad>
          </ns3:TrackPointExtension>
        </extensions>
      </trkpt>
      <trkpt lat="30.20706902258098125457763671875" lon="120.26119105517864227294921875">
        <ele>5.80000019073486328125</ele>
        <time>2026-08-31T23:38:10.000Z</time>
        <extensions>
          <ns3:TrackPointExtension>
            <ns3:atemp>31.0</ns3:atemp>
            <ns3:hr>173</ns3:hr>
            <ns3:cad>89</ns3:cad>
          </ns3:TrackPointExtension>
        </extensions>
      </trkpt>
      <trkpt lat="30.207066424190998077392578125" lon="120.26122718118131160736083984375">
        <ele>5.80000019073486328125</ele>
        <time>2026-08-31T23:38:11.000Z</time>
        <extensions>
          <ns3:TrackPointExtension>
            <ns3:atemp>31.0</ns3:atemp>
            <ns3:hr>173</ns3:hr>
            <ns3:cad>90</ns3:cad>
          </ns3:TrackPointExtension>
        </extensions>
      </trkpt>
      <trkpt lat="30.2070659212768077850341796875" lon="120.26125450618565082550048828125">
        <ele>5.80000019073486328125</ele>
        <time>2026-08-31T23:38:12.000Z</time>
        <extensions>
          <ns3:TrackPointExtension>
            <ns3:atemp>31.0</ns3:atemp>
            <ns3:hr>173</ns3:hr>
            <ns3:cad>90</ns3:cad>
          </ns3:TrackPointExtension>
        </extensions>
      </trkpt>
      <trkpt lat="30.20706902258098125457763671875" lon="120.26128887198865413665771484375">
        <ele>5.80000019073486328125</ele>
        <time>2026-08-31T23:38:13.000Z</time>
        <extensions>
          <ns3:TrackPointExtension>
            <ns3:atemp>31.0</ns3:atemp>
            <ns3:hr>173</ns3:hr>
            <ns3:cad>90</ns3:cad>
          </ns3:TrackPointExtension>
        </extensions>
      </trkpt>
      <trkpt lat="30.20706466399133205413818359375" lon="120.26131753809750080108642578125">
        <ele>5.80000019073486328125</ele>
        <time>2026-08-31T23:38:14.000Z</time>
        <extensions>
          <ns3:TrackPointExtension>
            <ns3:atemp>31.0</ns3:atemp>
            <ns3:hr>173</ns3:hr>
            <ns3:cad>90</ns3:cad>
          </ns3:TrackPointExtension>
        </extensions>
      </trkpt>
      <trkpt lat="30.20706080831587314605712890625" lon="120.2613528259098529815673828125">
        <ele>5.80000019073486328125</ele>
        <time>2026-08-31T23:38:15.000Z</time>
        <extensions>
          <ns3:TrackPointExtension>
            <ns3:atemp>31.0</ns3:atemp>
            <ns3:hr>173</ns3:hr>
            <ns3:cad>89</ns3:cad>
          </ns3:TrackPointExtension>
        </extensions>
      </trkpt>
      <trkpt lat="30.20705997012555599212646484375" lon="120.2613830007612705230712890625">
        <ele>5.80000019073486328125</ele>
        <time>2026-08-31T23:38:16.000Z</time>
        <extensions>
          <ns3:TrackPointExtension>
            <ns3:atemp>31.0</ns3:atemp>
            <ns3:hr>174</ns3:hr>
            <ns3:cad>89</ns3:cad>
          </ns3:TrackPointExtension>
        </extensions>
      </trkpt>
      <trkpt lat="30.20705980248749256134033203125" lon="120.26141694746911525726318359375">
        <ele>5.80000019073486328125</ele>
        <time>2026-08-31T23:38:17.000Z</time>
        <extensions>
          <ns3:TrackPointExtension>
            <ns3:atemp>31.0</ns3:atemp>
            <ns3:hr>174</ns3:hr>
            <ns3:cad>89</ns3:cad>
          </ns3:TrackPointExtension>
        </extensions>
      </trkpt>
      <trkpt lat="30.20706013776361942291259765625" lon="120.2614500559866428375244140625">
        <ele>5.80000019073486328125</ele>
        <time>2026-08-31T23:38:18.000Z</time>
        <extensions>
          <ns3:TrackPointExtension>
            <ns3:atemp>31.0</ns3:atemp>
            <ns3:hr>174</ns3:hr>
            <ns3:cad>89</ns3:cad>
          </ns3:TrackPointExtension>
        </extensions>
      </trkpt>
      <trkpt lat="30.20706365816295146942138671875" lon="120.26148433797061443328857421875">
        <ele>5.80000019073486328125</ele>
        <time>2026-08-31T23:38:19.000Z</time>
        <extensions>
          <ns3:TrackPointExtension>
            <ns3:atemp>31.0</ns3:atemp>
            <ns3:hr>175</ns3:hr>
            <ns3:cad>89</ns3:cad>
          </ns3:TrackPointExtension>
        </extensions>
      </trkpt>
      <trkpt lat="30.20706533454358577728271484375" lon="120.261519290506839752197265625">
        <ele>5.80000019073486328125</ele>
        <time>2026-08-31T23:38:20.000Z</time>
        <extensions>
          <ns3:TrackPointExtension>
            <ns3:atemp>31.0</ns3:atemp>
            <ns3:hr>175</ns3:hr>
            <ns3:cad>88</ns3:cad>
          </ns3:TrackPointExtension>
        </extensions>
      </trkpt>
      <trkpt lat="30.20707120187580585479736328125" lon="120.26155273430049419403076171875">
        <ele>5.80000019073486328125</ele>
        <time>2026-08-31T23:38:21.000Z</time>
        <extensions>
          <ns3:TrackPointExtension>
            <ns3:atemp>31.0</ns3:atemp>
            <ns3:hr>175</ns3:hr>
            <ns3:cad>88</ns3:cad>
          </ns3:TrackPointExtension>
        </extensions>
      </trkpt>
      <trkpt lat="30.20706935785710811614990234375" lon="120.26159045286476612091064453125">
        <ele>5.80000019073486328125</ele>
        <time>2026-08-31T23:38:22.000Z</time>
        <extensions>
          <ns3:TrackPointExtension>
            <ns3:atemp>31.0</ns3:atemp>
            <ns3:hr>175</ns3:hr>
            <ns3:cad>88</ns3:cad>
          </ns3:TrackPointExtension>
        </extensions>
      </trkpt>
      <trkpt lat="30.2070768177509307861328125" lon="120.26162154972553253173828125">
        <ele>5.80000019073486328125</ele>
        <time>2026-08-31T23:38:23.000Z</time>
        <extensions>
          <ns3:TrackPointExtension>
            <ns3:atemp>31.0</ns3:atemp>
            <ns3:hr>175</ns3:hr>
            <ns3:cad>88</ns3:cad>
          </ns3:TrackPointExtension>
        </extensions>
      </trkpt>
      <trkpt lat="30.20707958377897739410400390625" lon="120.26166203431785106658935546875">
        <ele>5.80000019073486328125</ele>
        <time>2026-08-31T23:38:24.000Z</time>
        <extensions>
          <ns3:TrackPointExtension>
            <ns3:atemp>31.0</ns3:atemp>
            <ns3:hr>176</ns3:hr>
            <ns3:cad>88</ns3:cad>
          </ns3:TrackPointExtension>
        </extensions>
      </trkpt>
      <trkpt lat="30.20707991905510425567626953125" lon="120.26169187389314174652099609375">
        <ele>5.80000019073486328125</ele>
        <time>2026-08-31T23:38:25.000Z</time>
        <extensions>
          <ns3:TrackPointExtension>
            <ns3:atemp>31.0</ns3:atemp>
            <ns3:hr>176</ns3:hr>
            <ns3:cad>89</ns3:cad>
          </ns3:TrackPointExtension>
        </extensions>
      </trkpt>
      <trkpt lat="30.20707824267446994781494140625" lon="120.26172657497227191925048828125">
        <ele>5.80000019073486328125</ele>
        <time>2026-08-31T23:38:26.000Z</time>
        <extensions>
          <ns3:TrackPointExtension>
            <ns3:atemp>31.0</ns3:atemp>
            <ns3:hr>176</ns3:hr>
            <ns3:cad>89</ns3:cad>
          </ns3:TrackPointExtension>
        </extensions>
      </trkpt>
      <trkpt lat="30.2070800028741359710693359375" lon="120.26175272651016712188720703125">
        <ele>6</ele>
        <time>2026-08-31T23:38:27.000Z</time>
        <extensions>
          <ns3:TrackPointExtension>
            <ns3:atemp>31.0</ns3:atemp>
            <ns3:hr>175</ns3:hr>
            <ns3:cad>88</ns3:cad>
          </ns3:TrackPointExtension>
        </extensions>
      </trkpt>
      <trkpt lat="30.2070816792547702789306640625" lon="120.26179212145507335662841796875">
        <ele>6</ele>
        <time>2026-08-31T23:38:28.000Z</time>
        <extensions>
          <ns3:TrackPointExtension>
            <ns3:atemp>31.0</ns3:atemp>
            <ns3:hr>176</ns3:hr>
            <ns3:cad>88</ns3:cad>
          </ns3:TrackPointExtension>
        </extensions>
      </trkpt>
      <trkpt lat="30.20708645693957805633544921875" lon="120.26182279922068119049072265625">
        <ele>6</ele>
        <time>2026-08-31T23:38:29.000Z</time>
        <extensions>
          <ns3:TrackPointExtension>
            <ns3:atemp>31.0</ns3:atemp>
            <ns3:hr>176</ns3:hr>
            <ns3:cad>88</ns3:cad>
          </ns3:TrackPointExtension>
        </extensions>
      </trkpt>
      <trkpt lat="30.20708545111119747161865234375" lon="120.2618631161749362945556640625">
        <ele>6</ele>
        <time>2026-08-31T23:38:30.000Z</time>
        <extensions>
          <ns3:TrackPointExtension>
            <ns3:atemp>31.0</ns3:atemp>
            <ns3:hr>176</ns3:hr>
            <ns3:cad>89</ns3:cad>
          </ns3:TrackPointExtension>
        </extensions>
      </trkpt>
      <trkpt lat="30.207088552415370941162109375" lon="120.26189111173152923583984375">
        <ele>6</ele>
        <time>2026-08-31T23:38:31.000Z</time>
        <extensions>
          <ns3:TrackPointExtension>
            <ns3:atemp>31.0</ns3:atemp>
            <ns3:hr>176</ns3:hr>
            <ns3:cad>89</ns3:cad>
          </ns3:TrackPointExtension>
        </extensions>
      </trkpt>
      <trkpt lat="30.2070887200534343719482421875" lon="120.26192841120064258575439453125">
        <ele>6</ele>
        <time>2026-08-31T23:38:32.000Z</time>
        <extensions>
          <ns3:TrackPointExtension>
            <ns3:atemp>31.0</ns3:atemp>
            <ns3:hr>176</ns3:hr>
            <ns3:cad>90</ns3:cad>
          </ns3:TrackPointExtension>
        </extensions>
      </trkpt>
      <trkpt lat="30.2070915699005126953125" lon="120.261951796710491180419921875">
        <ele>6</ele>
        <time>2026-08-31T23:38:33.000Z</time>
        <extensions>
          <ns3:TrackPointExtension>
            <ns3:atemp>31.0</ns3:atemp>
            <ns3:hr>177</ns3:hr>
            <ns3:cad>91</ns3:cad>
          </ns3:TrackPointExtension>
        </extensions>
      </trkpt>
      <trkpt lat="30.20708620548248291015625" lon="120.26198406703770160675048828125">
        <ele>6</ele>
        <time>2026-08-31T23:38:34.000Z</time>
        <extensions>
          <ns3:TrackPointExtension>
            <ns3:atemp>31.0</ns3:atemp>
            <ns3:hr>177</ns3:hr>
            <ns3:cad>89</ns3:cad>
          </ns3:TrackPointExtension>
        </extensions>
      </trkpt>
      <trkpt lat="30.207083187997341156005859375" lon="120.26200803928077220916748046875">
        <ele>6</ele>
        <time>2026-08-31T23:38:35.000Z</time>
        <extensions>
          <ns3:TrackPointExtension>
            <ns3:atemp>31.0</ns3:atemp>
            <ns3:hr>177</ns3:hr>
            <ns3:cad>89</ns3:cad>
          </ns3:TrackPointExtension>
        </extensions>
      </trkpt>
      <trkpt lat="30.2070793323218822479248046875" lon="120.262045003473758697509765625">
        <ele>6</ele>
        <time>2026-08-31T23:38:36.000Z</time>
        <extensions>
          <ns3:TrackPointExtension>
            <ns3:atemp>31.0</ns3:atemp>
            <ns3:hr>176</ns3:hr>
            <ns3:cad>88</ns3:cad>
          </ns3:TrackPointExtension>
        </extensions>
      </trkpt>
      <trkpt lat="30.20707656629383563995361328125" lon="120.26207492686808109283447265625">
        <ele>6</ele>
        <time>2026-08-31T23:38:37.000Z</time>
        <extensions>
          <ns3:TrackPointExtension>
            <ns3:atemp>31.0</ns3:atemp>
            <ns3:hr>177</ns3:hr>
            <ns3:cad>88</ns3:cad>
          </ns3:TrackPointExtension>
        </extensions>
      </trkpt>
      <trkpt lat="30.20707321353256702423095703125" lon="120.26211096905171871185302734375">
        <ele>5.80000019073486328125</ele>
        <time>2026-08-31T23:38:38.000Z</time>
        <extensions>
          <ns3:TrackPointExtension>
            <ns3:atemp>31.0</ns3:atemp>
            <ns3:hr>177</ns3:hr>
            <ns3:cad>88</ns3:cad>
          </ns3:TrackPointExtension>
        </extensions>
      </trkpt>
      <trkpt lat="30.207071788609027862548828125" lon="120.26214483194053173065185546875">
        <ele>5.80000019073486328125</ele>
        <time>2026-08-31T23:38:39.000Z</time>
        <extensions>
          <ns3:TrackPointExtension>
            <ns3:atemp>31.0</ns3:atemp>
            <ns3:hr>177</ns3:hr>
            <ns3:cad>89</ns3:cad>
          </ns3:TrackPointExtension>
        </extensions>
      </trkpt>
      <trkpt lat="30.20707002840936183929443359375" lon="120.26218238286674022674560546875">
        <ele>5.80000019073486328125</ele>
        <time>2026-08-31T23:38:40.000Z</time>
        <extensions>
          <ns3:TrackPointExtension>
            <ns3:atemp>31.0</ns3:atemp>
            <ns3:hr>177</ns3:hr>
            <ns3:cad>89</ns3:cad>
          </ns3:TrackPointExtension>
        </extensions>
      </trkpt>
      <trkpt lat="30.2070652507245540618896484375" lon="120.26220970787107944488525390625">
        <ele>5.80000019073486328125</ele>
        <time>2026-08-31T23:38:41.000Z</time>
        <extensions>
          <ns3:TrackPointExtension>
            <ns3:atemp>31.0</ns3:atemp>
            <ns3:hr>177</ns3:hr>
            <ns3:cad>89</ns3:cad>
          </ns3:TrackPointExtension>
        </extensions>
      </trkpt>
      <trkpt lat="30.2070605568587779998779296875" lon="120.26224876753985881805419921875">
        <ele>5.80000019073486328125</ele>
        <time>2026-08-31T23:38:42.000Z</time>
        <extensions>
          <ns3:TrackPointExtension>
            <ns3:atemp>31.0</ns3:atemp>
            <ns3:hr>178</ns3:hr>
            <ns3:cad>88</ns3:cad>
          </ns3:TrackPointExtension>
        </extensions>
      </trkpt>
      <trkpt lat="30.2070555277168750762939453125" lon="120.26227860711514949798583984375">
        <ele>5.80000019073486328125</ele>
        <time>2026-08-31T23:38:43.000Z</time>
        <extensions>
          <ns3:TrackPointExtension>
            <ns3:atemp>31.0</ns3:atemp>
            <ns3:hr>178</ns3:hr>
            <ns3:cad>88</ns3:cad>
          </ns3:TrackPointExtension>
        </extensions>
      </trkpt>
      <trkpt lat="30.2070541866123676300048828125" lon="120.26231649331748485565185546875">
        <ele>5.80000019073486328125</ele>
        <time>2026-08-31T23:38:44.000Z</time>
        <extensions>
          <ns3:TrackPointExtension>
            <ns3:atemp>31.0</ns3:atemp>
            <ns3:hr>178</ns3:hr>
            <ns3:cad>89</ns3:cad>
          </ns3:TrackPointExtension>
        </extensions>
      </trkpt>
      <trkpt lat="30.207054354250431060791015625" lon="120.26234432123601436614990234375">
        <ele>5.80000019073486328125</ele>
        <time>2026-08-31T23:38:45.000Z</time>
        <extensions>
          <ns3:TrackPointExtension>
            <ns3:atemp>31.0</ns3:atemp>
            <ns3:hr>178</ns3:hr>
            <ns3:cad>89</ns3:cad>
          </ns3:TrackPointExtension>
        </extensions>
      </trkpt>
      <trkpt lat="30.20704924128949642181396484375" lon="120.26237416081130504608154296875">
        <ele>5.80000019073486328125</ele>
        <time>2026-08-31T23:38:46.000Z</time>
        <extensions>
          <ns3:TrackPointExtension>
            <ns3:atemp>31.0</ns3:atemp>
            <ns3:hr>178</ns3:hr>
            <ns3:cad>90</ns3:cad>
          </ns3:TrackPointExtension>
        </extensions>
      </trkpt>
      <trkpt lat="30.2070461399853229522705078125" lon="120.2624055929481983184814453125">
        <ele>5.80000019073486328125</ele>
        <time>2026-08-31T23:38:47.000Z</time>
        <extensions>
          <ns3:TrackPointExtension>
            <ns3:atemp>31.0</ns3:atemp>
            <ns3:hr>179</ns3:hr>
            <ns3:cad>90</ns3:cad>
          </ns3:TrackPointExtension>
        </extensions>
      </trkpt>
      <trkpt lat="30.20704069174826145172119140625" lon="120.262443311512470245361328125">
        <ele>5.599999904632568359375</ele>
        <time>2026-08-31T23:38:48.000Z</time>
        <extensions>
          <ns3:TrackPointExtension>
            <ns3:atemp>31.0</ns3:atemp>
            <ns3:hr>179</ns3:hr>
            <ns3:cad>90</ns3:cad>
          </ns3:TrackPointExtension>
        </extensions>
      </trkpt>
      <trkpt lat="30.20703448913991451263427734375" lon="120.2624738216400146484375">
        <ele>5.599999904632568359375</ele>
        <time>2026-08-31T23:38:49.000Z</time>
        <extensions>
          <ns3:TrackPointExtension>
            <ns3:atemp>31.0</ns3:atemp>
            <ns3:hr>179</ns3:hr>
            <ns3:cad>90</ns3:cad>
          </ns3:TrackPointExtension>
        </extensions>
      </trkpt>
      <trkpt lat="30.207029879093170166015625" lon="120.26250441558659076690673828125">
        <ele>5.599999904632568359375</ele>
        <time>2026-08-31T23:38:50.000Z</time>
        <extensions>
          <ns3:TrackPointExtension>
            <ns3:atemp>31.0</ns3:atemp>
            <ns3:hr>179</ns3:hr>
            <ns3:cad>90</ns3:cad>
          </ns3:TrackPointExtension>
        </extensions>
      </trkpt>
      <trkpt lat="30.2070258557796478271484375" lon="120.26253559626638889312744140625">
        <ele>5.599999904632568359375</ele>
        <time>2026-08-31T23:38:51.000Z</time>
        <extensions>
          <ns3:TrackPointExtension>
            <ns3:atemp>31.0</ns3:atemp>
            <ns3:hr>179</ns3:hr>
            <ns3:cad>89</ns3:cad>
          </ns3:TrackPointExtension>
        </extensions>
      </trkpt>
      <trkpt lat="30.20702426321804523468017578125" lon="120.26256862096488475799560546875">
        <ele>5.599999904632568359375</ele>
        <time>2026-08-31T23:38:52.000Z</time>
        <extensions>
          <ns3:TrackPointExtension>
            <ns3:atemp>31.0</ns3:atemp>
            <ns3:hr>178</ns3:hr>
            <ns3:cad>89</ns3:cad>
          </ns3:TrackPointExtension>
        </extensions>
      </trkpt>
      <trkpt lat="30.20701990462839603424072265625" lon="120.26260382495820522308349609375">
        <ele>5.599999904632568359375</ele>
        <time>2026-08-31T23:38:53.000Z</time>
        <extensions>
          <ns3:TrackPointExtension>
            <ns3:atemp>31.0</ns3:atemp>
            <ns3:hr>179</ns3:hr>
            <ns3:cad>89</ns3:cad>
          </ns3:TrackPointExtension>
        </extensions>
      </trkpt>
      <trkpt lat="30.2070243470370769500732421875" lon="120.262633077800273895263671875">
        <ele>5.599999904632568359375</ele>
        <time>2026-08-31T23:38:54.000Z</time>
        <extensions>
          <ns3:TrackPointExtension>
            <ns3:atemp>31.0</ns3:atemp>
            <ns3:hr>179</ns3:hr>
            <ns3:cad>89</ns3:cad>
          </ns3:TrackPointExtension>
        </extensions>
      </trkpt>
      <trkpt lat="30.2070307172834873199462890625" lon="120.2626655995845794677734375">
        <ele>5.599999904632568359375</ele>
        <time>2026-08-31T23:38:55.000Z</time>
        <extensions>
          <ns3:TrackPointExtension>
            <ns3:atemp>31.0</ns3:atemp>
            <ns3:hr>179</ns3:hr>
            <ns3:cad>89</ns3:cad>
          </ns3:TrackPointExtension>
        </extensions>
      </trkpt>
      <trkpt lat="30.2070437930524349212646484375" lon="120.26269250549376010894775390625">
        <ele>5.599999904632568359375</ele>
        <time>2026-08-31T23:38:56.000Z</time>
        <extensions>
          <ns3:TrackPointExtension>
            <ns3:atemp>31.0</ns3:atemp>
            <ns3:hr>178</ns3:hr>
            <ns3:cad>89</ns3:cad>
          </ns3:TrackPointExtension>
        </extensions>
      </trkpt>
      <trkpt lat="30.20705091767013072967529296875" lon="120.262712873518466949462890625">
        <ele>5.599999904632568359375</ele>
        <time>2026-08-31T23:38:57.000Z</time>
        <extensions>
          <ns3:TrackPointExtension>
            <ns3:atemp>31.0</ns3:atemp>
            <ns3:hr>178</ns3:hr>
            <ns3:cad>89</ns3:cad>
          </ns3:TrackPointExtension>
        </extensions>
      </trkpt>
      <trkpt lat="30.2070575393736362457275390625" lon="120.2627294696867465972900390625">
        <ele>5.599999904632568359375</ele>
        <time>2026-08-31T23:38:58.000Z</time>
        <extensions>
          <ns3:TrackPointExtension>
            <ns3:atemp>31.0</ns3:atemp>
            <ns3:hr>178</ns3:hr>
            <ns3:cad>89</ns3:cad>
          </ns3:TrackPointExtension>
        </extensions>
      </trkpt>
      <trkpt lat="30.2070555277168750762939453125" lon="120.262744389474391937255859375">
        <ele>5.400000095367431640625</ele>
        <time>2026-08-31T23:38:59.000Z</time>
        <extensions>
          <ns3:TrackPointExtension>
            <ns3:atemp>31.0</ns3:atemp>
            <ns3:hr>178</ns3:hr>
            <ns3:cad>89</ns3:cad>
          </ns3:TrackPointExtension>
        </extensions>
      </trkpt>
      <trkpt lat="30.20706198178231716156005859375" lon="120.26275612413883209228515625">
        <ele>5.400000095367431640625</ele>
        <time>2026-08-31T23:39:00.000Z</time>
        <extensions>
          <ns3:TrackPointExtension>
            <ns3:atemp>31.0</ns3:atemp>
            <ns3:hr>178</ns3:hr>
            <ns3:cad>89</ns3:cad>
          </ns3:TrackPointExtension>
        </extensions>
      </trkpt>
      <trkpt lat="30.2070634067058563232421875" lon="120.262769199907779693603515625">
        <ele>5.19999980926513671875</ele>
        <time>2026-08-31T23:39:01.000Z</time>
        <extensions>
          <ns3:TrackPointExtension>
            <ns3:atemp>31.0</ns3:atemp>
            <ns3:hr>178</ns3:hr>
            <ns3:cad>89</ns3:cad>
          </ns3:TrackPointExtension>
        </extensions>
      </trkpt>
      <trkpt lat="30.20706499926745891571044921875" lon="120.26278587989509105682373046875">
        <ele>5.19999980926513671875</ele>
        <time>2026-08-31T23:39:02.000Z</time>
        <extensions>
          <ns3:TrackPointExtension>
            <ns3:atemp>31.0</ns3:atemp>
            <ns3:hr>178</ns3:hr>
            <ns3:cad>62</ns3:cad>
          </ns3:TrackPointExtension>
        </extensions>
      </trkpt>
      <trkpt lat="30.20706919021904468536376953125" lon="120.262801386415958404541015625">
        <ele>5.19999980926513671875</ele>
        <time>2026-08-31T23:39:03.000Z</time>
        <extensions>
          <ns3:TrackPointExtension>
            <ns3:atemp>31.0</ns3:atemp>
            <ns3:hr>178</ns3:hr>
            <ns3:cad>62</ns3:cad>
          </ns3:TrackPointExtension>
        </extensions>
      </trkpt>
      <trkpt lat="30.2070686034858226776123046875" lon="120.26281991042196750640869140625">
        <ele>5.400000095367431640625</ele>
        <time>2026-08-31T23:39:04.000Z</time>
        <extensions>
          <ns3:TrackPointExtension>
            <ns3:atemp>31.0</ns3:atemp>
            <ns3:hr>178</ns3:hr>
            <ns3:cad>62</ns3:cad>
          </ns3:TrackPointExtension>
        </extensions>
      </trkpt>
      <trkpt lat="30.2070726267993450164794921875" lon="120.2628401108086109161376953125">
        <ele>5.400000095367431640625</ele>
        <time>2026-08-31T23:39:05.000Z</time>
        <extensions>
          <ns3:TrackPointExtension>
            <ns3:atemp>31.0</ns3:atemp>
            <ns3:hr>178</ns3:hr>
            <ns3:cad>62</ns3:cad>
          </ns3:TrackPointExtension>
        </extensions>
      </trkpt>
      <trkpt lat="30.20708419382572174072265625" lon="120.2628602273762226104736328125">
        <ele>5.400000095367431640625</ele>
        <time>2026-08-31T23:39:06.000Z</time>
        <extensions>
          <ns3:TrackPointExtension>
            <ns3:atemp>31.0</ns3:atemp>
            <ns3:hr>178</ns3:hr>
            <ns3:cad>62</ns3:cad>
          </ns3:TrackPointExtension>
        </extensions>
      </trkpt>
      <trkpt lat="30.20708897151052951812744140625" lon="120.2628806792199611663818359375">
        <ele>5.400000095367431640625</ele>
        <time>2026-08-31T23:39:07.000Z</time>
        <extensions>
          <ns3:TrackPointExtension>
            <ns3:atemp>31.0</ns3:atemp>
            <ns3:hr>178</ns3:hr>
            <ns3:cad>62</ns3:cad>
          </ns3:TrackPointExtension>
        </extensions>
      </trkpt>
      <trkpt lat="30.20709450356662273406982421875" lon="120.2629011310636997222900390625">
        <ele>5.19999980926513671875</ele>
        <time>2026-08-31T23:39:08.000Z</time>
        <extensions>
          <ns3:TrackPointExtension>
            <ns3:atemp>31.0</ns3:atemp>
            <ns3:hr>179</ns3:hr>
            <ns3:cad>62</ns3:cad>
          </ns3:TrackPointExtension>
        </extensions>
      </trkpt>
      <trkpt lat="30.20709316246211528778076171875" lon="120.2629182301461696624755859375">
        <ele>5.19999980926513671875</ele>
        <time>2026-08-31T23:39:09.000Z</time>
        <extensions>
          <ns3:TrackPointExtension>
            <ns3:atemp>31.0</ns3:atemp>
            <ns3:hr>180</ns3:hr>
            <ns3:cad>62</ns3:cad>
          </ns3:TrackPointExtension>
        </extensions>
      </trkpt>
      <trkpt lat="30.20709366537630558013916015625" lon="120.26293323375284671783447265625">
        <ele>5.19999980926513671875</ele>
        <time>2026-08-31T23:39:10.000Z</time>
        <extensions>
          <ns3:TrackPointExtension>
            <ns3:atemp>31.0</ns3:atemp>
            <ns3:hr>180</ns3:hr>
            <ns3:cad>61</ns3:cad>
          </ns3:TrackPointExtension>
        </extensions>
      </trkpt>
      <trkpt lat="30.2070937491953372955322265625" lon="120.26294949464499950408935546875">
        <ele>5.19999980926513671875</ele>
        <time>2026-08-31T23:39:11.000Z</time>
        <extensions>
          <ns3:TrackPointExtension>
            <ns3:atemp>31.0</ns3:atemp>
            <ns3:hr>180</ns3:hr>
            <ns3:cad>61</ns3:cad>
          </ns3:TrackPointExtension>
        </extensions>
      </trkpt>
      <trkpt lat="30.20709366537630558013916015625" lon="120.2629671804606914520263671875">
        <ele>5.400000095367431640625</ele>
        <time>2026-08-31T23:39:12.000Z</time>
        <extensions>
          <ns3:TrackPointExtension>
            <ns3:atemp>31.0</ns3:atemp>
            <ns3:hr>180</ns3:hr>
            <ns3:cad>60</ns3:cad>
          </ns3:TrackPointExtension>
        </extensions>
      </trkpt>
      <trkpt lat="30.20709584467113018035888671875" lon="120.26298386044800281524658203125">
        <ele>5.400000095367431640625</ele>
        <time>2026-08-31T23:39:13.000Z</time>
        <extensions>
          <ns3:TrackPointExtension>
            <ns3:atemp>31.0</ns3:atemp>
            <ns3:hr>180</ns3:hr>
            <ns3:cad>60</ns3:cad>
          </ns3:TrackPointExtension>
        </extensions>
      </trkpt>
      <trkpt lat="30.20709601230919361114501953125" lon="120.2630003727972507476806640625">
        <ele>5.400000095367431640625</ele>
        <time>2026-08-31T23:39:14.000Z</time>
        <extensions>
          <ns3:TrackPointExtension>
            <ns3:atemp>31.0</ns3:atemp>
            <ns3:hr>179</ns3:hr>
            <ns3:cad>60</ns3:cad>
          </ns3:TrackPointExtension>
        </extensions>
      </trkpt>
      <trkpt lat="30.2070981077849864959716796875" lon="120.26301420293748378753662109375">
        <ele>5.400000095367431640625</ele>
        <time>2026-08-31T23:39:15.000Z</time>
        <extensions>
          <ns3:TrackPointExtension>
            <ns3:atemp>31.0</ns3:atemp>
            <ns3:hr>178</ns3:hr>
            <ns3:cad>61</ns3:cad>
          </ns3:TrackPointExtension>
        </extensions>
      </trkpt>
      <trkpt lat="30.207099951803684234619140625" lon="120.2630330622196197509765625">
        <ele>5.400000095367431640625</ele>
        <time>2026-08-31T23:39:16.000Z</time>
        <extensions>
          <ns3:TrackPointExtension>
            <ns3:atemp>31.0</ns3:atemp>
            <ns3:hr>178</ns3:hr>
            <ns3:cad>62</ns3:cad>
          </ns3:TrackPointExtension>
        </extensions>
      </trkpt>
      <trkpt lat="30.20709970034658908843994140625" lon="120.26305108331143856048583984375">
        <ele>5.400000095367431640625</ele>
        <time>2026-08-31T23:39:17.000Z</time>
        <extensions>
          <ns3:TrackPointExtension>
            <ns3:atemp>31.0</ns3:atemp>
            <ns3:hr>177</ns3:hr>
            <ns3:cad>62</ns3:cad>
          </ns3:TrackPointExtension>
        </extensions>
      </trkpt>
      <trkpt lat="30.2070981077849864959716796875" lon="120.26306684128940105438232421875">
        <ele>5.400000095367431640625</ele>
        <time>2026-08-31T23:39:18.000Z</time>
        <extensions>
          <ns3:TrackPointExtension>
            <ns3:atemp>31.0</ns3:atemp>
            <ns3:hr>175</ns3:hr>
            <ns3:cad>62</ns3:cad>
          </ns3:TrackPointExtension>
        </extensions>
      </trkpt>
      <trkpt lat="30.20709760487079620361328125" lon="120.26308125816285610198974609375">
        <ele>5.400000095367431640625</ele>
        <time>2026-08-31T23:39:19.000Z</time>
        <extensions>
          <ns3:TrackPointExtension>
            <ns3:atemp>31.0</ns3:atemp>
            <ns3:hr>173</ns3:hr>
            <ns3:cad>62</ns3:cad>
          </ns3:TrackPointExtension>
        </extensions>
      </trkpt>
      <trkpt lat="30.20709693431854248046875" lon="120.26309634558856487274169921875">
        <ele>5.400000095367431640625</ele>
        <time>2026-08-31T23:39:20.000Z</time>
        <extensions>
          <ns3:TrackPointExtension>
            <ns3:atemp>31.0</ns3:atemp>
            <ns3:hr>171</ns3:hr>
            <ns3:cad>61</ns3:cad>
          </ns3:TrackPointExtension>
        </extensions>
      </trkpt>
      <trkpt lat="30.2070960961282253265380859375" lon="120.26311109773814678192138671875">
        <ele>5.400000095367431640625</ele>
        <time>2026-08-31T23:39:21.000Z</time>
        <extensions>
          <ns3:TrackPointExtension>
            <ns3:atemp>31.0</ns3:atemp>
            <ns3:hr>171</ns3:hr>
            <ns3:cad>61</ns3:cad>
          </ns3:TrackPointExtension>
        </extensions>
      </trkpt>
      <trkpt lat="30.2070940844714641571044921875" lon="120.2631307952105998992919921875">
        <ele>5.400000095367431640625</ele>
        <time>2026-08-31T23:39:22.000Z</time>
        <extensions>
          <ns3:TrackPointExtension>
            <ns3:atemp>31.0</ns3:atemp>
            <ns3:hr>170</ns3:hr>
            <ns3:cad>60</ns3:cad>
          </ns3:TrackPointExtension>
        </extensions>
      </trkpt>
      <trkpt lat="30.20709165371954441070556640625" lon="120.26315149851143360137939453125">
        <ele>5.19999980926513671875</ele>
        <time>2026-08-31T23:39:23.000Z</time>
        <extensions>
          <ns3:TrackPointExtension>
            <ns3:atemp>31.0</ns3:atemp>
            <ns3:hr>170</ns3:hr>
            <ns3:cad>59</ns3:cad>
          </ns3:TrackPointExtension>
        </extensions>
      </trkpt>
      <trkpt lat="30.20708830095827579498291015625" lon="120.26316792704164981842041015625">
        <ele>5.19999980926513671875</ele>
        <time>2026-08-31T23:39:24.000Z</time>
        <extensions>
          <ns3:TrackPointExtension>
            <ns3:atemp>31.0</ns3:atemp>
            <ns3:hr>169</ns3:hr>
            <ns3:cad>59</ns3:cad>
          </ns3:TrackPointExtension>
        </extensions>
      </trkpt>
      <trkpt lat="30.20708813332021236419677734375" lon="120.26318184100091457366943359375">
        <ele>5.19999980926513671875</ele>
        <time>2026-08-31T23:39:25.000Z</time>
        <extensions>
          <ns3:TrackPointExtension>
            <ns3:atemp>31.0</ns3:atemp>
            <ns3:hr>169</ns3:hr>
            <ns3:cad>59</ns3:cad>
          </ns3:TrackPointExtension>
        </extensions>
      </trkpt>
      <trkpt lat="30.20708360709249973297119140625" lon="120.263195000588893890380859375">
        <ele>5.19999980926513671875</ele>
        <time>2026-08-31T23:39:26.000Z</time>
        <extensions>
          <ns3:TrackPointExtension>
            <ns3:atemp>31.0</ns3:atemp>
            <ns3:hr>168</ns3:hr>
            <ns3:cad>62</ns3:cad>
          </ns3:TrackPointExtension>
        </extensions>
      </trkpt>
      <trkpt lat="30.2070779912173748016357421875" lon="120.263209752738475799560546875">
        <ele>5.400000095367431640625</ele>
        <time>2026-08-31T23:39:27.000Z</time>
        <extensions>
          <ns3:TrackPointExtension>
            <ns3:atemp>31.0</ns3:atemp>
            <ns3:hr>168</ns3:hr>
            <ns3:cad>62</ns3:cad>
          </ns3:TrackPointExtension>
        </extensions>
      </trkpt>
      <trkpt lat="30.2070732973515987396240234375" lon="120.26322660036385059356689453125">
        <ele>5.400000095367431640625</ele>
        <time>2026-08-31T23:39:28.000Z</time>
        <extensions>
          <ns3:TrackPointExtension>
            <ns3:atemp>31.0</ns3:atemp>
            <ns3:hr>167</ns3:hr>
            <ns3:cad>62</ns3:cad>
          </ns3:TrackPointExtension>
        </extensions>
      </trkpt>
      <trkpt lat="30.207069106400012969970703125" lon="120.2632394246757030487060546875">
        <ele>5.400000095367431640625</ele>
        <time>2026-08-31T23:39:29.000Z</time>
        <extensions>
          <ns3:TrackPointExtension>
            <ns3:atemp>31.0</ns3:atemp>
            <ns3:hr>167</ns3:hr>
            <ns3:cad>61</ns3:cad>
          </ns3:TrackPointExtension>
        </extensions>
      </trkpt>
      <trkpt lat="30.207070447504520416259765625" lon="120.263251326978206634521484375">
        <ele>5.400000095367431640625</ele>
        <time>2026-08-31T23:39:30.000Z</time>
        <extensions>
          <ns3:TrackPointExtension>
            <ns3:atemp>31.0</ns3:atemp>
            <ns3:hr>167</ns3:hr>
            <ns3:cad>60</ns3:cad>
          </ns3:TrackPointExtension>
        </extensions>
      </trkpt>
      <trkpt lat="30.207073129713535308837890625" lon="120.26326381601393222808837890625">
        <ele>5.400000095367431640625</ele>
        <time>2026-08-31T23:39:31.000Z</time>
        <extensions>
          <ns3:TrackPointExtension>
            <ns3:atemp>31.0</ns3:atemp>
            <ns3:hr>166</ns3:hr>
            <ns3:cad>60</ns3:cad>
          </ns3:TrackPointExtension>
        </extensions>
      </trkpt>
      <trkpt lat="30.2070803381502628326416015625" lon="120.26326700113713741302490234375">
        <ele>5.400000095367431640625</ele>
        <time>2026-08-31T23:39:32.000Z</time>
        <extensions>
          <ns3:TrackPointExtension>
            <ns3:atemp>31.0</ns3:atemp>
            <ns3:hr>166</ns3:hr>
            <ns3:cad>60</ns3:cad>
          </ns3:TrackPointExtension>
        </extensions>
      </trkpt>
      <trkpt lat="30.2070900611579418182373046875" lon="120.26326566003262996673583984375">
        <ele>5.400000095367431640625</ele>
        <time>2026-08-31T23:39:33.000Z</time>
        <extensions>
          <ns3:TrackPointExtension>
            <ns3:atemp>31.0</ns3:atemp>
            <ns3:hr>166</ns3:hr>
            <ns3:cad>60</ns3:cad>
          </ns3:TrackPointExtension>
        </extensions>
      </trkpt>
      <trkpt lat="30.2071017958223819732666015625" lon="120.2632649056613445281982421875">
        <ele>5.400000095367431640625</ele>
        <time>2026-08-31T23:39:34.000Z</time>
        <extensions>
          <ns3:TrackPointExtension>
            <ns3:atemp>31.0</ns3:atemp>
            <ns3:hr>165</ns3:hr>
            <ns3:cad>60</ns3:cad>
          </ns3:TrackPointExtension>
        </extensions>
      </trkpt>
      <trkpt lat="30.20711830817162990570068359375" lon="120.26326733641326427459716796875">
        <ele>5.599999904632568359375</ele>
        <time>2026-08-31T23:39:35.000Z</time>
        <extensions>
          <ns3:TrackPointExtension>
            <ns3:atemp>31.0</ns3:atemp>
            <ns3:hr>164</ns3:hr>
            <ns3:cad>60</ns3:cad>
          </ns3:TrackPointExtension>
        </extensions>
      </trkpt>
      <trkpt lat="30.2071346528828144073486328125" lon="120.26326968334615230560302734375">
        <ele>5.80000019073486328125</ele>
        <time>2026-08-31T23:39:36.000Z</time>
        <extensions>
          <ns3:TrackPointExtension>
            <ns3:atemp>31.0</ns3:atemp>
            <ns3:hr>163</ns3:hr>
            <ns3:cad>60</ns3:cad>
          </ns3:TrackPointExtension>
        </extensions>
      </trkpt>
      <trkpt lat="30.2071497403085231781005859375" lon="120.26328041218221187591552734375">
        <ele>5.80000019073486328125</ele>
        <time>2026-08-31T23:39:37.000Z</time>
        <extensions>
          <ns3:TrackPointExtension>
            <ns3:atemp>31.0</ns3:atemp>
            <ns3:hr>162</ns3:hr>
            <ns3:cad>60</ns3:cad>
          </ns3:TrackPointExtension>
        </extensions>
      </trkpt>
      <trkpt lat="30.2071735449135303497314453125" lon="120.26329298503696918487548828125">
        <ele>5.80000019073486328125</ele>
        <time>2026-08-31T23:39:38.000Z</time>
        <extensions>
          <ns3:TrackPointExtension>
            <ns3:atemp>31.0</ns3:atemp>
            <ns3:hr>161</ns3:hr>
            <ns3:cad>80</ns3:cad>
          </ns3:TrackPointExtension>
        </extensions>
      </trkpt>
      <trkpt lat="30.207197181880474090576171875" lon="120.26330455206334590911865234375">
        <ele>6</ele>
        <time>2026-08-31T23:39:39.000Z</time>
        <extensions>
          <ns3:TrackPointExtension>
            <ns3:atemp>31.0</ns3:atemp>
            <ns3:hr>161</ns3:hr>
            <ns3:cad>80</ns3:cad>
          </ns3:TrackPointExtension>
        </extensions>
      </trkpt>
      <trkpt lat="30.20722090266644954681396484375" lon="120.26331259869039058685302734375">
        <ele>6</ele>
        <time>2026-08-31T23:39:40.000Z</time>
        <extensions>
          <ns3:TrackPointExtension>
            <ns3:atemp>31.0</ns3:atemp>
            <ns3:hr>160</ns3:hr>
            <ns3:cad>80</ns3:cad>
          </ns3:TrackPointExtension>
        </extensions>
      </trkpt>
      <trkpt lat="30.20724437199532985687255859375" lon="120.2633205614984035491943359375">
        <ele>6</ele>
        <time>2026-08-31T23:39:41.000Z</time>
        <extensions>
          <ns3:TrackPointExtension>
            <ns3:atemp>31.0</ns3:atemp>
            <ns3:hr>160</ns3:hr>
            <ns3:cad>80</ns3:cad>
          </ns3:TrackPointExtension>
        </extensions>
      </trkpt>
      <trkpt lat="30.2072576992213726043701171875" lon="120.26332181878387928009033203125">
        <ele>6</ele>
        <time>2026-08-31T23:39:42.000Z</time>
        <extensions>
          <ns3:TrackPointExtension>
            <ns3:atemp>31.0</ns3:atemp>
            <ns3:hr>161</ns3:hr>
            <ns3:cad>81</ns3:cad>
          </ns3:TrackPointExtension>
        </extensions>
      </trkpt>
      <trkpt lat="30.20728929899632930755615234375" lon="120.263328440487384796142578125">
        <ele>6</ele>
        <time>2026-08-31T23:39:43.000Z</time>
        <extensions>
          <ns3:TrackPointExtension>
            <ns3:atemp>31.0</ns3:atemp>
            <ns3:hr>161</ns3:hr>
            <ns3:cad>83</ns3:cad>
          </ns3:TrackPointExtension>
        </extensions>
      </trkpt>
      <trkpt lat="30.2073324657976627349853515625" lon="120.26333774439990520477294921875">
        <ele>6</ele>
        <time>2026-08-31T23:39:44.000Z</time>
        <extensions>
          <ns3:TrackPointExtension>
            <ns3:atemp>31.0</ns3:atemp>
            <ns3:hr>161</ns3:hr>
            <ns3:cad>84</ns3:cad>
          </ns3:TrackPointExtension>
        </extensions>
      </trkpt>
      <trkpt lat="30.20735786296427249908447265625" lon="120.263326428830623626708984375">
        <ele>6</ele>
        <time>2026-08-31T23:39:45.000Z</time>
        <extensions>
          <ns3:TrackPointExtension>
            <ns3:atemp>31.0</ns3:atemp>
            <ns3:hr>161</ns3:hr>
            <ns3:cad>84</ns3:cad>
          </ns3:TrackPointExtension>
        </extensions>
      </trkpt>
      <trkpt lat="30.2073901332914829254150390625" lon="120.2633259259164333343505859375">
        <ele>6</ele>
        <time>2026-08-31T23:39:46.000Z</time>
        <extensions>
          <ns3:TrackPointExtension>
            <ns3:atemp>31.0</ns3:atemp>
            <ns3:hr>161</ns3:hr>
            <ns3:cad>84</ns3:cad>
          </ns3:TrackPointExtension>
        </extensions>
      </trkpt>
      <trkpt lat="30.20741620101034641265869140625" lon="120.2633229084312915802001953125">
        <ele>6</ele>
        <time>2026-08-31T23:39:47.000Z</time>
        <extensions>
          <ns3:TrackPointExtension>
            <ns3:atemp>31.0</ns3:atemp>
            <ns3:hr>160</ns3:hr>
            <ns3:cad>85</ns3:cad>
          </ns3:TrackPointExtension>
        </extensions>
      </trkpt>
      <trkpt lat="30.20744168199598789215087890625" lon="120.26332148350775241851806640625">
        <ele>6</ele>
        <time>2026-08-31T23:39:48.000Z</time>
        <extensions>
          <ns3:TrackPointExtension>
            <ns3:atemp>31.0</ns3:atemp>
            <ns3:hr>160</ns3:hr>
            <ns3:cad>86</ns3:cad>
          </ns3:TrackPointExtension>
        </extensions>
      </trkpt>
      <trkpt lat="30.20747118629515171051025390625" lon="120.2633279375731945037841796875">
        <ele>6</ele>
        <time>2026-08-31T23:39:49.000Z</time>
        <extensions>
          <ns3:TrackPointExtension>
            <ns3:atemp>31.0</ns3:atemp>
            <ns3:hr>160</ns3:hr>
            <ns3:cad>86</ns3:cad>
          </ns3:TrackPointExtension>
        </extensions>
      </trkpt>
      <trkpt lat="30.20749649964272975921630859375" lon="120.263329446315765380859375">
        <ele>6</ele>
        <time>2026-08-31T23:39:50.000Z</time>
        <extensions>
          <ns3:TrackPointExtension>
            <ns3:atemp>31.0</ns3:atemp>
            <ns3:hr>161</ns3:hr>
            <ns3:cad>86</ns3:cad>
          </ns3:TrackPointExtension>
        </extensions>
      </trkpt>
      <trkpt lat="30.2075252495706081390380859375" lon="120.26333011686801910400390625">
        <ele>6</ele>
        <time>2026-08-31T23:39:51.000Z</time>
        <extensions>
          <ns3:TrackPointExtension>
            <ns3:atemp>31.0</ns3:atemp>
            <ns3:hr>161</ns3:hr>
            <ns3:cad>86</ns3:cad>
          </ns3:TrackPointExtension>
        </extensions>
      </trkpt>
      <trkpt lat="30.2075446955859661102294921875" lon="120.263328440487384796142578125">
        <ele>6</ele>
        <time>2026-08-31T23:39:52.000Z</time>
        <extensions>
          <ns3:TrackPointExtension>
            <ns3:atemp>31.0</ns3:atemp>
            <ns3:hr>161</ns3:hr>
            <ns3:cad>87</ns3:cad>
          </ns3:TrackPointExtension>
        </extensions>
      </trkpt>
      <trkpt lat="30.20757428370416164398193359375" lon="120.26333338581025600433349609375">
        <ele>6</ele>
        <time>2026-08-31T23:39:53.000Z</time>
        <extensions>
          <ns3:TrackPointExtension>
            <ns3:atemp>31.0</ns3:atemp>
            <ns3:hr>161</ns3:hr>
            <ns3:cad>87</ns3:cad>
          </ns3:TrackPointExtension>
        </extensions>
      </trkpt>
      <trkpt lat="30.20759356208145618438720703125" lon="120.26334143243730068206787109375">
        <ele>6.19999980926513671875</ele>
        <time>2026-08-31T23:39:54.000Z</time>
        <extensions>
          <ns3:TrackPointExtension>
            <ns3:atemp>31.0</ns3:atemp>
            <ns3:hr>161</ns3:hr>
            <ns3:cad>87</ns3:cad>
          </ns3:TrackPointExtension>
        </extensions>
      </trkpt>
      <trkpt lat="30.20760831423103809356689453125" lon="120.26334880851209163665771484375">
        <ele>6.19999980926513671875</ele>
        <time>2026-08-31T23:39:55.000Z</time>
        <extensions>
          <ns3:TrackPointExtension>
            <ns3:atemp>31.0</ns3:atemp>
            <ns3:hr>161</ns3:hr>
            <ns3:cad>87</ns3:cad>
          </ns3:TrackPointExtension>
        </extensions>
      </trkpt>
    </trkseg>
  </trk>
</gpx>
